accA,accB,argmax_agree,astar_sym,bound,cka,delta_10,delta_2,delta_3,delta_4,delta_5,delta_6,delta_7,delta_8,delta_9,dfg,dim,h2,js,kl,kl_rev,lam_max,loss,mcca,n_sel,nclass,proc,psi,renyi_0.5,renyi_1.5,renyi_2.0,renyi_4.0,renyi_inf,rho2,sA,sB,smooth,tv,width
0.7345,0.7604,0.7497,1.0000714827341164,1.3997363917153631,0.7086404466254828,1.6196424557435789e-193,3.6465083358820237e-07,5.017482228640713e-19,9.212897857635656e-44,3.084009726644041e-63,5.616029010078226e-81,2.133182248135585e-111,2.306650757870507e-142,1.5603813275449731e-189,0.17728185102614058,2,0.18996280794794942,0.08029210056377067,0.7953779349813966,0.47668235711634516,1.410824184522109,0.8329854905605316,0.8617470008028726,7497,0,0.14976498411131522,23.44054564441536,0.23884025811452375,7.615002683951845,12.343121397348714,19.879578474530923,26.577094824054836,20.96115883375951,0,10,0.0,0.22178822654128985,0
0.7345,0.7354,0.7254,1.0001942467944258,1.0857506835027029,0.725395002753724,1.0037841703278508e-164,6.340806504202781e-11,5.017482228640713e-19,1.2124193048448646e-48,1.3468885141072027e-62,1.5911959706875293e-81,3.6841056513300097e-82,6.86726678077166e-141,1.1427926488158148e-145,0.14208294258559118,2,0.1783154290759312,0.07629574048081365,0.6385776126472305,0.506265768089404,1.410824184522109,0.845300942659378,0.8770818078310165,7254,0,0.13935140061172246,23.44054564441536,0.2365983267898242,2.9661781686368762,5.278018383653994,9.988158009371533,15.4074477840662,18.40895958297932,0,11,0.0,0.22023279764476,0
0.7345,0.7344,0.7434,1.0002793992881274,0.8074701661223851,0.7735147380882867,2.524699393450874e-140,9.46146248745054e-07,5.017482228640713e-19,1.0209799310464203e-31,1.0114485963141816e-44,2.41915797280624e-59,7.864261048360364e-82,1.864689710640852e-116,2.5507686192414052e-118,0.10519816747192601,2,0.1456658814790647,0.06324646663210244,0.4601544815080724,0.39173409283489075,1.410824184522109,0.8172119557857513,0.9026733440124803,7434,0,0.10951227328248692,23.024842597188684,0.18401074296303954,1.5871084810063119,3.091384039302818,6.764565078264667,11.294425916028024,12.481035493257131,0,12,0.0,0.19435790457071195,0
0.7345,0.7595,0.7624,1.0001793121045213,0.8474868342365715,0.7992449801810845,1.9540349065351614e-140,4.2929462334416815e-09,5.017482228640713e-19,8.534117486179409e-48,2.0854970308517167e-62,8.745550076520123e-82,2.562988069575452e-82,1.3297932447342744e-126,2.221087079871616e-127,0.11025064900642734,2,0.13954869505334144,0.06071160177667957,0.4766807469726436,0.3540511846090235,1.410824184522109,0.7800044119358063,0.8984507625655511,7624,0,0.10393958412250504,23.44054564441536,0.17322170786003857,1.9084574084244366,3.7185844212639423,8.45417060380828,14.007204785299301,14.034400115632925,0,13,0.0,0.18825467083690633,0
0.7345,0.7487,0.7536,1.0001386438457085,0.7894574769327297,0.7989095158619983,1.1494618755022665e-142,2.7839735459857146e-09,5.017482228640713e-19,3.450458336475251e-36,1.0114485963141816e-44,1.327377444138901e-56,1.3870069716230132e-83,1.3959950513242886e-126,1.648730874196638e-131,0.09965827778920011,2,0.13620804557815014,0.059518572276405904,0.42483150891657745,0.3561310475181539,1.410824184522109,0.7829342782497406,0.9063658229993667,7536,0,0.10023691185488515,23.44054564441536,0.169643120589215,1.7905155293938937,3.470236936507217,7.4033751062658,12.578923349535465,13.63791134444665,0,14,0.0,0.1877002022404328,0
0.7345,0.7344,0.7575,1.0000327417629242,0.7635374349027562,0.7824982418869179,2.8664187670308555e-118,2.268598357032808e-06,5.017482228640713e-19,1.0209799310464203e-31,1.1151400947645434e-49,1.7262673851300484e-56,3.3519075769404835e-68,2.1087202960282112e-107,1.308064832569928e-109,0.09743351120848254,2,0.13874324343096894,0.06052804768075921,0.4132906168258331,0.3847991974021371,1.410824184522109,0.8083698749542236,0.9064685376486546,7575,0,0.10533967979371361,23.054027422820546,0.17354560308377717,1.575282172319927,2.865366521909055,5.6917776531314725,9.533875868713857,12.17272912315262,0,15,0.0,0.1916673884278762,0
0.7345,0.7372,0.7471,1.000192865284682,0.6721432594462494,0.7970606001806534,3.580707779257159e-116,1.1647179048645331e-08,5.017482228640713e-19,1.0209799310464203e-31,1.0114485963141816e-44,3.4902967640688483e-56,1.3324364239581646e-62,2.6225174246615307e-104,1.3375105941273069e-104,0.1013446622829488,2,0.14038574843686724,0.061361565090390195,0.38775331219906267,0.39631448329937347,1.410824184522109,0.8032402396202087,0.9055382128903022,7471,0,0.10151967223455305,22.887209829732292,0.17582899401874966,1.1442285052284427,2.1178531154170734,4.960777787282244,9.009778378105164,11.49700183885152,0,16,0.0,0.1943771216841256,0
0.7345,0.7392,0.7146,1.0005681186164996,1.0592530585666136,0.6808101417074273,1.3099383639667896e-145,3.8127673095283806e-09,5.017482228640713e-19,5.4407840645248603e-39,1.6632161914099585e-63,2.25059550649442e-76,1.9390548389886676e-83,3.4356804986275474e-127,3.7676782757324605e-133,0.1557329702875252,2,0.18243497770187472,0.07860624649406234,0.5751756307481938,0.5580063512172908,1.410824184522109,0.8328907191753387,0.8568994746432415,7146,0,0.16617666700819922,23.44054564441536,0.22939159895693687,2.397301581269328,4.536347339897156,9.371061343728183,14.434799149477481,17.56299027154716,0,17,0.0,0.23025584981146266,0
0.7345,0.7373,0.7549,1.0000465443285735,0.8669270768393239,0.7845007377233613,9.58919193615197e-125,1.7636456619718632e-07,5.017482228640713e-19,1.0209799310464203e-31,3.5053665175517955e-53,1.0016645807092038e-60,1.7667283052811178e-76,2.4818593236804855e-105,1.6165266026999556e-109,0.09323944928556949,2,0.13575666301276426,0.05930273200272594,0.3870405814518861,0.38800977753700805,1.410824184522109,0.8108412623405457,0.9090648936934694,7549,0,0.10398237993731496,22.72686143526149,0.16714216296792347,1.2869120696859093,2.4821972717632437,5.493606452634677,9.623841012465954,12.558909202692504,0,18,0.0,0.18840984968906763,0
0.7345,0.7195,0.7336,1.000017702856512,0.6597365362913299,0.7522809409126853,1.4061123230469884e-141,9.526025275538347e-09,5.017482228640713e-19,4.977942110866413e-34,2.3017987625163204e-52,3.9121014929970383e-60,1.8075945883749953e-79,3.624646743738202e-122,6.101090873008903e-128,0.12862978159942318,2,0.15333928867495117,0.06700317016146194,0.42576810628535205,0.4480213002703209,1.410824184522109,0.8308065831661224,0.8837957406738443,7336,0,0.12542694820890254,23.44054564441536,0.18573276654686705,1.6312074763201603,2.9389991691567268,5.90259381138736,9.66669148697257,12.78255661786407,0,19,0.0,0.20680721756201143,0
0.7345,0.7371,0.758,1.000070223222067,0.8694203513484132,0.7245188472465909,7.454372212813925e-142,6.418178907973112e-08,5.017482228640713e-19,1.0209799310464203e-31,3.2523423124039635e-51,2.23219151618957e-57,3.25918723435622e-80,3.091568651930472e-125,2.7779810497624697e-128,0.14030731538249663,2,0.13498001352568295,0.05930554020385966,0.4016880048740198,0.3445151462486881,1.410824184522109,0.8016889095306396,0.8804804703262366,7580,0,0.13802202902001737,23.44054564441536,0.16252280596187715,1.6742647204716627,3.0925323161217535,6.314569154819968,10.424797060972452,14.218142016712395,0,1,0.0,0.192592272658653,0
0.7345,0.7604,0.7568,1.0005456861716755,0.7982490210440899,0.7707976080469486,6.78880054097455e-145,3.461515823262599e-08,5.017482228640713e-19,3.857470632253786e-34,1.0114485963141816e-44,3.4902967640688483e-56,1.7238374013276874e-73,3.410147347483561e-123,5.905562177165703e-134,0.1226279068043511,2,0.13894093421154413,0.060423235310722904,0.4479539775011972,0.3755282459024373,1.410824184522109,0.7876536548137665,0.8933330415181018,7568,0,0.11556882740304308,23.44054564441536,0.17567528790343068,1.8189562551039617,3.4116166463732296,7.049376417077868,11.740840256774426,15.555577811025465,0,20,0.0,0.18999748990902815,0
0.7345,0.7363,0.7556,1.0000291877418832,0.8870787833558593,0.8071238940497708,3.580707779257159e-116,7.380405863363832e-08,5.017482228640713e-19,1.0209799310464203e-31,1.0114485963141816e-44,3.4902967640688483e-56,1.3324364239581646e-62,2.6225174246615307e-104,1.3375105941273069e-104,0.0967994143036861,2,0.1242967700989044,0.054930273907894546,0.32026953831614824,0.3379948598118362,1.410824184522109,0.7975727021694183,0.9068499395900065,7556,0,0.09764960434292258,17.643086820570364,0.14844081998420883,1.1846396023372405,2.606700898862598,5.8982845316005825,10.167720052847265,11.223021799233326,0,21,0.0,0.1817484228973347,0
0.7345,0.7517,0.7498,1.0016285793041324,0.7174755277302965,0.8223139866194387,9.551437967550065e-141,1.3946370820315964e-07,5.017482228640713e-19,5.895015120101066e-41,9.880239419491653e-49,1.386158205324693e-64,3.110264049467969e-84,1.5571188893987186e-119,1.7255435837564742e-123,0.09481831954523301,2,0.14597733439455077,0.06344169051265648,0.443867146515067,0.40302580189525133,1.410824184522109,0.8118899166584015,0.9082803300797604,7498,0,0.09250286220912352,23.44054564441536,0.1855737278534094,1.3441588897635357,2.740680377686335,6.645216424573246,11.860477543079853,11.997247578921767,0,22,0.0,0.19504042258094545,0
0.7345,0.7077,0.672,1.0000082094343294,1.3704894330522879,0.4209272260948163,3.580707779257159e-116,9.668405671349825e-08,5.017482228640713e-19,1.0209799310464203e-31,1.0114485963141816e-44,3.4902967640688483e-56,1.3324364239581646e-62,2.6225174246615307e-104,1.3375105941273069e-104,0.4309083818074957,2,0.2759615965694832,0.11312759360367018,0.8466797459050984,1.3992829481729105,1.410824184522109,0.8103726506233215,0.4653078495237597,6720,0,0.4991977258525949,18.75623827772197,0.3338413614911923,12.18372125706242,15.471342324461078,19.285916874260227,22.609114279693365,32.66414158167025,0,23,0.0,0.27748755552243354,0
0.7345,0.7186,0.722,1.0001923959929897,0.9234537253046875,0.7681150410851957,2.69085772779531e-136,1.9651531244653215e-10,5.017482228640713e-19,2.7227450126640934e-37,3.2337648399907627e-56,1.4864874968405488e-67,3.727893915514359e-79,2.008704341414967e-114,3.346346622879915e-115,0.10732744252895521,2,0.18882950923428893,0.08040238664720051,0.6640497507521549,0.5707089481376081,1.410824184522109,0.8864056766033173,0.896439367151211,7220,0,0.11408173649221764,23.44054564441536,0.2566985408100938,2.2687471018488967,4.460444807419809,9.776207467074187,15.821071315026284,14.654273202690083,0,24,0.0,0.2227111723681252,0
0.7345,0.7492,0.7558,1.000066315225588,0.8486424008083765,0.7910954737455075,2.927021978927055e-151,1.5961786926902599e-09,5.017482228640713e-19,2.683639685027793e-32,4.678279147763269e-53,4.8474302989905534e-61,5.401798510692719e-100,1.4370893144568875e-123,6.240434616450066e-137,0.09657503729073724,2,0.13057520474200787,0.05721458171026418,0.3839914756560263,0.342803161157374,1.410824184522109,0.8026594519615173,0.9088494343693296,7558,0,0.10146390386464732,23.44054564441536,0.16009207217339233,1.38148853261438,2.9644889737473727,6.845622328577799,11.58044691874385,13.802522124343502,0,25,0.0,0.18483634579939798,0
0.7345,0.7562,0.7643,1.0001674283798139,0.8432643392204172,0.8063092504033705,2.3630424831227754e-137,1.2796340595136934e-08,5.017482228640713e-19,1.269660038919656e-40,3.31727012062065e-53,1.0108764285875561e-69,4.387010904441941e-77,9.818560507240119e-121,1.93342115564707e-126,0.09947548660334005,2,0.13103994906910046,0.057477548773919036,0.4171942938929118,0.31300394882732196,1.410824184522109,0.7784262299537659,0.9086343200526721,7643,0,0.09741843400940109,23.44054564441536,0.15712565846201892,1.917577360948475,3.6273669694035284,7.528247241018319,12.659936097377539,13.50183670410362,0,26,0.0,0.18450474422909863,0
0.7345,0.7697,0.7617,1.0001794879916501,0.7297841649561094,0.7661267836966543,3.8374034911955033e-141,4.514547179908121e-08,5.017482228640713e-19,3.602886114643847e-36,1.0114485963141816e-44,4.81067125668682e-57,2.183683142282752e-76,8.901214443772287e-120,4.67463273449664e-131,0.11304338770753097,2,0.14169167968640428,0.061703255385456894,0.4746960004004628,0.3660472414710687,1.410824184522109,0.7636392116546631,0.8969864225855895,7617,0,0.11548438183905763,23.44054564441536,0.17634851922857514,1.7355926258588856,3.2077060824129564,6.55449163859039,10.950954422557354,13.19818659096525,0,27,0.0,0.1931935407736938,0
0.7345,0.7593,0.77,1.0002336966685559,1.013392393668334,0.8250835069555769,1.1496589229858893e-120,1.0434267219266503e-09,5.017482228640713e-19,2.814581063702794e-44,1.885418705419507e-63,6.848849232249243e-81,5.488434503917482e-85,2.5802049568551427e-104,1.1403748743844684e-109,0.08930780777122438,2,0.13406405475307392,0.05821048906007012,0.4740403648183067,0.3153462163647563,1.410824184522109,0.7911688685417175,0.918372539280334,7700,0,0.08698784276435734,23.44054564441536,0.16655094606056806,1.9671453840808288,4.248953960687883,10.180828669788799,16.73458616694212,14.775909378397,0,28,0.0,0.18241770953336717,0
0.7345,0.7613,0.7706,1.0002283917990376,0.7958009937032855,0.8189511868085461,3.1157955243985435e-123,4.82390972553588e-09,5.017482228640713e-19,1.0209799310464203e-31,2.428410751420476e-46,3.4902967640688483e-56,6.4299857788336886e-77,2.6225174246615307e-104,8.170187195390335e-110,0.09393456721246463,2,0.12610421326190363,0.05519196210981788,0.41906964797522633,0.2958789862079101,1.410824184522109,0.7754727005958557,0.910044447003939,7706,0,0.09256848676599905,23.44054564441536,0.15579727310089964,1.7065022010262063,3.5834580743471522,8.28192728032508,13.993590249294042,12.992489383845891,0,29,0.0,0.17914428133400584,0
0.7345,0.7324,0.759,1.000104378165318,0.6408107683329405,0.8170836386619567,9.821452435404464e-127,8.519268008770724e-07,5.017482228640713e-19,2.3996575102919266e-34,1.0114485963141816e-44,1.4949453941799266e-57,3.0263622923431863e-74,8.597779637409132e-106,2.488742915509378e-112,0.09896368871950811,2,0.12833595212286147,0.05626780788145421,0.3741261216353383,0.35809301423184886,1.410824184522109,0.7975794970989227,0.9074863561327315,7590,0,0.09445337752389449,23.44054564441536,0.1583099059808932,1.2538930319201234,2.3119707102767144,5.175632885057853,9.445522418444417,12.019182145002336,0,2,0.0,0.18310278090209695,0
0.7345,0.7519,0.7569,1.0001462430588313,0.6274492025885122,0.7953722860864871,3.580707779257159e-116,5.595900066063627e-08,5.017482228640713e-19,1.0209799310464203e-31,1.0114485963141816e-44,3.4902967640688483e-56,4.226747082126934e-68,2.6225174246615307e-104,8.606002722832947e-109,0.10490893226803544,2,0.14611738469229443,0.0634356747650613,0.4876359265630377,0.35793159677876946,1.410824184522109,0.8038523197174072,0.9001709428128808,7569,0,0.10438699383129735,23.44054564441536,0.184528104363179,1.8460843146641301,3.3896748548161995,6.880024826220959,11.283974389529229,12.435651866015279,0,3,0.0,0.1949175582138055,0
0.7345,0.7217,0.7069,1.0000078298961093,0.9739962237921596,0.7112943646092521,3.580707779257159e-116,3.6390285518907375e-09,5.017482228640713e-19,3.7116589246469307e-35,7.327989854031799e-56,1.8402162748271353e-66,2.1907367693523134e-73,2.6225174246615307e-104,2.908924976833988e-112,0.1774057277482456,2,0.1994287180703604,0.08509197566055157,0.5980496738976917,0.6463019782289865,1.410824184522109,0.8353489339351654,0.858072359975993,7069,0,0.1512986317236149,20.07533614114806,0.24560611106360347,3.0137741739439936,5.0726147444344205,9.117192995474708,13.651846609580517,16.026229022211634,0,4,0.0,0.23533647726637827,0
0.7345,0.7457,0.7602,1.000652196662088,0.566452498310353,0.8059195686409565,3.580707779257159e-116,5.7174441546605566e-09,5.017482228640713e-19,3.5448759878727662e-37,4.779318602975878e-50,3.286720560631944e-63,8.356060628064936e-65,2.6225174246615307e-104,1.3375105941273069e-104,0.10444174035388776,2,0.13543806935079983,0.05911913040747463,0.3970932164648206,0.372923362404258,1.410824184522109,0.7967478632926941,0.9082967542764617,7602,0,0.097672667723258,23.16582334762208,0.16798846716793567,1.1637316819783634,2.127048084360726,4.941006693026424,8.671976575779915,12.45135279317686,0,5,0.0,0.18788580170467273,0
0.7345,0.702,0.6905,1.0001261822517065,1.4124222284827472,0.4030067401936272,3.580707779257159e-116,1.3641017295321269e-06,5.017482228640713e-19,1.0209799310464203e-31,1.0114485963141816e-44,3.4902967640688483e-56,5.8772302208562005e-64,2.6225174246615307e-104,1.3375105941273069e-104,0.4088340113765784,2,0.25823769125607976,0.10586194027517998,0.8763070598459098,1.1699770293238687,1.410824184522109,0.8337008357048035,0.4917249267442575,6905,0,0.4909845148828207,19.02801690442886,0.319449855435984,10.46477720734707,14.146225395899942,18.400495961720356,21.975431244993956,35.37789604965353,0,6,0.0,0.2577622082530324,0
0.7345,0.7271,0.7236,1.0001000350966507,0.6960471524952838,0.7938061276892875,3.580707779257159e-116,8.302244525749991e-07,5.017482228640713e-19,2.3959517969597402e-35,1.3520297687344466e-49,3.3697271810798395e-61,1.7568636636505807e-67,2.6225174246615307e-104,7.954611400942706e-108,0.1086897837311539,2,0.1509377464196842,0.06617599456281466,0.39330812926431347,0.4562929643670732,1.410824184522109,0.8019856214523315,0.8981000187730397,7236,0,0.10573256507102569,20.853220808473434,0.18510306710895158,1.5566574874574457,3.020028104822387,6.237875937005459,10.261351348048448,12.18858837794006,0,7,0.0,0.20869031842602281,0
0.7345,0.7577,0.7678,1.0001078867869435,0.7497837752617433,0.8219552481620647,1.4181951574794484e-126,3.26621274701075e-09,5.017482228640713e-19,1.0209799310464203e-31,1.0114485963141816e-44,3.4902967640688483e-56,3.949595685884759e-79,2.0643194318029887e-104,5.385023658220439e-110,0.09540224141055065,2,0.13417803794141192,0.05858383324376108,0.46391703833565834,0.3126088348328545,1.410824184522109,0.7776873111724854,0.910891532989039,7678,0,0.09135533293291154,23.44054564441536,0.1657939580819056,1.9340412525411892,3.790482190898454,8.11832217600077,13.701634435999393,12.213555641931325,0,8,0.0,0.1854875834279408,0
0.7345,0.7563,0.7577,1.000143490533845,0.8626817304322153,0.7869327192860831,4.2218149273926776e-181,1.862884810379156e-10,5.017482228640713e-19,2.800040365717381e-35,1.2229079991755069e-55,2.358122235343167e-65,8.347046674314331e-117,1.800959584567782e-139,2.575223432273466e-161,0.10698970496791715,2,0.13563240839909746,0.059149151207976695,0.44521738502390706,0.3336456835972058,1.410824184522109,0.7898449301719666,0.9015749451176525,7577,0,0.10608789011295672,23.44054564441536,0.16812671886414923,1.94824265527065,3.901832796457455,8.600518351941767,14.131830929929018,13.750794027526275,0,9,0.0,0.18749487994093994,0
0.7604,0.7354,0.7212,1.0000260520085829,1.1141613357190454,0.581186540527249,1.6196424557435789e-193,6.340806504202781e-11,2.1472569274307533e-14,1.2124193048448646e-48,3.084009726644041e-63,1.5911959706875293e-81,2.133182248135585e-111,2.306650757870507e-142,1.5603813275449731e-189,0.24712813651568621,2,0.22841223702277674,0.09522196775883994,0.6925694864220217,0.9734992378956431,1.7524882261204335,0.8687800765037537,0.8053844069777185,7212,0,0.220977927831025,28.315073996077558,0.30886557175301815,9.367012505730967,13.55001451447354,18.97450699805544,23.87588256647289,26.193943165484445,10,11,0.0,0.24685826488875554,0
0.7604,0.7344,0.7474,1.000105938923967,1.7743025242417254,0.6753916172953952,1.6196424557435789e-193,3.6465083358820237e-07,4.00169994071574e-14,9.212897857635656e-44,3.084009726644041e-63,5.616029010078226e-81,2.133182248135585e-111,2.306650757870507e-142,1.5603813275449731e-189,0.18931944691915514,2,0.19338435350490019,0.08147393639492143,0.5747951117752191,0.7385856642073663,1.7524882261204335,0.840691089630127,0.8704148232302448,7474,0,0.1561662394251746,23.024842597188684,0.2470040253785529,7.452128793805394,11.624640844879695,18.667101669057583,25.37455358221531,22.66160575381061,10,12,0.0,0.22103228105398084,0
0.7604,0.7595,0.7557,1.0001538526204927,1.2556412568886566,0.648236265989624,1.6196424557435789e-193,4.2929462334416815e-09,1.3018748093753165e-15,8.534117486179409e-48,3.084009726644041e-63,8.745550076520123e-82,2.133182248135585e-111,2.306650757870507e-142,1.5603813275449731e-189,0.2149229680747049,2,0.19426951429738964,0.08166839247311188,0.5912818985672021,0.8176047059348994,1.7524882261204335,0.8034835457801819,0.8193715710331887,7557,0,0.18876694300181274,28.13695308056006,0.25045780728365424,8.61120773968447,12.785491085255229,18.278432692296615,23.371428225976228,23.259650503465437,10,13,0.0,0.22094649874391858,0
0.7604,0.7487,0.7463,1.0002479034951393,1.216730795429577,0.6832872391955043,1.6196424557435789e-193,2.7839735459857146e-09,4.00169994071574e-14,9.212897857635656e-44,3.084009726644041e-63,5.616029010078226e-81,2.133182248135585e-111,2.306650757870507e-142,1.5603813275449731e-189,0.18446622912671717,2,0.19765796779779493,0.08318121096052443,0.5563504436433876,0.789772602350195,1.7524882261204335,0.8064134120941162,0.8532570393503589,7463,0,0.16163143778765487,26.803865517246017,0.2528648681715476,7.210108679560035,11.168121867937494,17.505083040586204,23.806669948619604,21.34898402208707,10,14,0.0,0.22496218903133053,0
0.7604,0.7344,0.7425,1.0002802583802741,1.7605420917773038,0.6687142012262377,1.6196424557435789e-193,3.6465083358820237e-07,4.00169994071574e-14,9.212897857635656e-44,3.084009726644041e-63,5.616029010078226e-81,2.133182248135585e-111,2.306650757870507e-142,1.5603813275449731e-189,0.17106634995344772,2,0.2009164225286488,0.08458162146482248,0.5392893058754604,0.84870138454486,1.7524882261204335,0.8318490087985992,0.8604815274070212,7425,0,0.16348621213359948,23.054027422820546,0.25693418464912054,7.662792839945397,12.41046474708199,19.708920451899097,26.345871281912924,22.1761968542822,10,15,0.0,0.23114275771906087,0
0.7604,0.7372,0.735,1.0001211937869865,1.918878213878122,0.6612737470805765,1.6196424557435789e-193,1.1647179048645331e-08,4.00169994071574e-14,9.212897857635656e-44,3.084009726644041e-63,5.616029010078226e-81,2.133182248135585e-111,2.306650757870507e-142,1.5603813275449731e-189,0.1974407478185597,2,0.20976609145316816,0.08792016140285872,0.5536318121991126,0.9115833244110658,1.7524882261204335,0.8267193734645844,0.8343182116995999,7350,0,0.1778415666726787,22.887209829732292,0.26877777634833816,9.056673483097534,14.144282087949527,21.732136698400645,28.51863621351123,23.40128790968989,10,16,0.0,0.2375634758505992,0
0.7604,0.7392,0.7154,1.000247464459461,1.388683524281932,0.562326533054238,1.6196424557435789e-193,3.8127673095283806e-09,4.00169994071574e-14,9.212897857635656e-44,1.6632161914099585e-63,5.616029010078226e-81,2.133182248135585e-111,2.306650757870507e-142,1.5603813275449731e-189,0.23598250418727384,2,0.22455210467182546,0.09413779317222944,0.6264215827168859,1.00081915296021,1.7524882261204335,0.8563698530197144,0.7975147640152876,7154,0,0.2346114281685321,28.637696204214404,0.2884243980589875,9.933168027961875,14.521844973809394,20.60123300501633,25.90517412031889,23.352908382493823,10,17,0.0,0.24832594817271428,0
0.7604,0.7373,0.7409,1.0000239769720114,1.8293251694614103,0.6508826779395037,1.6196424557435789e-193,1.7636456619718632e-07,4.00169994071574e-14,9.212897857635656e-44,3.084009726644041e-63,5.616029010078226e-81,2.133182248135585e-111,2.306650757870507e-142,1.5603813275449731e-189,0.1997009374272659,2,0.201931922236571,0.08481419810756483,0.5507904268887077,0.9196233649836723,1.7524882261204335,0.8343203961849213,0.8487817459019775,7409,0,0.17493487550914832,22.72686143526149,0.2608161468548731,9.229565823720725,13.934590762074173,20.586254074557,26.789498408412932,24.37837502506969,10,18,0.0,0.22936411680547694,0
0.7604,0.7195,0.7155,1.000009571883437,1.7356479819915795,0.6228873809471885,1.6196424557435789e-193,9.526025275538347e-09,4.00169994071574e-14,9.212897857635656e-44,3.084009726644041e-63,5.616029010078226e-81,2.133182248135585e-111,2.306650757870507e-142,1.5603813275449731e-189,0.20982807026983852,2,0.2261580093287058,0.094678773364305,0.598712505891972,1.032404791416838,1.7524882261204335,0.854285717010498,0.8131258669430733,7155,0,0.20129594768022063,23.75549568877179,0.28676981072891666,9.373643029295783,14.369397454271162,21.73363723318035,28.352927861976625,22.81710905624515,10,19,0.0,0.2501855161001216,0
0.7604,0.7371,0.7404,1.0001391438263152,1.8313451582220202,0.5548063794674726,1.6196424557435789e-193,6.418178907973112e-08,4.00169994071574e-14,9.212897857635656e-44,3.084009726644041e-63,5.616029010078226e-81,2.133182248135585e-111,2.306650757870507e-142,1.5603813275449731e-189,0.2596725737280353,2,0.2005246158145354,0.08467571097529879,0.5770605141674906,0.7691417859387666,1.7524882261204335,0.8251680433750153,0.7988660128939262,7404,0,0.23415942595675432,23.899154514283683,0.2476375922995395,9.638914543495567,14.554900711367678,21.565278886599362,27.878816574126482,26.685937085603744,10,1,0.0,0.23385520191110823,0
0.7604,0.7604,0.7448,1.0000780518883925,1.3496058639925208,0.6138893089585015,1.6196424557435789e-193,3.461515823262599e-08,4.00169994071574e-14,9.212897857635656e-44,3.084009726644041e-63,5.616029010078226e-81,2.133182248135585e-111,2.306650757870507e-142,1.5603813275449731e-189,0.23250722774178878,2,0.20272765347417918,0.08473383548435615,0.568593689985721,0.9603737758305341,1.7524882261204335,0.8111327886581421,0.8174546146114212,7448,0,0.20233713191442293,25.069645977878633,0.2676880560904549,8.79344891646451,13.25845255436185,19.543091362314286,25.48423382924199,24.44522837097868,10,20,0.0,0.22620530350026738,0
0.7604,0.7363,0.7407,1.0000142486237373,2.0982721207770543,0.6868369205281606,1.6196424557435789e-193,7.380405863363832e-08,4.00169994071574e-14,9.212897857635656e-44,3.084009726644041e-63,5.616029010078226e-81,2.133182248135585e-111,2.306650757870507e-142,1.5603813275449731e-189,0.18689592399495503,2,0.20618872926263443,0.08661612853998044,0.5278282440246838,0.9077947487938945,1.7524882261204335,0.821051836013794,0.8361460044292504,7407,0,0.16911479877699365,17.643086820570364,0.2633141864661673,9.257196758952862,14.723219037258138,23.226546366142333,30.209132063920794,20.904908961856716,10,21,0.0,0.23489158020796477,0
0.7604,0.7517,0.7403,1.0002457804912566,1.2815200716400512,0.67662950371023,1.6196424557435789e-193,1.3946370820315964e-07,1.743897118725219e-14,9.212897857635656e-44,3.084009726644041e-63,5.616029010078226e-81,2.133182248135585e-111,2.306650757870507e-142,1.5603813275449731e-189,0.19249284792305943,2,0.20462975812882941,0.08577266755547235,0.5854143223842212,0.8999746965412886,1.7524882261204335,0.8353690505027771,0.8407475304723298,7403,0,0.17038011980567958,26.82395664043615,0.26620351987740115,7.957547410491667,11.99143896293589,18.23891554741289,24.387115842694044,21.57069019731386,10,22,0.0,0.22671831867698133,0
0.7604,0.7077,0.6614,1.0000059747795267,2.5106784262815958,0.3638947580971823,1.6196424557435789e-193,9.668405671349825e-08,4.00169994071574e-14,9.212897857635656e-44,3.084009726644041e-63,5.616029010078226e-81,2.133182248135585e-111,2.306650757870507e-142,1.5603813275449731e-189,0.5014546750498468,2,0.34581285238828724,0.13879028125194268,1.1353467517159606,2.7075582405708483,1.7524882261204335,0.8338517844676971,0.4430498158968973,6614,0,0.5362359021830223,18.75623827772197,0.4453883281313636,27.219182687812182,31.908662966467674,37.94290623324024,42.1985892893374,43.607035835521565,10,23,0.0,0.31480622655450813,0
0.7604,0.7186,0.7205,1.000161904989082,1.368260568000993,0.644469331355315,1.6196424557435789e-193,1.9651531244653215e-10,1.1766484878090118e-15,9.212897857635656e-44,3.084009726644041e-63,5.616029010078226e-81,2.133182248135585e-111,2.306650757870507e-142,1.5603813275449731e-189,0.20159387635279868,2,0.24561837888884255,0.10134890489964812,0.8344986220102685,1.0902279907922403,1.7524882261204335,0.9098848104476929,0.8409518111901084,7205,0,0.17985361305199277,28.121713355353254,0.35368514088319175,8.992792186518187,13.006456686702588,18.56994896198088,23.75351849344373,22.30522226252058,10,24,0.0,0.24846512729468714,0
0.7604,0.7492,0.7382,1.0002460783425575,1.6315116602890203,0.6811269812277485,1.6196424557435789e-193,1.5961786926902599e-09,8.113920224489245e-17,9.212897857635656e-44,3.084009726644041e-63,5.616029010078226e-81,2.133182248135585e-111,2.306650757870507e-142,1.5603813275449731e-189,0.18270105018205085,2,0.2001578791910016,0.08419818836717977,0.5484032319973945,0.8326522957036403,1.7524882261204335,0.8261385858058929,0.8594349784358764,7382,0,0.15936525761032994,24.26855331163458,0.2580542341256676,8.232763177888812,12.687561758398731,19.310856845998405,25.20704424236715,22.933366697166978,10,25,0.0,0.22827473864443132,0
0.7604,0.7562,0.7648,1.0002222211151317,1.1822201480105945,0.6837991748896782,1.6196424557435789e-193,1.2796340595136934e-08,4.00169994071574e-14,9.212897857635656e-44,3.084009726644041e-63,5.616029010078226e-81,2.133182248135585e-111,2.306650757870507e-142,1.5603813275449731e-189,0.18742060952988782,2,0.1753374220525396,0.07407567713806032,0.5442915227703569,0.6545879833086178,1.7524882261204335,0.8019053637981415,0.8483800028188131,7648,0,0.16424707579727205,29.06313601477647,0.21973256615814407,6.9315299094626095,10.974332143602954,17.128060384285774,23.07131550344229,21.333857738039992,10,26,0.0,0.20741711968970084,0
0.7604,0.7697,0.7589,1.0002563723117173,1.3451568560872467,0.6377309761565677,1.6196424557435789e-193,4.514547179908121e-08,4.00169994071574e-14,9.212897857635656e-44,3.084009726644041e-63,5.616029010078226e-81,2.133182248135585e-111,2.306650757870507e-142,1.5603813275449731e-189,0.20533760378570076,2,0.19310935251328,0.08114986993204516,0.5792457349609277,0.7573596333008936,1.7524882261204335,0.7871183454990387,0.8347050919280483,7589,0,0.18640820308513995,26.015910548780624,0.2438153591362196,7.996924463456281,12.48588855226917,19.10573309468759,25.495456007635592,21.899562505606593,10,27,0.0,0.21793677899101177,0
0.7604,0.7593,0.7536,1.0001996409170488,1.1561618616534528,0.7043796808901842,1.6196424557435789e-193,1.0434267219266503e-09,4.757500326342959e-16,2.814581063702794e-44,1.885418705419507e-63,5.616029010078226e-81,2.133182248135585e-111,2.306650757870507e-142,1.5603813275449731e-189,0.17017111764385784,2,0.1912421105624065,0.08016434174295585,0.6281234093422948,0.6683778359318877,1.7524882261204335,0.8146480023860931,0.8604698088843064,7536,0,0.15168561213664133,29.088562218305785,0.2557116279665579,6.2439554074942585,9.983406577283027,15.87697955254183,21.19187216977179,21.783265779002345,10,28,0.0,0.21636413695612428,0
0.7604,0.7613,0.7639,1.0003860477666107,1.1255973289076242,0.7110781270568579,1.6196424557435789e-193,4.82390972553588e-09,4.00169994071574e-14,9.212897857635656e-44,3.084009726644041e-63,5.616029010078226e-81,2.133182248135585e-111,2.306650757870507e-142,1.5603813275449731e-189,0.1653317632281074,2,0.1763843849672664,0.07436729667950377,0.5156119781643229,0.6583342064381631,1.7524882261204335,0.7989518344402313,0.872513315726773,7639,0,0.14401450326092458,28.05816606768434,0.2248980113362879,5.512220693347478,9.129624276488318,15.389945006936085,21.9686878898561,20.296912599515707,10,29,0.0,0.20518702851182297,0
0.7604,0.7324,0.7559,1.0000300750793247,1.4049190411078714,0.7148063291246475,1.6196424557435789e-193,3.6465083358820237e-07,4.00169994071574e-14,9.212897857635656e-44,3.084009726644041e-63,5.616029010078226e-81,2.133182248135585e-111,2.306650757870507e-142,1.5603813275449731e-189,0.1739136230429571,2,0.18909098314063003,0.07962822630633563,0.4910417486588645,0.8368783519604531,1.7524882261204335,0.8210586309432983,0.8533122315840999,7559,0,0.15255138311216632,26.096635688050593,0.2382905635182602,8.221016435744826,12.596980815815382,19.399992296478537,26.22204174642507,21.38238174945774,10,2,0.0,0.218727392849858,0
0.7604,0.7519,0.7573,1.000296448739162,1.5232805205485451,0.6576338421051529,1.6196424557435789e-193,5.595900066063627e-08,4.00169994071574e-14,9.212897857635656e-44,3.084009726644041e-63,5.616029010078226e-81,2.133182248135585e-111,2.306650757870507e-142,1.5603813275449731e-189,0.2017807458232519,2,0.19364977006599476,0.08124121924837865,0.6538552738183222,0.73021194553446,1.7524882261204335,0.8273314535617828,0.8311659786301657,7573,0,0.18101832067506662,25.52745699669033,0.256129809288414,7.079213192570489,11.274155697585023,18.56995124524016,25.25916208254099,21.454589255754822,10,3,0.0,0.22031199754471945,0
0.7604,0.7217,0.7298,1.0000187190685392,1.3802140780099168,0.8067429792986999,1.6196424557435789e-193,3.6390285518907375e-09,1.0746948280237451e-15,9.212897857635656e-44,3.084009726644041e-63,5.616029010078226e-81,2.133182248135585e-111,2.306650757870507e-142,1.5603813275449731e-189,0.09581809706130984,2,0.18359069815961235,0.07867976468992034,0.44615756371974147,0.7032826711515601,1.7524882261204335,0.858828067779541,0.8923039745104959,7298,0,0.10450096202889769,20.07533614114806,0.23945864354864244,3.899024852068046,7.461196965314397,14.710622672347323,22.036104917603545,17.362503675318408,10,4,0.0,0.22382965322581982,0
0.7604,0.7457,0.7476,1.0001677155751376,1.6997799426209435,0.642901733101396,1.6196424557435789e-193,5.7174441546605566e-09,4.00169994071574e-14,9.212897857635656e-44,3.084009726644041e-63,5.616029010078226e-81,2.133182248135585e-111,2.306650757870507e-142,1.5603813275449731e-189,0.21766317549475855,2,0.20055739809969308,0.08416847553062615,0.5285784724982854,0.9901289195402926,1.7524882261204335,0.8202269971370697,0.8329927338355071,7476,0,0.1850588704208036,23.16582334762208,0.25372950361324015,9.755745546191681,14.511456654477119,21.118516995099053,27.447771363070608,24.164862242750292,10,5,0.0,0.22785073027431213,0
0.7604,0.702,0.6939,1.0001438488442487,2.3058475011213946,0.32498084961573803,1.6196424557435789e-193,3.6465083358820237e-07,4.00169994071574e-14,9.212897857635656e-44,3.084009726644041e-63,5.616029010078226e-81,2.133182248135585e-111,2.306650757870507e-142,1.5603813275449731e-189,0.5010975624067138,2,0.3228512859087634,0.12945456395170493,1.1714000510231068,2.41819655693852,1.7524882261204335,0.8571799695491791,0.4600590863455214,6939,0,0.5430618936529257,19.02801690442886,0.42483473710647285,26.16477062220131,31.38362280883057,37.62390567232242,41.817678120215234,45.82452624320201,10,6,0.0,0.2914902302783086,0
0.7604,0.7271,0.7063,1.0000199351612482,1.8518803251341924,0.6676786799141285,1.6196424557435789e-193,3.6465083358820237e-07,4.00169994071574e-14,9.212897857635656e-44,3.084009726644041e-63,5.616029010078226e-81,2.133182248135585e-111,2.306650757870507e-142,1.5603813275449731e-189,0.1922322888521134,2,0.22552409229555934,0.09508015472543521,0.5370233023286312,1.089903036678424,1.7524882261204335,0.8254647552967072,0.8362556288693311,7063,0,0.1746173018810926,20.853220808473434,0.289577785925839,10.573294796610028,15.69047433714247,22.646435845594382,29.09891332466602,22.934975123927387,10,7,0.0,0.2555502508928607,0
0.7604,0.7577,0.7558,1.0001787171416452,1.1755596522581044,0.7327376723517777,1.6196424557435789e-193,3.26621274701075e-09,4.00169994071574e-14,9.212897857635656e-44,3.084009726644041e-63,5.616029010078226e-81,2.133182248135585e-111,2.306650757870507e-142,1.5603813275449731e-189,0.1586956578239277,2,0.18166913249919567,0.07686976347246116,0.5658665801936171,0.6359867487551151,1.7524882261204335,0.801166445016861,0.8757446611625741,7558,0,0.13552651351151512,27.256245349582656,0.23718429170037986,5.488725131320542,8.953669376913446,15.212403852321676,21.77572700764835,19.403189013773353,10,8,0.0,0.2114365845240368,0
0.7604,0.7563,0.7407,1.000125907877745,1.2840968193944962,0.6563737543592306,1.6196424557435789e-193,1.862884810379156e-10,2.995884242559116e-17,9.212897857635656e-44,3.084009726644041e-63,5.616029010078226e-81,8.347046674314331e-117,2.306650757870507e-142,1.5603813275449731e-189,0.20907097932373397,2,0.205575966479553,0.08623343637150875,0.6146211695969332,0.8026395624564328,1.7524882261204335,0.8133240640163422,0.838531140728488,7407,0,0.17722671738154272,29.088562218305785,0.2668131904196833,7.73307041838619,11.757437285946612,17.794154887611466,23.548084329143165,23.126270421030892,10,9,0.0,0.22956582600279127,0
0.7354,0.7344,0.7246,1.0002471887302387,1.3966069910879553,0.692246579315465,1.0037841703278508e-164,6.340806504202781e-11,2.1472569274307533e-14,1.2124193048448646e-48,1.3468885141072027e-62,1.5911959706875293e-81,3.6841056513300097e-82,6.86726678077166e-141,1.1427926488158148e-145,0.16300328009416942,2,0.1899831038331306,0.08047467653352994,0.6275538093086171,0.6141785144918881,1.7118157546370014,0.8530065417289734,0.8792152806610924,7246,0,0.14884079086306412,23.024842597188684,0.25789308978268094,2.425728426314306,4.854010571756092,10.208465730581029,15.506275161719323,20.359323787810755,11,12,0.0,0.2257177820085851,0
0.7354,0.7595,0.7497,1.0000713437312518,0.7032758142962626,0.8117027114456626,1.0037841703278508e-164,6.340806504202781e-11,1.3018748093753165e-15,1.2124193048448646e-48,1.3468885141072027e-62,8.745550076520123e-82,2.562988069575452e-82,6.86726678077166e-141,1.1427926488158148e-145,0.09165637302483898,2,0.15254095619597546,0.06591460288663759,0.4569440009383597,0.4316540415967844,1.7118157546370014,0.8157989978790283,0.9072870124152288,7497,0,0.09806139905946931,28.13695308056006,0.1933965647729928,1.5386125045900907,2.882302356784376,6.1919455171990005,10.591220835006236,13.968943751643714,11,13,0.0,0.1973489044272352,0
0.7354,0.7487,0.7473,1.0000488897654223,0.770013619962952,0.7829808217067878,1.0037841703278508e-164,6.340806504202781e-11,2.1472569274307533e-14,1.2124193048448646e-48,1.3468885141072027e-62,1.5911959706875293e-81,1.3870069716230132e-83,6.86726678077166e-141,1.1427926488158148e-145,0.10795294539197298,2,0.15495924469937353,0.06708954708320945,0.4499430273767626,0.4434589207528779,1.7118157546370014,0.8187288641929626,0.8956584216034896,7473,0,0.1120870391478539,26.803865517246017,0.1956716624696879,1.5538163098822264,3.0362729326181195,6.6214119213548965,12.062290053105354,15.598538971257032,11,14,0.0,0.20271379999695274,0
0.7354,0.7344,0.7278,1.000094523817768,1.291301077424426,0.7487278510407214,1.0037841703278508e-164,6.340806504202781e-11,2.1472569274307533e-14,1.2124193048448646e-48,1.3468885141072027e-62,1.5911959706875293e-81,3.6841056513300097e-82,6.86726678077166e-141,1.1427926488158148e-145,0.11801663516509853,2,0.17905330831670088,0.07664220716861338,0.539452563675346,0.5674538352519869,1.7118157546370014,0.8441644608974457,0.8794426937099633,7278,0,0.12977542986942214,23.054027422820546,0.2347104415042364,2.1696913300946887,4.302547194633287,9.29827345627243,15.002040401399135,17.901022907164325,11,15,0.0,0.22117317291646105,0
0.7354,0.7372,0.7371,1.0002618573458533,1.3459183538541857,0.8042213621098236,1.0037841703278508e-164,6.340806504202781e-11,2.1472569274307533e-14,1.2124193048448646e-48,1.3468885141072027e-62,1.5911959706875293e-81,3.6841056513300097e-82,6.86726678077166e-141,1.1427926488158148e-145,0.1037193680869668,2,0.16190585845411126,0.07010373023381067,0.41715144043325825,0.516688467826879,1.7118157546370014,0.8390348255634308,0.8999710748224163,7371,0,0.10284891452685518,22.887209829732292,0.20238612347810458,2.0892017203362254,4.104254018515506,9.561367861440221,15.629565531891584,17.156259414321475,11,16,0.0,0.21158768821405316,0
0.7354,0.7392,0.7273,1.000381112900334,0.9255005953722663,0.7824373392341544,1.0037841703278508e-164,6.340806504202781e-11,2.1472569274307533e-14,1.2124193048448646e-48,1.6632161914099585e-63,1.5911959706875293e-81,1.9390548389886676e-83,6.86726678077166e-141,1.1427926488158148e-145,0.11614211890472936,2,0.18363243610826396,0.07848052077045745,0.5316720662285621,0.6100385924879869,1.7118157546370014,0.8686853051185608,0.8784379124541064,7273,0,0.11818710972582502,28.315073996077558,0.2428480950231682,2.632603807561366,4.6040689849068235,8.64678151069355,13.147504160797595,16.0524977063093,11,17,0.0,0.22495396806288978,0
0.7354,0.7373,0.7429,1.0000620175831298,1.2673060796980964,0.7672596646275188,1.0037841703278508e-164,6.340806504202781e-11,2.1472569274307533e-14,1.2124193048448646e-48,1.3468885141072027e-62,1.5911959706875293e-81,3.6841056513300097e-82,6.86726678077166e-141,1.1427926488158148e-145,0.10712735819261698,2,0.1489394156883109,0.06468340420600364,0.40525652997779116,0.4782043627852214,1.7118157546370014,0.8466358482837677,0.9036598453510518,7429,0,0.11312323631592425,22.72686143526149,0.18691401260214938,2.088977029262479,4.008708517646666,8.793459865891473,14.258842446660996,16.84393517685782,11,18,0.0,0.20072939506712217,0
0.7354,0.7195,0.7204,1.00001008028054,1.1834046057545808,0.7977089867465087,1.0037841703278508e-164,6.340806504202781e-11,2.1472569274307533e-14,1.2124193048448646e-48,1.3468885141072027e-62,1.5911959706875293e-81,3.6841056513300097e-82,6.86726678077166e-141,1.1427926488158148e-145,0.10516201291391836,2,0.18447450003313587,0.07882118021014513,0.5059447381152186,0.6293477738129185,1.7118157546370014,0.8666011691093445,0.8838258643060155,7204,0,0.11172834121655795,23.75549568877179,0.24158619120667235,2.5129517468294305,4.7015869185075525,9.82145377842804,15.56776135881245,16.934464158391126,11,19,0.0,0.22455264637157857,0
0.7354,0.7371,0.7498,1.0000378235517802,1.1265929753359238,0.8171146575460726,1.0037841703278508e-164,6.340806504202781e-11,2.1472569274307533e-14,1.2124193048448646e-48,1.3468885141072027e-62,1.5911959706875293e-81,3.6841056513300097e-82,6.86726678077166e-141,1.1427926488158148e-145,0.09341346267582362,2,0.14767533007978642,0.0642097567253889,0.4140670872713806,0.4298483161281425,1.7118157546370014,0.8374834954738617,0.9031728050069642,7498,0,0.09638082776084,23.899154514283683,0.18547875090787974,1.7882564490296151,3.642091941427457,8.381181745028021,13.906778959614039,16.09415834498576,11,1,0.0,0.19941132427910838,0
0.7354,0.7604,0.7463,1.00019078155906,0.7826271404986842,0.8157464602047861,1.0037841703278508e-164,6.340806504202781e-11,2.1472569274307533e-14,1.2124193048448646e-48,1.3468885141072027e-62,1.5911959706875293e-81,3.6841056513300097e-82,6.86726678077166e-141,1.1427926488158148e-145,0.09505681955884815,2,0.15438185468098314,0.06668346029842608,0.43838067260360675,0.4633043645409453,1.7118157546370014,0.8234482407569885,0.9031300372932247,7463,0,0.097377461818132,25.069645977878633,0.1964534519571783,1.724686020435659,3.102315154346011,6.635436270344158,12.026269169020653,14.26884037102132,11,20,0.0,0.2004966145695706,0
0.7354,0.7363,0.7302,1.0000423203186788,1.758189718596799,0.6358066779471506,1.0037841703278508e-164,6.340806504202781e-11,2.1472569274307533e-14,1.2124193048448646e-48,1.3468885141072027e-62,1.5911959706875293e-81,3.6841056513300097e-82,6.86726678077166e-141,1.1427926488158148e-145,0.17343581752022297,2,0.17775401374250913,0.07598242649016557,0.4944880121603869,0.600030386654722,1.7118157546370014,0.8333672881126404,0.8589956045489383,7302,0,0.17706756229939702,17.643086820570364,0.2285731508632467,3.7639766814993245,7.150165463693516,13.512163968091363,19.30731526378393,20.937760212109342,11,21,0.0,0.219412239062341,0
0.7354,0.7517,0.737,1.0000723378006466,0.8907319064781302,0.7402080495508855,1.0037841703278508e-164,6.340806504202781e-11,1.743897118725219e-14,1.2124193048448646e-48,1.3468885141072027e-62,1.5911959706875293e-81,3.110264049467969e-84,6.86726678077166e-141,1.1427926488158148e-145,0.12812844088967046,2,0.1804538332516669,0.07650739500352353,0.5965137792062093,0.5984783780193051,1.7118157546370014,0.8476845026016235,0.8802079360457551,7370,0,0.13325734143257384,26.82395664043615,0.25092613453078094,2.2230498034993174,4.049412711873501,7.976287360684798,12.943512453889847,17.24726146560181,11,22,0.0,0.2138263456765684,0
0.7354,0.7077,0.6546,1.0000010307124372,2.0276082961204676,0.46886072790253586,1.0037841703278508e-164,6.340806504202781e-11,2.1472569274307533e-14,1.2124193048448646e-48,1.3468885141072027e-62,1.5911959706875293e-81,3.6841056513300097e-82,6.86726678077166e-141,1.1427926488158148e-145,0.3935589745621384,2,0.3156946214392433,0.12813158302011934,1.0113232502444727,1.8549708300786392,1.7118157546370014,0.8461672365665436,0.4709806921887701,6546,0,0.44645060811507375,18.75623827772197,0.4018430339135355,14.801787771195642,19.355646907581534,25.196348821251384,29.45654592702389,33.01261420974254,11,23,0.0,0.3023980557909832,0
0.7354,0.7186,0.7102,1.0001959926026545,1.015110183115433,0.7038044278131473,1.0037841703278508e-164,6.340806504202781e-11,1.1766484878090118e-15,1.2124193048448646e-48,1.3468885141072027e-62,1.5911959706875293e-81,3.6841056513300097e-82,6.86726678077166e-141,1.1427926488158148e-145,0.1432777121560227,2,0.22050669916993096,0.09318375011756241,0.7149897618117357,0.718035073237217,1.7118157546370014,0.9222002625465393,0.882944293606752,7102,0,0.14335338996754443,28.121713355353254,0.29816713792895305,3.124661952741431,5.033327963175424,8.627968853472224,13.252602941000461,17.93204007874079,11,24,0.0,0.24538844885290242,0
0.7354,0.7492,0.7469,1.0002847076857408,1.2370988818799942,0.6981524538863189,1.0037841703278508e-164,6.340806504202781e-11,8.113920224489245e-17,1.2124193048448646e-48,1.3468885141072027e-62,1.5911959706875293e-81,5.401798510692719e-100,6.86726678077166e-141,1.1427926488158148e-145,0.14943674622281722,2,0.15941401652719497,0.0686119165341004,0.46960476830081627,0.4938390922096228,1.7118157546370014,0.8384540379047394,0.8774205231275665,7469,0,0.1478565366206348,24.26855331163458,0.2025160543185576,2.426284332772318,4.543299838731411,8.914468350170258,13.896063504427671,18.31840464249437,11,25,0.0,0.2059937471478639,0
0.7354,0.7562,0.7516,1.0000597804265814,0.7516901437130801,0.8205320844906511,1.0037841703278508e-164,6.340806504202781e-11,2.1472569274307533e-14,1.2124193048448646e-48,1.3468885141072027e-62,1.5911959706875293e-81,3.6841056513300097e-82,6.86726678077166e-141,1.1427926488158148e-145,0.0947455698236851,2,0.15588011364790036,0.06736454504914982,0.48318062840011655,0.42747145027873557,1.7118157546370014,0.8142208158969879,0.9013978948663173,7516,0,0.0970003287289003,28.315073996077558,0.19852129697952148,1.5734640431147675,2.8323375618840636,5.779349992416879,10.71918927360773,14.977656656784058,11,26,0.0,0.20268236313435453,0
0.7354,0.7697,0.7567,1.0000946889300808,0.8588014575806654,0.8018181441538218,1.0037841703278508e-164,6.340806504202781e-11,2.1472569274307533e-14,1.2124193048448646e-48,1.3468885141072027e-62,1.5911959706875293e-81,3.6841056513300097e-82,6.86726678077166e-141,1.1427926488158148e-145,0.10610986388713606,2,0.15420276259337604,0.0667351544713152,0.46242602918382625,0.4411991165049407,1.7118157546370014,0.7994337975978851,0.8938633940790426,7567,0,0.10564679655862319,26.015910548780624,0.19451944302783064,1.9871332595516076,3.5929114822019925,7.544984293680103,12.893996020817756,15.657389846644602,11,27,0.0,0.20173158105232497,0
0.7354,0.7593,0.754,1.0000785678964148,0.8529571831288599,0.7736178680599894,1.0037841703278508e-164,6.340806504202781e-11,4.757500326342959e-16,1.2124193048448646e-48,1.885418705419507e-63,1.5911959706875293e-81,5.488434503917482e-85,6.86726678077166e-141,1.1427926488158148e-145,0.11745134688494618,2,0.15923818627937086,0.06820878978626019,0.5264501349587808,0.4270659524227589,1.7118157546370014,0.8269634544849396,0.8909667523347943,7540,0,0.11699027958850106,28.315073996077558,0.20435333359579605,1.8853006545509334,3.7415633578084844,8.003405570876964,13.50218008850813,16.72264947200085,11,28,0.0,0.20035804680428423,0
0.7354,0.7613,0.7458,1.0000766372958287,0.8550292344455476,0.6959867495905622,1.0037841703278508e-164,6.340806504202781e-11,2.1472569274307533e-14,1.2124193048448646e-48,1.3468885141072027e-62,1.5911959706875293e-81,3.6841056513300097e-82,6.86726678077166e-141,1.1427926488158148e-145,0.14529970858078767,2,0.1732283003260526,0.07405112839849345,0.5874844703431285,0.48642364719482084,1.7118157546370014,0.8112672865390778,0.8743464222935793,7458,0,0.15041588008738205,28.05816606768434,0.2312277815145214,2.2734896054614766,4.309960024243788,8.482298921834493,12.93682677053213,18.507476942892303,11,29,0.0,0.21383899718843927,0
0.7354,0.7324,0.7271,1.0000382822234786,1.074503816625473,0.7227040111503907,1.0037841703278508e-164,6.340806504202781e-11,2.1472569274307533e-14,1.2124193048448646e-48,1.3468885141072027e-62,1.5911959706875293e-81,3.6841056513300097e-82,6.86726678077166e-141,1.1427926488158148e-145,0.14493518751098822,2,0.1736793639211661,0.07448309639146082,0.4970552065355496,0.5671114606676039,1.7118157546370014,0.8333740830421448,0.865547530005262,7271,0,0.14520819257343787,26.096635688050593,0.22539276963082303,2.7969405426900225,4.814574192570718,9.394580772164712,15.098606205268204,18.403602379898516,11,2,0.0,0.2161234168901734,0
0.7354,0.7519,0.7406,1.0001693948749668,1.0753524554931266,0.7842948415019889,1.0037841703278508e-164,6.340806504202781e-11,2.1472569274307533e-14,1.2124193048448646e-48,1.3468885141072027e-62,1.5911959706875293e-81,3.6841056513300097e-82,6.86726678077166e-141,1.1427926488158148e-145,0.12130551818886925,2,0.17579224097472393,0.07529131740179655,0.5926371446604085,0.47647342243136154,1.7118157546370014,0.8396469056606293,0.8853561961808388,7406,0,0.11616501247605071,25.52745699669033,0.2246587870024417,2.002001502686154,3.4919970903569673,8.169634438947515,13.708891224682331,17.950538761438338,11,3,0.0,0.21644500549312565,0
0.7354,0.7217,0.7029,1.000037668671339,1.493135372009285,0.6060637777723851,1.0037841703278508e-164,6.340806504202781e-11,1.0746948280237451e-15,1.2124193048448646e-48,1.3468885141072027e-62,1.5911959706875293e-81,3.6841056513300097e-82,6.86726678077166e-141,1.1427926488158148e-145,0.225827143211067,2,0.21596090429030126,0.09092789935439131,0.6138545773539554,0.8632559744140783,1.7118157546370014,0.8711435198783875,0.8293338308007306,7029,0,0.20174790913036778,20.07533614114806,0.2777418061401097,3.827754819121804,6.478809532901834,11.318007495890116,16.74219372085333,21.5494931784081,11,4,0.0,0.2432824705239913,0
0.7354,0.7457,0.7451,1.000085987263978,1.0674168410935594,0.8283520253863934,1.0037841703278508e-164,6.340806504202781e-11,2.1472569274307533e-14,1.2124193048448646e-48,1.3468885141072027e-62,1.5911959706875293e-81,3.6841056513300097e-82,6.86726678077166e-141,1.1427926488158148e-145,0.0858654645916671,2,0.14766775488734032,0.06397877474842549,0.39823227953952656,0.4665940708372713,1.7118157546370014,0.8325424492359161,0.9150306345822411,7451,0,0.08871147716543526,23.16582334762208,0.18913660758926043,1.9765712438787644,3.673335884282216,8.02371725760646,13.938782935070991,14.713961576884131,11,5,0.0,0.19605715201660864,0
0.7354,0.702,0.6585,1.0000167127006527,1.884909447336718,0.4033588952750164,1.0037841703278508e-164,6.340806504202781e-11,2.1472569274307533e-14,1.2124193048448646e-48,1.3468885141072027e-62,1.5911959706875293e-81,3.6841056513300097e-82,6.86726678077166e-141,1.1427926488158148e-145,0.4205558976618283,2,0.3088579937309058,0.12553840658477688,1.0980093962242745,1.6773867967689868,1.7118157546370014,0.8694954216480255,0.43346300597290416,6585,0,0.4978504418678178,19.02801690442886,0.4032667421563394,13.401473740508413,18.51390311945551,24.742373495655418,29.051686229752004,35.58830591686892,11,6,0.0,0.29219267771158813,0
0.7354,0.7271,0.734,1.0001021912009682,1.342134210549632,0.7770299968487128,1.0037841703278508e-164,6.340806504202781e-11,2.1472569274307533e-14,1.2124193048448646e-48,1.3468885141072027e-62,1.5911959706875293e-81,3.6841056513300097e-82,6.86726678077166e-141,1.1427926488158148e-145,0.11282886968736872,2,0.15332245181245582,0.06673896628235249,0.36750160864393466,0.5159518668633771,1.7118157546370014,0.8377802073955536,0.8869753435748644,7340,0,0.11758987755906458,20.853220808473434,0.18728787928225094,2.8877121545563953,5.460677707154665,10.612127519704067,16.591910213297606,17.12898826798106,11,7,0.0,0.2072584561173495,0
0.7354,0.7577,0.7442,1.0000704844383999,0.8749807072511361,0.7327333080018947,1.0037841703278508e-164,6.340806504202781e-11,2.1472569274307533e-14,1.2124193048448646e-48,1.3468885141072027e-62,1.5911959706875293e-81,3.6841056513300097e-82,6.86726678077166e-141,1.1427926488158148e-145,0.13401964927206533,2,0.16517350507210324,0.07092705020843919,0.5561141600756929,0.444852618942628,1.7118157546370014,0.8134818971157074,0.880646066382987,7442,0,0.13544197228450516,27.256245349582656,0.21194198342456438,2.2315625659404636,4.062196289453913,7.726677468867546,11.862761781162023,18.08055028678425,11,8,0.0,0.20697920069129722,0
0.7354,0.7563,0.7362,1.0001552612142153,0.8638048985218343,0.7454428313968513,4.2218149273926776e-181,6.340806504202781e-11,2.995884242559116e-17,1.2124193048448646e-48,1.3468885141072027e-62,1.5911959706875293e-81,8.347046674314331e-117,6.86726678077166e-141,2.575223432273466e-161,0.12795213609948497,2,0.17012047331501048,0.07268641183170642,0.5442780648208602,0.5104883923749958,1.7118157546370014,0.8256395161151886,0.8865927265338395,7362,0,0.12811354007641707,28.315073996077558,0.2253707622170089,1.9436757195363483,3.8280029469208743,7.83082631524535,12.04698485993743,16.156623972333048,11,9,0.0,0.21013557272333505,0
0.7344,0.7595,0.753,1.0004012481922355,0.847739259094537,0.7600138284259159,1.9540349065351614e-140,4.2929462334416815e-09,1.3018748093753165e-15,8.534117486179409e-48,2.0854970308517167e-62,8.745550076520123e-82,2.562988069575452e-82,1.3297932447342744e-126,2.221087079871616e-127,0.11801811660629558,2,0.1465249365007434,0.06349585952028622,0.4434082734628937,0.42219622628998643,1.2000239251527414,0.7877100110054016,0.8992748644431057,7530,0,0.11522690368637123,23.024842597188684,0.1879836338748693,1.4055521322655222,2.8138412166691933,7.385889939201556,12.781103701412677,15.093600200247325,12,13,0.0,0.19193224696751043,0
0.7344,0.7487,0.7605,1.0006246738425184,0.8488540444263688,0.8095952067601361,1.1494618755022665e-142,2.7839735459857146e-09,3.292972465734356e-13,3.450458336475251e-36,3.7038768858353665e-44,2.41915797280624e-59,1.3870069716230132e-83,1.3959950513242886e-126,1.648730874196638e-131,0.10381032371998644,2,0.14192852586848423,0.06155774440068487,0.4056190539749862,0.4206927519251487,1.2000239251527414,0.7906398773193359,0.9087636634848175,7605,0,0.09602815732410952,23.024842597188684,0.18001244833124397,1.3780577738278506,2.8341251053456484,6.516767441039829,11.340434915161133,15.06917371734009,12,14,0.0,0.18815025683407202,0
0.7344,0.7344,0.7448,1.0003032313265354,0.5267180789559424,0.809859810471935,2.524699393450874e-140,9.46146248745054e-07,2.1146222428198956e-12,9.28763054645422e-30,1.1151400947645434e-49,2.41915797280624e-59,7.864261048360364e-82,1.864689710640852e-116,2.5507686192414052e-118,0.10769969639902843,2,0.15977334227698262,0.06914530551860185,0.44102229741357496,0.4964826134158197,1.2000239251527414,0.816075474023819,0.9055066088861126,7448,0,0.09752969734899186,23.024842597188684,0.20475564266105675,1.3597781668711009,2.6491581872294496,6.205069714616672,10.65767879448533,12.486868205072044,12,15,0.0,0.20655979290200957,0
0.7344,0.7372,0.7478,1.000225899262938,0.7014757316786859,0.7720261718720977,2.524699393450874e-140,1.1647179048645331e-08,2.1146222428198956e-12,5.475911961165615e-31,1.4554425314695383e-43,2.41915797280624e-59,7.864261048360364e-82,1.864689710640852e-116,2.5507686192414052e-118,0.11452415793841042,2,0.14979723966135972,0.06520957963899628,0.3683491424987083,0.4839147301016079,1.2000239251527414,0.8109458386898041,0.9024610033282234,7478,0,0.11039779339938371,22.887209829732292,0.18690991998702622,1.6225964050249448,3.2220166401512635,6.999485288399439,11.475305300325155,12.853300557440578,12,16,0.0,0.20207937817470054,0
0.7344,0.7392,0.7074,1.0000689048786717,0.9550863680253474,0.624390381463399,1.3099383639667896e-145,3.8127673095283806e-09,2.1146222428198956e-12,5.4407840645248603e-39,1.6632161914099585e-63,2.25059550649442e-76,1.9390548389886676e-83,3.4356804986275474e-127,3.7676782757324605e-133,0.17698594655683797,2,0.2092218423824404,0.08920465617049513,0.5793297241437814,0.7635991566585563,1.2000239251527414,0.8405963182449341,0.8584436242616093,7074,0,0.18506208423098314,23.024842597188684,0.26858365264691575,3.412537816670988,5.425587946729291,9.087534596131743,13.89968595353365,19.56967073392034,12,17,0.0,0.24696650196284745,0
0.7344,0.7373,0.75,1.0006601749463608,0.5757234893446995,0.8023684782453866,2.524699393450874e-140,1.7636456619718632e-07,2.1146222428198956e-12,2.341150894132203e-31,3.5053665175517955e-53,1.0016645807092038e-60,7.864261048360364e-82,1.864689710640852e-116,2.5507686192414052e-118,0.11209185529344268,2,0.15420254005141107,0.06660137209752245,0.4201399893478692,0.50012271884855,1.2000239251527414,0.818546861410141,0.9006436040161453,7500,0,0.10223553526714757,22.72686143526149,0.19592145830498506,1.6626475616823728,3.0701941469961818,6.427731061498244,10.603807990038394,12.647114251554324,12,18,0.0,0.19983563152822953,0
0.7344,0.7195,0.7338,1.0002522080140066,0.7803258473073741,0.7213963782362186,1.4061123230469884e-141,9.526025275538347e-09,2.1146222428198956e-12,4.977942110866413e-34,2.3017987625163204e-52,3.9121014929970383e-60,7.864261048360364e-82,3.624646743738202e-122,6.101090873008903e-128,0.14851248815761697,2,0.16210057246251103,0.07041298306527087,0.4111113262950126,0.5266366820541577,1.2000239251527414,0.8385121822357178,0.8803438601070699,7338,0,0.13661015086689743,23.024842597188684,0.19953072468151045,2.352980314866903,4.2182902073724104,8.05874511648869,12.417695331716537,15.15680859745357,12,19,0.0,0.21193993146378326,0
0.7344,0.7371,0.7578,1.0000322347959374,0.6642334168526112,0.703924175585147,7.454372212813925e-142,6.418178907973112e-08,2.1146222428198956e-12,9.28763054645422e-30,3.2523423124039635e-51,2.41915797280624e-59,7.864261048360364e-82,3.091568651930472e-125,2.7779810497624697e-128,0.1644718256251545,2,0.14609350844201444,0.06384729948343063,0.39715637610424903,0.4184117219306947,1.2000239251527414,0.809394508600235,0.8838194775905746,7578,0,0.14294653739177232,23.024842597188684,0.17740673421939854,1.4799958923675034,3.192506160920833,7.4359518188847815,11.916639579755067,15.584208030063225,12,1,0.0,0.20062638235704466,0
0.7344,0.7604,0.7391,1.0004262648162845,0.9919388788761428,0.7221316177639879,6.78880054097455e-145,3.461515823262599e-08,2.1146222428198956e-12,3.857470632253786e-34,1.8190056218819834e-44,2.41915797280624e-59,7.864261048360364e-82,3.410147347483561e-123,5.905562177165703e-134,0.14931621974289033,2,0.16830118714172776,0.07228035407715283,0.4892850854963269,0.5359941759401423,1.2000239251527414,0.7953592538833618,0.8856299780901865,7391,0,0.13411481768663247,23.024842597188684,0.21883028947463318,1.8560770319190636,3.4228445402157917,7.045426895867666,11.488009167182446,17.351895343206273,12,20,0.0,0.20964214481998078,0
0.7344,0.7363,0.7512,1.0000156886580327,1.1863927200016988,0.6917787263486963,2.524699393450874e-140,7.380405863363832e-08,2.1146222428198956e-12,9.28763054645422e-30,6.582624229780582e-38,2.41915797280624e-59,7.864261048360364e-82,1.864689710640852e-116,2.5507686192414052e-118,0.11679283123069073,2,0.15382891456505857,0.06652526707217842,0.39553174232447547,0.49436895993820545,1.2000239251527414,0.8052783012390137,0.8838429693430485,7512,0,0.14351520910611593,17.643086820570364,0.1940858574690086,2.3315515912293083,4.6428650728929215,8.976731460499185,13.61531356639713,14.988734976812161,12,21,0.0,0.20042227434257412,0
0.7344,0.7517,0.736,1.0007021578482767,0.76011097937899,0.7810356003486818,9.551437967550065e-141,1.3946370820315964e-07,1.743897118725219e-14,5.895015120101066e-41,9.880239419491653e-49,1.386158205324693e-64,3.110264049467969e-84,1.5571188893987186e-119,1.7255435837564742e-123,0.10632289594275901,2,0.16876284230789093,0.0729285110533996,0.4759944061901549,0.5184119381848427,1.2000239251527414,0.8195955157279968,0.9041388192869603,7360,0,0.10661963282477804,23.024842597188684,0.21171082428099308,1.6610680671742521,2.9211743132437817,5.955376809247126,10.73947577624321,13.385086381645474,12,22,0.0,0.21132747075116323,0
0.7344,0.7077,0.6547,1.000008196101103,1.5527502331040322,0.470546953299975,2.524699393450874e-140,9.668405671349825e-08,5.287579141400345e-13,2.704369282360551e-31,2.5631125872313915e-39,2.41915797280624e-59,7.864261048360364e-82,1.864689710640852e-116,2.5507686192414052e-118,0.4610569187820436,2,0.30186003923385113,0.12315977455869916,0.8814305308329734,1.6927953686770056,1.2000239251527414,0.8180782496929169,0.45720824422595213,6547,0,0.47558317277814954,18.75623827772197,0.374616300675678,13.73657384207914,17.51732563000613,22.003905245829372,25.62500328171849,31.78915187190533,12,23,0.0,0.2938385268708076,0
0.7344,0.7186,0.7461,1.0002111007319918,0.7530863039892807,0.8232519548158438,2.524699393450874e-140,1.9651531244653215e-10,1.1766484878090118e-15,2.7227450126640934e-37,3.2337648399907627e-56,1.4864874968405488e-67,7.864261048360364e-82,1.864689710640852e-116,2.5507686192414052e-118,0.0932274670386033,2,0.17770299010478877,0.07520283001880775,0.583269619283594,0.5636678280504479,1.2000239251527414,0.8941112756729126,0.9088602478629815,7461,0,0.09195826445800992,23.024842597188684,0.24919538164482366,1.7160381212659173,3.3404729592745688,7.977358306732191,13.74462078758478,13.283058457630116,12,24,0.0,0.2069661789164502,0
0.7344,0.7492,0.7499,1.0011130160460082,0.5767054564519201,0.8348666908214728,2.927021978927055e-151,1.5961786926902599e-09,8.113920224489245e-17,2.683639685027793e-32,4.678279147763269e-53,4.8474302989905534e-61,5.401798510692719e-100,1.4370893144568875e-123,6.240434616450066e-137,0.09362167929700393,2,0.13949898640238484,0.060830575708323203,0.38931228483323593,0.4162682874033191,1.2000239251527414,0.8103650510311127,0.9169505460162037,7499,0,0.08478323347790528,23.024842597188684,0.1766391278848726,1.174545282341167,2.387081470455039,5.568238794125065,10.105064834308624,11.972531158890883,12,25,0.0,0.19184343581385332,0
0.7344,0.7562,0.7727,1.0005517499462973,0.8191025018933751,0.7656143387849924,2.524699393450874e-140,1.2796340595136934e-08,2.1146222428198956e-12,1.269660038919656e-40,3.31727012062065e-53,1.0108764285875561e-69,7.864261048360364e-82,9.818560507240119e-121,1.93342115564707e-126,0.11210580207972265,2,0.13531900455251117,0.058738923278571734,0.4123086685532337,0.37239439629644094,1.2000239251527414,0.7861318290233612,0.9073757828047341,7727,0,0.11008937462949586,23.024842597188684,0.17013266078574593,1.482026701700421,2.868838804227586,6.749015577827765,11.902393030762672,13.892518346325293,12,26,0.0,0.182561828120608,0
0.7344,0.7697,0.7597,1.0008409264933966,0.8077430852698593,0.7563069232108752,3.8374034911955033e-141,4.514547179908121e-08,2.1146222428198956e-12,3.602886114643847e-36,3.134820807189641e-42,2.41915797280624e-59,7.864261048360364e-82,8.901214443772287e-120,4.67463273449664e-131,0.12714230385390546,2,0.1512357174855926,0.06537060541594154,0.44247044110868516,0.43579288830464846,1.2000239251527414,0.7713448107242584,0.900189904316498,7597,0,0.11685464156083314,23.024842597188684,0.18865162899465449,1.681933912637671,3.1323259101826513,6.329694261925785,10.306223879301548,14.086508711897064,12,27,0.0,0.19674701054157853,0
0.7344,0.7593,0.7555,1.0000431087693034,0.9534727703310715,0.8002664614921903,2.524699393450874e-140,1.0434267219266503e-09,4.757500326342959e-16,2.814581063702794e-44,1.885418705419507e-63,6.848849232249243e-81,5.488434503917482e-85,1.864689710640852e-116,2.5507686192414052e-118,0.23661020543333788,2,0.15245955552792578,0.06573388702830418,0.4979071881173184,0.4018369780633139,1.2000239251527414,0.7988744676113129,0.9106271310337127,7555,0,0.09790442336978611,23.024842597188684,0.19690155701555873,1.9591685986544456,4.246022731688051,9.91345013101518,15.923975960075856,15.031765440363223,12,28,0.0,0.19664687634930197,0
0.7344,0.7613,0.7738,1.000128854276962,0.8002609998450321,0.8198897428327776,2.524699393450874e-140,4.82390972553588e-09,5.541884991332865e-13,4.033237451851793e-30,2.428410751420476e-46,2.41915797280624e-59,7.864261048360364e-82,1.864689710640852e-116,2.5507686192414052e-118,0.09573425414772285,2,0.13188465663382934,0.05759730899917465,0.3909466913780797,0.34583237736321937,1.2000239251527414,0.783178299665451,0.9147448310778633,7738,0,0.0903601127653968,23.024842597188684,0.16327126531009745,1.3600699135818528,2.9797524067342698,6.909421455838179,12.174556466597318,14.245050197295324,12,29,0.0,0.1809726744612817,0
0.7344,0.7324,0.7493,1.000070421763108,0.6796843819196895,0.7584874061316292,2.524699393450874e-140,8.519268008770724e-07,2.1146222428198956e-12,2.3996575102919266e-34,4.0792121602439835e-43,2.41915797280624e-59,7.864261048360364e-82,1.864689710640852e-116,2.5507686192414052e-118,0.10962190267501715,2,0.15644659531682614,0.06756058156930168,0.4136252121933809,0.5096991125861642,1.2000239251527414,0.8052850961685181,0.8982571571550083,7493,0,0.11615050427474038,23.024842597188684,0.19928237063973792,1.930456343141084,3.4404941480667723,6.705581704063466,10.692178052530066,13.278342831605858,12,2,0.0,0.201378158433658,0
0.7344,0.7519,0.7617,1.000576449147176,0.681690981425668,0.7580605858629568,2.524699393450874e-140,5.595900066063627e-08,2.1146222428198956e-12,9.28763054645422e-30,6.582624229780582e-38,2.41915797280624e-59,7.864261048360364e-82,1.864689710640852e-116,2.5507686192414052e-118,0.1132735207202632,2,0.15423675899770564,0.06672278927634694,0.4697823477467642,0.4304249166763024,1.2000239251527414,0.8115579187870026,0.8943144416190061,7617,0,0.1182725068978876,23.024842597188684,0.19953011896212428,1.469530459843014,2.7285915526322513,5.657282739872805,9.685811831593513,13.647900155515044,12,3,0.0,0.19860928469342906,0
0.7344,0.7217,0.685,1.0000140804644386,1.257928837580122,0.6395459486709156,2.524699393450874e-140,3.6390285518907375e-09,1.0746948280237451e-15,3.7116589246469307e-35,7.327989854031799e-56,1.8402162748271353e-66,7.864261048360364e-82,1.864689710640852e-116,2.5507686192414052e-118,0.1985177851383636,2,0.23648796157524365,0.09933548493347782,0.6801616444294788,0.9051880511180349,1.2000239251527414,0.8430545330047607,0.8577134856162609,6850,0,0.1741937869983743,20.07533614114806,0.304764690956575,3.498340108944427,5.768280989953979,9.631708153025052,13.958503925323486,18.995744054257212,12,4,0.0,0.2573053969413762,0
0.7344,0.7457,0.752,1.0002586099391158,0.8072583871612127,0.7397341200160371,2.524699393450874e-140,5.7174441546605566e-09,2.1146222428198956e-12,3.5448759878727662e-37,4.779318602975878e-50,3.286720560631944e-63,7.864261048360364e-82,1.864689710640852e-116,2.5507686192414052e-118,0.13152007568295665,2,0.1535021817782691,0.06646557098983454,0.41983920069318503,0.45703710269703723,1.2000239251527414,0.8044534623622894,0.900064241868973,7520,0,0.12152411726433188,23.024842597188684,0.19055681214007913,1.5657323319912508,3.3811262260955433,7.559362003319759,11.968825547611713,13.362715503413101,12,5,0.0,0.20032760616616951,0
0.7344,0.702,0.7024,1.000008791294309,1.6773109151627146,0.432919850132826,2.524699393450874e-140,9.46146248745054e-07,2.1146222428198956e-12,9.28763054645422e-30,6.582624229780582e-38,2.41915797280624e-59,7.864261048360364e-82,1.864689710640852e-116,2.5507686192414052e-118,0.44980491191773475,2,0.2688205845761499,0.10958502904996915,0.8571778905243626,1.3663032680265579,1.2000239251527414,0.8414064347743988,0.47210614639203363,7024,0,0.47986713001326275,19.02801690442886,0.3343732685582863,11.76829002025305,16.152084742034162,21.18592926885948,25.131974616631865,34.69059194128443,12,6,0.0,0.2623820203922501,0
0.7344,0.7271,0.7145,1.0000505769735837,0.8940659762509153,0.7710702820373997,2.524699393450874e-140,8.302244525749991e-07,2.1146222428198956e-12,2.3959517969597402e-35,1.3520297687344466e-49,3.3697271810798395e-61,7.864261048360364e-82,1.864689710640852e-116,2.5507686192414052e-118,0.12470024430529625,2,0.17069892693038582,0.07388617754115749,0.41496602253765386,0.5965147562975858,1.2000239251527414,0.8096912205219269,0.8960634700177617,7145,0,0.11349231515297764,20.853220808473434,0.21571486034217904,2.3823890543136184,4.667029902912851,9.220048976960452,13.738238155835868,13.675705347287312,12,7,0.0,0.22184782879585518,0
0.7344,0.7577,0.7557,1.0011706978073367,0.7612207158860078,0.8162836982999444,2.524699393450874e-140,3.26621274701075e-09,7.928498603892037e-14,9.28763054645422e-30,8.084211119964179e-44,2.41915797280624e-59,7.864261048360364e-82,1.864689710640852e-116,2.5507686192414052e-118,0.09552794417162302,2,0.14558718097113266,0.06319826120645598,0.4688763565248426,0.3946531344851765,1.2000239251527414,0.7853929102420807,0.9145809042395545,7557,0,0.09136199057511418,23.024842597188684,0.19227018363375006,1.467499613017583,2.9800190684471004,6.904388801310815,12.125343055468798,13.851449543077575,12,8,0.0,0.19309668800228302,0
0.7344,0.7563,0.7491,1.0001234462164452,0.7892813688140647,0.8210483690004365,4.2218149273926776e-181,1.862884810379156e-10,2.995884242559116e-17,2.800040365717381e-35,1.2229079991755069e-55,2.358122235343167e-65,8.347046674314331e-117,1.800959584567782e-139,2.575223432273466e-161,0.1695314771507852,2,0.14287937563752884,0.06247456068743446,0.40090605429423265,0.3888087867124672,1.2000239251527414,0.7975505292415619,0.9094466304836382,7491,0,0.09233617136484096,23.024842597188684,0.17569388656637916,1.2492974087335642,2.647000744614867,6.550223053459669,11.948143407082558,14.128661475433494,12,9,0.0,0.1929270060564453,0
0.7595,0.7487,0.7644,1.0006434710000969,0.5977600507384934,0.8049939923657601,1.1494618755022665e-142,2.7839735459857146e-09,1.3018748093753165e-15,8.534117486179409e-48,2.0854970308517167e-62,8.745550076520123e-82,1.3870069716230132e-83,1.3297932447342744e-126,1.648730874196638e-131,0.09494599913997226,2,0.13201829854522276,0.057764028905486556,0.3578046225748434,0.38773062263824115,1.5490321766569393,0.7534323334693909,0.90645478326272,7644,0,0.0984045495399406,26.803865517246017,0.1604620519057047,1.2859283078963588,2.575748221081951,5.540595609367839,10.718768811571598,13.133249388424401,13,14,0.0,0.1806370096140577,0
0.7595,0.7344,0.7606,1.0001370106245124,0.8913584870102691,0.7935330561861433,1.9540349065351614e-140,4.2929462334416815e-09,1.3018748093753165e-15,8.534117486179409e-48,2.0854970308517167e-62,8.745550076520123e-82,2.562988069575452e-82,1.3297932447342744e-126,2.221087079871616e-127,0.1285056614689445,2,0.15014277296541803,0.06484512875885297,0.3991403638271346,0.5013456465110696,1.5490321766569393,0.7788679301738739,0.8981891424349436,7606,0,0.10598266650393695,23.054027422820546,0.19096862521753452,1.5012842854408441,3.243559273415464,7.691660968472612,13.19663904724717,13.205258454240372,13,15,0.0,0.19386913479219442,0
0.7595,0.7372,0.751,1.0002318484146884,1.0263890111071134,0.8080513388033231,1.9540349065351614e-140,4.2929462334416815e-09,1.3018748093753165e-15,8.534117486179409e-48,2.0854970308517167e-62,8.745550076520123e-82,2.562988069575452e-82,1.3297932447342744e-126,2.221087079871616e-127,0.09749309212658785,2,0.15296832555619608,0.06648635825498088,0.39075373397477453,0.48831125747608384,1.5490321766569393,0.773738294839859,0.9070351025404816,7510,0,0.09743098913797033,22.887209829732292,0.1896821999132711,1.670926026633996,3.303565533854975,8.491984822245422,14.665963810145856,13.418175427538955,13,16,0.0,0.20201185096771143,0
0.7595,0.7392,0.7338,1.000646044395815,0.7437706012224253,0.7630526993530568,1.3099383639667896e-145,3.8127673095283806e-09,1.3018748093753165e-15,8.534117486179409e-48,1.6632161914099585e-63,8.745550076520123e-82,1.9390548389886676e-83,3.4356804986275474e-127,3.7676782757324605e-133,0.11419268538166971,2,0.18624499041431586,0.07943636206854798,0.5074511418533538,0.6712308239605729,1.5490321766569393,0.803388774394989,0.8772973269607909,7338,0,0.12892703784041037,28.13695308056006,0.23717828572789212,2.7154292684060906,4.681802056541831,8.293927143597273,12.54904633140564,15.102048336432503,13,17,0.0,0.22498399135391073,0
0.7595,0.7373,0.7572,1.000520467400992,0.9199430985462782,0.7753555602017803,1.9540349065351614e-140,4.2929462334416815e-09,1.3018748093753165e-15,8.534117486179409e-48,2.0854970308517167e-62,8.745550076520123e-82,2.562988069575452e-82,1.3297932447342744e-126,2.221087079871616e-127,0.09765235202757638,2,0.14486210936657407,0.06276713512919169,0.3903163231536158,0.4852012553065073,1.5490321766569393,0.7813393175601959,0.8995188416816304,7572,0,0.11107683941703117,22.72686143526149,0.18070012101565464,1.720253516093229,3.2783069060240346,7.490191342496476,12.970932181608678,13.474154063899684,13,18,0.0,0.19168429236024787,0
0.7595,0.7195,0.7434,1.0000303611548669,0.8932143428439148,0.8094490604142534,1.4061123230469884e-141,4.2929462334416815e-09,1.3018748093753165e-15,8.534117486179409e-48,2.0854970308517167e-62,8.745550076520123e-82,2.562988069575452e-82,1.3297932447342744e-126,6.101090873008903e-128,0.09626371645050669,2,0.15513058198107013,0.06736898042445472,0.3869242878831445,0.4997508105853587,1.5490321766569393,0.8013046383857727,0.9039196041950688,7434,0,0.09848595589430109,23.75549568877179,0.1910849745427528,1.8659453143926108,3.7360048340406866,8.696551369115518,14.523626600903272,12.950325470260545,13,19,0.0,0.20328019351034476,0
0.7595,0.7371,0.7538,1.0003590028408256,0.8498823100207097,0.7863734859154693,7.454372212813925e-142,4.2929462334416815e-09,1.3018748093753165e-15,8.534117486179409e-48,2.0854970308517167e-62,8.745550076520123e-82,2.562988069575452e-82,1.3297932447342744e-126,2.7779810497624697e-128,0.11731177322337316,2,0.14813058825465608,0.06437525086481333,0.4056849022493504,0.44359273404949773,1.5490321766569393,0.7721869647502899,0.9002370638545528,7538,0,0.108998381567732,23.899154514283683,0.18203877484463482,1.4699433531562802,3.194377565583204,8.026655953027596,13.552477350527049,13.786379882604262,13,1,0.0,0.19680788831395585,0
0.7595,0.7604,0.7777,1.0007148009604978,0.6670194415205203,0.8194253138467305,6.78880054097455e-145,4.2929462334416815e-09,1.3018748093753165e-15,8.534117486179409e-48,2.0854970308517167e-62,8.745550076520123e-82,2.562988069575452e-82,1.3297932447342744e-126,5.905562177165703e-134,0.12927470235324168,2,0.12347958655389575,0.05405063264999678,0.33267886017446446,0.3630921142656115,1.5490321766569393,0.7581517100334167,0.9121818129288637,7777,0,0.09195383913178068,25.069645977878633,0.15121453716297925,1.1862134122694328,2.3507238820324523,5.7138152540400435,11.047767173993588,13.270356374213375,13,20,0.0,0.17405636737519678,0
0.7595,0.7363,0.7624,1.0000223450383312,1.4202119603305756,0.7587217147474968,1.9540349065351614e-140,4.2929462334416815e-09,1.3018748093753165e-15,8.534117486179409e-48,2.0854970308517167e-62,8.745550076520123e-82,2.562988069575452e-82,1.3297932447342744e-126,2.221087079871616e-127,0.12234548533448775,2,0.13550623642168966,0.05923412403018325,0.333062966960594,0.4345014064088784,1.5490321766569393,0.7680707573890686,0.8969760233203767,7624,0,0.11670980992641344,17.643086820570364,0.1635677434970041,2.16399977992696,4.882735895716531,10.933851868289299,16.96675675394684,16.039348323981972,13,21,0.0,0.18680536626378122,0
0.7595,0.7517,0.7633,1.0010291729523824,0.6238962905752551,0.8091920728019678,9.551437967550065e-141,4.2929462334416815e-09,1.3018748093753165e-15,8.534117486179409e-48,2.0854970308517167e-62,8.745550076520123e-82,3.110264049467969e-84,1.3297932447342744e-126,2.221087079871616e-127,0.10008374001006726,2,0.1474579934177039,0.06378943007302965,0.4203896687341643,0.47157991808901234,1.5490321766569393,0.7823879718780518,0.9026116895434195,7633,0,0.09904158855033551,26.82395664043615,0.19067644457204166,1.509578338419974,2.7601300263737323,6.05170320496608,11.060347395187616,13.660694529149227,13,22,0.0,0.1920446880018763,0
0.7595,0.7077,0.6931,1.0000127556961453,1.7746536335662173,0.47267640633559826,1.9540349065351614e-140,4.2929462334416815e-09,1.3018748093753165e-15,8.534117486179409e-48,2.0854970308517167e-62,8.745550076520123e-82,2.562988069575452e-82,1.3297932447342744e-126,2.221087079871616e-127,0.37998164525533784,2,0.27798837463731935,0.11342196778933483,0.8116905599718434,1.6036218328796672,1.5490321766569393,0.7808707058429718,0.4842861004176648,6931,0,0.463986970854,18.75623827772197,0.33892837385704405,14.256822147868423,18.70863286660235,24.63592196523032,28.78817640311718,32.42518848945888,13,23,0.0,0.27524196229300435,0
0.7595,0.7186,0.7434,1.0002080314028907,0.6966478407785943,0.7915032665482147,1.9540349065351614e-140,1.9651531244653215e-10,1.1766484878090118e-15,8.534117486179409e-48,2.0854970308517167e-62,8.745550076520123e-82,2.562988069575452e-82,1.3297932447342744e-126,2.221087079871616e-127,0.09516414864977618,2,0.17075185767869083,0.07352427939442698,0.49426586308060944,0.5257254844966618,1.5490321766569393,0.8569037318229675,0.916622974058389,7434,0,0.09759022813811069,28.121713355353254,0.2232027944799498,1.790015450316477,2.970980022058826,6.080080296220251,10.84102557092905,13.25519262579977,13,24,0.0,0.2080494054254018,0
0.7595,0.7492,0.7622,1.0004838889718712,0.8948847268657173,0.7400009329598977,2.927021978927055e-151,1.5961786926902599e-09,8.113920224489245e-17,8.534117486179409e-48,2.0854970308517167e-62,8.745550076520123e-82,5.401798510692719e-100,1.3297932447342744e-126,6.240434616450066e-137,0.12673871748319776,2,0.13424497285400167,0.05865183586388315,0.3611548548168114,0.40584669080231384,1.5490321766569393,0.7731575071811676,0.8839299762085551,7622,0,0.12880355658435616,24.26855331163458,0.16219715769095766,1.6965287636799151,3.371251767919869,7.59993841095585,12.511808617782593,15.619599212516993,13,25,0.0,0.18536977879071556,0
0.7595,0.7562,0.7811,1.000280667499769,0.530210578652845,0.84700971973898,1.9540349065351614e-140,4.2929462334416815e-09,1.3018748093753165e-15,8.534117486179409e-48,2.0854970308517167e-62,8.745550076520123e-82,2.562988069575452e-82,1.3297932447342744e-126,2.221087079871616e-127,0.07734346175629647,2,0.11948738411571994,0.052509250005840724,0.34390962888370474,0.32304667272684984,1.5490321766569393,0.7489242851734161,0.9147353382899024,7811,0,0.08243488587244152,28.13695308056006,0.14515030154854686,1.14933145736996,2.2375215315887798,4.728547533929744,9.1654883687675,11.840516868536543,13,26,0.0,0.17084528442456717,0
0.7595,0.7697,0.781,1.0003526416074022,0.6290915402037998,0.8126750062418117,3.8374034911955033e-141,4.2929462334416815e-09,1.3018748093753165e-15,8.534117486179409e-48,2.0854970308517167e-62,8.745550076520123e-82,2.562988069575452e-82,1.3297932447342744e-126,4.67463273449664e-131,0.18161964378133788,2,0.1233748130484114,0.05417587558988214,0.3429299842487476,0.3374712776919544,1.5490321766569393,0.7341372668743134,0.9071321751875832,7810,0,0.09638677457506462,26.015910548780624,0.1473361641462238,1.2551812753968876,2.54937806216031,6.105060421223154,11.55780989921093,12.846364022653466,13,27,0.0,0.17554882229284843,0
0.7595,0.7593,0.7833,1.0000392051424674,0.6821678135032613,0.8270443398210324,1.9540349065351614e-140,1.0434267219266503e-09,4.757500326342959e-16,8.534117486179409e-48,1.885418705419507e-63,8.745550076520123e-82,5.488434503917482e-85,1.3297932447342744e-126,2.221087079871616e-127,0.30694933196207985,2,0.12527603674608978,0.054773373948895344,0.36855650528639156,0.31946410490559035,1.5490321766569393,0.7616669237613678,0.9125059554125952,7833,0,0.08914541111524188,28.13695308056006,0.15260598547445686,1.2900538432979896,2.8638659883618844,6.85518216582603,12.35444310233593,13.480772242318313,13,28,0.0,0.1735581951578347,0
0.7595,0.7613,0.7793,1.0006074544585157,0.6132512678927249,0.7707868372280533,1.9540349065351614e-140,4.2929462334416815e-09,1.3018748093753165e-15,8.534117486179409e-48,2.0854970308517167e-62,8.745550076520123e-82,2.562988069575452e-82,1.3297932447342744e-126,2.221087079871616e-127,0.11822782660821274,2,0.12713458309302542,0.05567247342025305,0.38232175061242507,0.34203315461306444,1.5490321766569393,0.745970755815506,0.8884825048060396,7793,0,0.11710497662035302,28.05816606768434,0.15657914637166578,1.6304174393052153,3.3697887237186768,7.150018651487544,11.699959446161985,15.660535487056904,13,29,0.0,0.17738758777324257,0
0.7595,0.7324,0.7646,1.00010433174429,0.724530376971814,0.8132570534905456,1.9540349065351614e-140,4.2929462334416815e-09,1.3018748093753165e-15,8.534117486179409e-48,2.0854970308517167e-62,8.745550076520123e-82,2.562988069575452e-82,1.3297932447342744e-126,2.221087079871616e-127,0.09980434408631944,2,0.13231447202944294,0.05779397526209095,0.3337629418429433,0.4153388521833742,1.5490321766569393,0.768077552318573,0.9026782834176261,7646,0,0.09780734009231817,26.096635688050593,0.16006340774482136,1.6296616229724976,3.1488879318490266,7.225464281092645,13.001250437120348,13.61057348892155,13,2,0.0,0.18265719584922713,0
0.7595,0.7519,0.7734,1.0002399513733902,0.7674346959730669,0.817639367323653,1.9540349065351614e-140,4.2929462334416815e-09,1.3018748093753165e-15,8.534117486179409e-48,2.0854970308517167e-62,8.745550076520123e-82,2.562988069575452e-82,1.3297932447342744e-126,2.221087079871616e-127,0.09791709500880952,2,0.13429135988758534,0.05851838261967646,0.4189052066329312,0.35037531058207416,1.5490321766569393,0.7743503749370575,0.9033315960986575,7734,0,0.09621243690408776,25.52745699669033,0.1649295736023275,1.3988192520409028,2.548220334541002,6.457670084172173,11.833569611430168,13.353625210748651,13,3,0.0,0.182158567213021,0
0.7595,0.7217,0.7191,1.000193914054286,1.2830327577741698,0.6925252322035234,1.9540349065351614e-140,3.6390285518907375e-09,1.0746948280237451e-15,8.534117486179409e-48,2.0854970308517167e-62,8.745550076520123e-82,2.562988069575452e-82,1.3297932447342744e-126,2.221087079871616e-127,0.2432518003219606,2,0.20413027724219363,0.08646746339762441,0.5768632018896984,0.7753574426754056,1.5490321766569393,0.8058469891548157,0.8555313442334207,7191,0,0.1580323206662917,20.07533614114806,0.2524398790779362,3.471044394922794,5.418281258324525,10.374515386117563,15.88228727184534,18.73956620163752,13,4,0.0,0.23364349116711064,0
0.7595,0.7457,0.7693,1.0004842312811815,0.8208566591092379,0.8445654340491076,1.9540349065351614e-140,4.2929462334416815e-09,1.3018748093753165e-15,8.534117486179409e-48,2.0854970308517167e-62,8.745550076520123e-82,2.562988069575452e-82,1.3297932447342744e-126,2.221087079871616e-127,0.0802583925381476,2,0.12891804090792006,0.056425178456595344,0.3376701121286812,0.3930867582407075,1.5490321766569393,0.7672459185123444,0.9210789762686374,7693,0,0.08017660947347482,23.16582334762208,0.15778038054317348,1.455213506366144,2.9268584068119523,6.959912511928243,12.998506695139408,11.916478375172547,13,5,0.0,0.17985327549675462,0
0.7595,0.702,0.7015,1.000155848140746,1.652726134992156,0.41966784117244943,1.9540349065351614e-140,4.2929462334416815e-09,1.3018748093753165e-15,8.534117486179409e-48,2.0854970308517167e-62,8.745550076520123e-82,2.562988069575452e-82,1.3297932447342744e-126,2.221087079871616e-127,0.3816657597310388,2,0.2662852980268997,0.10895165655006485,0.8297757895168828,1.364505581056308,1.5490321766569393,0.8041988909244537,0.49281062925931424,7015,0,0.4751021456015141,19.02801690442886,0.3318614255984814,12.495343094844229,17.79161705929165,24.08763092604374,28.313094188567252,35.15993048508582,13,6,0.0,0.2603674268596149,0
0.7595,0.7271,0.7494,1.0000253883888193,1.0443780149741415,0.8207525426993683,1.9540349065351614e-140,4.2929462334416815e-09,1.3018748093753165e-15,8.534117486179409e-48,2.0854970308517167e-62,8.745550076520123e-82,2.562988069575452e-82,1.3297932447342744e-126,2.221087079871616e-127,0.09134107675237835,2,0.13534036960303417,0.05933734601467554,0.29592039097681677,0.46491167669043215,1.5490321766569393,0.7724836766719818,0.9054559646578664,7494,0,0.0943105709752946,20.853220808473434,0.16140628095138693,2.0251270498123266,4.110538407785594,9.053709675443246,15.257518595421315,13.026476948721774,13,7,0.0,0.19226383993189203,0
0.7595,0.7577,0.7827,1.0006290680835435,0.6273620629795482,0.7913736970726039,1.9540349065351614e-140,3.26621274701075e-09,1.3018748093753165e-15,8.534117486179409e-48,2.0854970308517167e-62,8.745550076520123e-82,2.562988069575452e-82,1.3297932447342744e-126,2.221087079871616e-127,0.1100300192986734,2,0.1195450424225157,0.052593610517579305,0.3543166016493845,0.30823495410830226,1.5490321766569393,0.7481853663921356,0.8931063354265258,7827,0,0.10877413779922984,27.256245349582656,0.14347626385020762,1.4691452497743211,3.112643472143651,6.613310498825989,10.91084729450345,14.550770549990752,13,8,0.0,0.1708156236270178,0
0.7595,0.7563,0.7796,1.0007935237151935,0.6096449171474086,0.7988112929838054,4.2218149273926776e-181,1.862884810379156e-10,2.995884242559116e-17,8.534117486179409e-48,2.0854970308517167e-62,8.745550076520123e-82,8.347046674314331e-117,1.800959584567782e-139,2.575223432273466e-161,0.2567392769461516,2,0.12266525478408402,0.05375302183405682,0.35187220879159614,0.3370798507999675,1.5490321766569393,0.7603429853916168,0.9085149195066011,7796,0,0.09928841979923109,28.13695308056006,0.15059088888634822,1.332019135642137,2.659717350873869,5.84772571354199,10.158697742491961,13.286819741292593,13,9,0.0,0.1726123670189361,0
0.7487,0.7344,0.7555,1.0000804745340093,0.8826469753104746,0.809796595588388,1.1494618755022665e-142,2.7839735459857146e-09,3.292972465734356e-13,3.450458336475251e-36,1.1151400947645434e-49,1.327377444138901e-56,1.3870069716230132e-83,1.3959950513242886e-126,1.648730874196638e-131,0.0954066311373748,2,0.1393761408197243,0.06089762114441467,0.37266048104662425,0.40152590373613384,1.477847318848643,0.7817977964878082,0.9085360708999449,7555,0,0.09621643283634751,23.054027422820546,0.1699392944773359,1.40620098493457,2.8208748133361894,6.719016301391527,12.021577925479413,13.326390398431263,14,15,0.0,0.19144012846680838,0
0.7487,0.7372,0.7526,1.0005085625602532,1.001560634325529,0.792908345751229,1.1494618755022665e-142,2.7839735459857146e-09,3.292972465734356e-13,3.450458336475251e-36,3.7038768858353665e-44,1.327377444138901e-56,1.3870069716230132e-83,1.3959950513242886e-126,1.648730874196638e-131,0.10567110734196428,2,0.12968996535554012,0.057166750932038726,0.3209379067298428,0.39263315419122397,1.477847318848643,0.7766681611537933,0.9013509710348733,7526,0,0.10461969121423764,22.887209829732292,0.15471569108183214,1.735354202697322,3.4533608045517976,7.645130636912846,13.131873510956764,14.019444419629796,14,16,0.0,0.18789096814470085,0
0.7487,0.7392,0.7112,1.0006544435818598,0.8978783948863427,0.6846576703438542,1.3099383639667896e-145,2.7839735459857146e-09,3.292972465734356e-13,5.4407840645248603e-39,1.6632161914099585e-63,2.25059550649442e-76,1.3870069716230132e-83,3.4356804986275474e-127,3.7676782757324605e-133,0.15323491727912186,2,0.2101060294514615,0.08948321734240273,0.5968834791199381,0.7471170715868688,1.477847318848643,0.8063186407089233,0.8549124907632384,7112,0,0.16487087217556318,26.803865517246017,0.27164339816096894,3.486098822409459,5.695495773702986,9.487617852930827,13.494985500043631,18.175298604741524,14,17,0.0,0.2453146993930727,0
0.7487,0.7373,0.7531,1.00002707261338,0.9693051242252435,0.8072932948158472,1.1494618755022665e-142,2.7839735459857146e-09,3.292972465734356e-13,3.450458336475251e-36,3.5053665175517955e-53,1.0016645807092038e-60,1.3870069716230132e-83,1.3959950513242886e-126,1.648730874196638e-131,0.0993198720832984,2,0.13817385561588114,0.06015065112153284,0.37169999914996615,0.4489288215771892,1.477847318848643,0.7842691838741302,0.9032981904561166,7531,0,0.09958438000702285,22.72686143526149,0.1717516036923967,1.7110453176551557,3.3344731580315,7.088307997360143,12.004107090008258,14.324787414950384,14,18,0.0,0.18861830943100089,0
0.7487,0.7195,0.737,1.0000121594808904,0.8762987029989744,0.7887369871299635,1.1494618755022665e-142,2.7839735459857146e-09,3.292972465734356e-13,3.450458336475251e-36,2.3017987625163204e-52,3.9121014929970383e-60,1.3870069716230132e-83,1.3959950513242886e-126,1.648730874196638e-131,0.10810788803455396,2,0.15702613711376998,0.06840678532941255,0.40955618508347275,0.4847384659024547,1.477847318848643,0.804234504699707,0.9010988849532964,7370,0,0.10612425749129528,23.75549568877179,0.19348925576213796,2.2103828889658783,4.127304323532436,8.39333389512944,13.611113609969616,13.448386414457023,14,19,0.0,0.2074384132163999,0
0.7487,0.7371,0.7522,1.0000551179583363,0.9186620634156274,0.7643320420332768,1.1494618755022665e-142,2.7839735459857146e-09,3.292972465734356e-13,3.450458336475251e-36,3.2523423124039635e-51,2.23219151618957e-57,1.3870069716230132e-83,1.3959950513242886e-126,1.648730874196638e-131,0.1240626873999765,2,0.14165326874248485,0.062043621586316204,0.38974267315123196,0.39303694741686884,1.477847318848643,0.7751168310642242,0.8897340836355561,7522,0,0.12054064833988276,23.899154514283683,0.17015729797504056,1.6987575543138653,3.652290388478906,8.120814744869117,13.192498507475854,15.05267109086779,14,1,0.0,0.19652832251761784,0
0.7487,0.7604,0.7525,1.0002144242839024,0.6304111179189009,0.7901166055055119,6.78880054097455e-145,2.7839735459857146e-09,3.292972465734356e-13,3.450458336475251e-36,1.8190056218819834e-44,1.327377444138901e-56,1.3870069716230132e-83,1.3959950513242886e-126,5.905562177165703e-134,0.10734954971696575,2,0.1470938801057414,0.06384450299567589,0.4314215227069032,0.43601763257216336,1.477847318848643,0.7610815763473511,0.9022362216690902,7525,0,0.10533585907603737,25.069645977878633,0.18599558218632645,1.6318907294228717,3.065943822048455,6.38693620654207,10.829562791347504,14.307986435718158,14,20,0.0,0.1938369601160984,0
0.7487,0.7363,0.7659,1.0002228666313142,1.31519242688154,0.725128676922157,1.1494618755022665e-142,2.7839735459857146e-09,3.292972465734356e-13,3.450458336475251e-36,3.7038768858353665e-44,1.327377444138901e-56,1.3870069716230132e-83,1.3959950513242886e-126,1.648730874196638e-131,0.12028545294139059,2,0.12594693455984565,0.0552420219355803,0.31404786489742476,0.39390521754067104,1.477847318848643,0.7710006237030029,0.8925216786420365,7659,0,0.1289841396129081,17.643086820570364,0.15090763353444964,2.7037816387435742,5.4348619750810565,10.300976671610892,15.593798413562775,14.908391236150837,14,21,0.0,0.17935497790572663,0
0.7487,0.7517,0.7331,1.0006086188356687,0.6133161918807079,0.7850198549809961,1.1494618755022665e-142,2.7839735459857146e-09,1.743897118725219e-14,5.895015120101066e-41,9.880239419491653e-49,1.386158205324693e-64,3.110264049467969e-84,1.3959950513242886e-126,1.648730874196638e-131,0.10851918362882262,2,0.1737183188158174,0.07465877415954933,0.5135679544708952,0.557286818491058,1.477847318848643,0.7853178381919861,0.8975423742176543,7331,0,0.10856032958326667,26.803865517246017,0.22846992388147375,2.1260586990303216,3.6217880530046647,6.795940116822618,10.865513768076896,13.815700150330882,14,22,0.0,0.2123236324087263,0
0.7487,0.7077,0.6688,1.0000086014481728,1.7098836835507392,0.49168016216950855,1.1494618755022665e-142,2.7839735459857146e-09,3.292972465734356e-13,3.450458336475251e-36,3.7038768858353665e-44,1.327377444138901e-56,1.3870069716230132e-83,1.3959950513242886e-126,1.648730874196638e-131,0.3941478832500751,2,0.2733474328940478,0.11222702417073274,0.8064086735606274,1.4159697786284269,1.477847318848643,0.7838005721569061,0.484898557487395,6688,0,0.44684620699935707,18.75623827772197,0.3311598979604194,13.6133926472266,17.71083613830751,23.093626669816782,27.47470263981819,34.202329860054405,14,23,0.0,0.27433398413045823,0
0.7487,0.7186,0.7455,1.0006942663781375,0.7919690099305234,0.7909138412930931,1.1494618755022665e-142,1.9651531244653215e-10,1.1766484878090118e-15,2.7227450126640934e-37,3.2337648399907627e-56,1.4864874968405488e-67,1.3870069716230132e-83,1.3959950513242886e-126,1.648730874196638e-131,0.11085551154602169,2,0.16436691751493498,0.07068457411277469,0.4990387582627798,0.49869880748054995,1.477847318848643,0.8598335981369019,0.8965085445671992,7455,0,0.10732051884167326,26.803865517246017,0.21283518698803208,2.2523167215417406,3.829961021873608,6.987822953759766,12.854621903336048,14.563290181477996,14,24,0.0,0.20325252537606384,0
0.7487,0.7492,0.7495,1.0007609710203078,0.8867466049527517,0.8053104201317942,2.927021978927055e-151,1.5961786926902599e-09,8.113920224489245e-17,3.450458336475251e-36,4.678279147763269e-53,4.8474302989905534e-61,5.401798510692719e-100,1.3959950513242886e-126,6.240434616450066e-137,0.10348769710160122,2,0.13414338525665,0.05870600952371633,0.3710778180635348,0.38573369584415157,1.477847318848643,0.7760873734951019,0.9032759395882484,7495,0,0.09991202583508763,24.26855331163458,0.1646705451811866,1.480102566589999,3.0388584453619054,6.5884736001873065,10.97185786615014,14.004238429580434,14,25,0.0,0.18597203572598556,0
0.7487,0.7562,0.7723,1.000461538753006,0.6129638344353248,0.8167135899932206,1.1494618755022665e-142,2.7839735459857146e-09,3.292972465734356e-13,1.269660038919656e-40,3.31727012062065e-53,1.0108764285875561e-69,1.3870069716230132e-83,1.3959950513242886e-126,1.648730874196638e-131,0.08818946869047606,2,0.1246128981022236,0.054706635442780906,0.36983492751971114,0.3198029754302554,1.477847318848643,0.7518541514873505,0.915735805431914,7723,0,0.09084044561739635,26.803865517246017,0.15145857928732995,1.17366899823413,2.1634970640397593,4.8570085864095205,9.433321405434608,12.89231062528634,14,26,0.0,0.17621044002213815,0
0.7487,0.7697,0.7704,1.0009349836274894,0.6191368779163007,0.8013845102315781,1.1494618755022665e-142,2.7839735459857146e-09,3.292972465734356e-13,3.450458336475251e-36,3.7038768858353665e-44,4.81067125668682e-57,1.3870069716230132e-83,1.3959950513242886e-126,1.648730874196638e-131,0.1004223852819055,2,0.13362402049377795,0.058488170792388335,0.3835175613299517,0.3591945328350213,1.477847318848643,0.7370671331882477,0.9086895078223463,7704,0,0.09910449357267148,26.015910548780624,0.16175086279228182,1.5967301275649504,3.0014162181422854,6.342080845443139,10.994604250109196,13.419876375915283,14,27,0.0,0.1845749302162459,0
0.7487,0.7593,0.7631,1.0001739295427234,0.7604890497915104,0.8080383578210488,1.1494618755022665e-142,1.0434267219266503e-09,4.757500326342959e-16,2.814581063702794e-44,1.885418705419507e-63,6.848849232249243e-81,5.488434503917482e-85,1.3959950513242886e-126,1.648730874196638e-131,0.10088541474036561,2,0.14292712604981633,0.06185976157220948,0.4732989981886374,0.35729186953171355,1.477847318848643,0.7645967900753021,0.9083471178509596,7631,0,0.09672085483947224,26.803865517246017,0.17864706415774623,1.570404699772282,3.2238513307794485,8.06677048743855,14.175130704438686,14.782006822765727,14,28,0.0,0.18735111725708012,0
0.7487,0.7613,0.7733,1.000905800058694,0.5925585932429521,0.809694317411507,1.1494618755022665e-142,2.7839735459857146e-09,3.292972465734356e-13,3.450458336475251e-36,2.428410751420476e-46,1.327377444138901e-56,1.3870069716230132e-83,1.3959950513242886e-126,1.648730874196638e-131,0.09790138758020095,2,0.12831826530557364,0.05611261237553216,0.39891657643300704,0.3294264670860594,1.477847318848643,0.7489006221294403,0.91136816840982,7733,0,0.0948127312416942,26.803865517246017,0.15785607197304694,1.340863789069018,2.7354139894219736,6.130457401719715,10.919709450238942,13.841278750427442,14,29,0.0,0.17822767920126295,0
0.7487,0.7324,0.7537,1.0001778108310337,0.6989915977379801,0.7912598806827815,1.1494618755022665e-142,2.7839735459857146e-09,3.292972465734356e-13,3.450458336475251e-36,3.7038768858353665e-44,1.4949453941799266e-57,1.3870069716230132e-83,1.3959950513242886e-126,1.648730874196638e-131,0.1032739875830434,2,0.13415127560896453,0.05880168051005876,0.34221763759587365,0.4151827834828493,1.477847318848643,0.7710074186325073,0.9053528266941522,7537,0,0.10302701359174127,26.096635688050593,0.16207286289590406,2.113915838538958,3.7433015627347146,7.090191611986415,11.656307718723454,13.201660343271346,14,2,0.0,0.1868406753626924,0
0.7487,0.7519,0.7606,1.0003447821155151,0.7280959881110852,0.8094957552978717,1.1494618755022665e-142,2.7839735459857146e-09,3.292972465734356e-13,3.450458336475251e-36,3.7038768858353665e-44,1.327377444138901e-56,1.3870069716230132e-83,1.3959950513242886e-126,1.648730874196638e-131,0.09610520800427791,2,0.14466347596227536,0.06295051947402755,0.46141094697106527,0.3699972971649895,1.477847318848643,0.7772802412509918,0.9073931630733585,7606,0,0.09670984614357148,25.52745699669033,0.17867004973781764,1.4651594883730203,2.574106952625337,5.727308600281371,10.664814843559265,12.994590774671499,14,3,0.0,0.19296448330563581,0
0.7487,0.7217,0.7026,1.0000277336439503,1.198660729689756,0.6682340943658951,1.1494618755022665e-142,2.7839735459857146e-09,1.0746948280237451e-15,3.450458336475251e-36,7.327989854031799e-56,1.8402162748271353e-66,1.3870069716230132e-83,1.3959950513242886e-126,1.648730874196638e-131,0.18679685048214156,2,0.21371352956250375,0.09047702264884387,0.6099607795591819,0.7662672490547345,1.477847318848643,0.80877685546875,0.8539660578880883,7026,0,0.16669941465915805,20.07533614114806,0.2647192032637169,3.3077824712630712,5.782798743388378,10.162801956964655,14.580409485131502,18.892437088440616,14,4,0.0,0.24152933108753527,0
0.7487,0.7457,0.7578,1.0010115773578623,0.8293236460116761,0.7925943440627093,1.1494618755022665e-142,2.7839735459857146e-09,3.292972465734356e-13,3.5448759878727662e-37,4.779318602975878e-50,3.286720560631944e-63,1.3870069716230132e-83,1.3959950513242886e-126,1.648730874196638e-131,0.10210455727050827,2,0.14247337559958073,0.062166519218213305,0.385857881468348,0.4148195222151403,1.477847318848643,0.7701757848262787,0.9049167763240735,7578,0,0.10306069606357748,23.16582334762208,0.17550776575758545,1.6641086506091647,3.589904806345865,8.031631969129739,13.120126311957836,13.51308739101398,14,5,0.0,0.19252898919919448,0
0.7487,0.702,0.6944,1.0002475863227398,1.587668845122359,0.44280346712884405,1.1494618755022665e-142,2.7839735459857146e-09,3.292972465734356e-13,3.450458336475251e-36,3.7038768858353665e-44,1.327377444138901e-56,1.3870069716230132e-83,1.3959950513242886e-126,1.648730874196638e-131,0.3883909588293023,2,0.26100242042955024,0.10699129250213284,0.8602939613117294,1.2355995702184641,1.477847318848643,0.8071287572383881,0.5029702136260729,6944,0,0.45063471562431245,19.02801690442886,0.32319962393518964,12.133176296627017,16.864246927148198,22.667919396148754,27.149061562048644,37.00543957923037,14,6,0.0,0.2585921791683717,0
0.7487,0.7271,0.7306,1.0000255705892136,1.020799803282833,0.7908037699754652,1.1494618755022665e-142,2.7839735459857146e-09,3.292972465734356e-13,3.450458336475251e-36,1.3520297687344466e-49,3.3697271810798395e-61,1.3870069716230132e-83,1.3959950513242886e-126,1.648730874196638e-131,0.11034114246653914,2,0.14560368061030443,0.06384358301552122,0.34077772023810976,0.4750674456630366,1.477847318848643,0.7754135429859161,0.8945536591067657,7306,0,0.10826157031196759,20.853220808473434,0.17371097916350214,2.553117369228757,5.025848813009693,9.839665212204457,15.047201979005337,13.782603371338004,14,7,0.0,0.20316731775619523,0
0.7487,0.7577,0.7621,1.00052187114527,0.5783859337515288,0.812556653840734,1.1494618755022665e-142,2.7839735459857146e-09,7.928498603892037e-14,3.450458336475251e-36,3.7038768858353665e-44,1.327377444138901e-56,1.3870069716230132e-83,1.3959950513242886e-126,1.648730874196638e-131,0.0956132228427814,2,0.1323465107333222,0.057859115484552213,0.41393205278517436,0.3300855137777914,1.477847318848643,0.75111523270607,0.9107485458371448,7621,0,0.0942192851721948,26.803865517246017,0.16185133409849195,1.351313017621209,2.6846251776433223,6.038687070839635,10.80060895074606,12.945531563683234,14,8,0.0,0.1822332021537815,0
0.7487,0.7563,0.7569,1.000158464199375,0.6574134111597398,0.810577820964135,4.2218149273926776e-181,1.862884810379156e-10,2.995884242559116e-17,3.450458336475251e-36,1.2229079991755069e-55,2.358122235343167e-65,8.347046674314331e-117,1.800959584567782e-139,2.575223432273466e-161,0.09992441548948805,2,0.1295950407246948,0.05681698205706124,0.3865129602608892,0.3436052919630582,1.477847318848643,0.7632728517055511,0.9043655373192525,7569,0,0.09779413963876993,26.803865517246017,0.15808021287018337,1.3078248637689491,2.5041514434921837,5.644170047210655,10.531679422461986,13.342154780747862,14,9,0.0,0.1816979530139854,0
0.7344,0.7372,0.7434,1.0001527659924816,0.7221038500724458,0.7880275029323114,2.8664187670308555e-118,1.1647179048645331e-08,8.631913480718765e-11,5.475911961165615e-31,1.1151400947645434e-49,1.7262673851300484e-56,3.3519075769404835e-68,2.1087202960282112e-107,1.308064832569928e-109,0.09950248894890934,2,0.14469064313120733,0.06320799357011951,0.3909325571756194,0.43068691433336714,1.5138099590596188,0.8021037578582764,0.899097925812625,7434,0,0.1071716754880141,22.887209829732292,0.17880741091539318,1.5466660828924883,2.8090842082033216,5.733278439372665,9.974860343652963,12.419217787163563,15,16,0.0,0.19969888513012468,0
0.7344,0.7392,0.7172,1.0003256883421991,1.0284933788486588,0.6766822543144121,1.3099383639667896e-145,3.8127673095283806e-09,8.208395471288564e-12,5.4407840645248603e-39,1.6632161914099585e-63,2.25059550649442e-76,1.9390548389886676e-83,3.4356804986275474e-127,3.7676782757324605e-133,0.14559502363016907,2,0.19858304757873763,0.08456075646330209,0.6409785037266268,0.7105799667791814,1.5138099590596188,0.8317542374134064,0.8541285904950755,7172,0,0.16751768823669066,23.054027422820546,0.2634125045244813,3.0772826119787307,4.717813670119048,8.63700403809801,13.68163585165143,17.452656940425236,15,17,0.0,0.239308374200218,0
0.7344,0.7373,0.7512,1.0000405448372551,0.6153795510106678,0.8223815961573562,9.58919193615197e-125,1.7636456619718632e-07,4.920549217237278e-11,2.341150894132203e-31,3.5053665175517955e-53,1.0016645807092038e-60,1.7667283052811178e-76,2.1087202960282112e-107,1.308064832569928e-109,0.09264020994337807,2,0.14268072855423192,0.06216938002039346,0.4030057344816681,0.44056866493352864,1.5138099590596188,0.8097047805786133,0.9066428529295512,7512,0,0.0933120270617962,22.72686143526149,0.1779437405471219,1.4820419725376273,2.622171735366148,5.129273123112851,8.747895581060648,12.345380556593048,15,18,0.0,0.1953040725332693,0
0.7344,0.7195,0.7326,1.0000308940932312,0.728757342150787,0.7794741671529164,1.4061123230469884e-141,9.526025275538347e-09,8.835294360966605e-12,4.977942110866413e-34,2.3017987625163204e-52,3.9121014929970383e-60,1.8075945883749953e-79,3.624646743738202e-122,6.101090873008903e-128,0.10056907233283541,2,0.15728130295231996,0.06836998218673712,0.41159024740864786,0.48919914538407283,1.5138099590596188,0.8296701014041901,0.8994744739532451,7326,0,0.1098541608623792,23.054027422820546,0.19536803457922952,2.139937657008086,3.6402623092339885,6.453534775125006,10.098369387167692,13.172018736076188,15,19,0.0,0.2072385838591812,0
0.7344,0.7371,0.759,1.0002867315977197,0.6708189690687674,0.7521754067512985,7.454372212813925e-142,6.418178907973112e-08,2.0286101835863334e-09,9.500815233114155e-29,3.2523423124039635e-51,2.23219151618957e-57,3.25918723435622e-80,3.091568651930472e-125,2.7779810497624697e-128,0.12483866800387378,2,0.13765775047531717,0.060310304692457475,0.41090708709830503,0.3718603948581673,1.5138099590596188,0.8005524277687073,0.8824388872393296,7590,0,0.12721644367643314,23.054027422820546,0.16856946992919267,1.4929653427448097,2.766064701983625,5.590537355375949,9.39706323735714,13.557135186242515,15,1,0.0,0.1942202504162345,0
0.7344,0.7604,0.7496,1.0001072223075844,0.9855177899023051,0.7752360863945965,6.78880054097455e-145,3.461515823262599e-08,2.281511711460316e-12,3.857470632253786e-34,1.1151400947645434e-49,1.7262673851300484e-56,1.7238374013276874e-73,3.410147347483561e-123,5.905562177165703e-134,0.10655901014347857,2,0.1534032764200741,0.06642053621276624,0.4543649333244899,0.4446182509482982,1.5138099590596188,0.7865171730518341,0.8967317190897659,7496,0,0.11232943701192766,23.054027422820546,0.19203556188120413,1.596515244734041,3.015542427528002,6.419725874365795,11.070632367551326,14.784870686364117,15,20,0.0,0.20152077983606387,0
0.7344,0.7363,0.7484,1.0000122514319396,1.2969954949583566,0.6906061969190751,2.8664187670308555e-118,7.380405863363832e-08,3.496933679408305e-11,9.617534530994215e-30,1.1151400947645434e-49,1.7262673851300484e-56,3.3519075769404835e-68,2.1087202960282112e-107,1.308064832569928e-109,0.1218477685339785,2,0.15377643859076162,0.06658295277539887,0.4080277236497772,0.48063787401178926,1.5138099590596188,0.796436220407486,0.8842763357917085,7484,0,0.14414383221057703,17.643086820570364,0.19094592601076033,2.304956490716207,4.439333741453954,8.580004882679011,12.916842316396535,14.727883231990354,15,21,0.0,0.20283756367385067,0
0.7344,0.7517,0.7365,1.0002389444906268,0.8174636865528642,0.7776330291562572,9.551437967550065e-141,1.3946370820315964e-07,1.743897118725219e-14,5.895015120101066e-41,1.1151400947645434e-49,1.386158205324693e-64,3.110264049467969e-84,1.5571188893987186e-119,1.7255435837564742e-123,0.10122474412833915,2,0.17270836846265833,0.07397207793078242,0.5567490763682317,0.543628131576715,1.5138099590596188,0.8107534348964691,0.9006170029393064,7365,0,0.10960066016499725,23.054027422820546,0.23057066028712142,1.7613454032529658,3.2916756305817922,7.033075041321046,11.869494486624003,12.908968852605835,15,22,0.0,0.21352109248076295,0
0.7344,0.7077,0.6712,1.0000325023811032,1.6391404831451544,0.508364587657579,2.8664187670308555e-118,9.668405671349825e-08,5.287579141400345e-13,2.704369282360551e-31,1.1151400947645434e-49,1.7262673851300484e-56,3.3519075769404835e-68,2.1087202960282112e-107,1.308064832569928e-109,0.41310573807198425,2,0.28772683859361053,0.11748718835041645,0.9445569816828542,1.4694915040799692,1.5138099590596188,0.8092361688613892,0.4597066725312814,6712,0,0.4535498120049438,18.75623827772197,0.35656550132036063,11.15597526603851,14.57975325063484,18.94729828542965,22.722828893858193,29.19312834905052,15,23,0.0,0.2851040933909233,0
0.7344,0.7186,0.7193,1.0000727518488828,0.8922965983133089,0.8147180017996193,2.69085772779531e-136,1.9651531244653215e-10,1.1766484878090118e-15,2.7227450126640934e-37,3.2337648399907627e-56,1.4864874968405488e-67,3.727893915514359e-79,2.008704341414967e-114,3.346346622879915e-115,0.10201511717707512,2,0.20325743442987942,0.08621204350400909,0.6634491142405956,0.630867802411412,1.5138099590596188,0.8852691948413849,0.8983588422244213,7193,0,0.0994344917102079,23.054027422820546,0.27807164003469714,1.9396509178654229,4.065342275555567,9.072857687742111,15.059784176832437,13.16485365089352,15,24,0.0,0.23282103284030717,0
0.7344,0.7492,0.7466,1.0003260842196615,0.714046039215468,0.7882676134906966,2.927021978927055e-151,1.5961786926902599e-09,8.113920224489245e-17,2.683639685027793e-32,4.678279147763269e-53,4.8474302989905534e-61,5.401798510692719e-100,1.4370893144568875e-123,6.240434616450066e-137,0.11087399042912838,2,0.14978281310157185,0.06503074114179665,0.44047388903318035,0.4288314741720867,1.5138099590596188,0.801522970199585,0.8969048278330742,7466,0,0.10807922151205263,23.054027422820546,0.18899360488349357,1.496198255717651,3.0740855551330974,6.864304938901655,11.539036054742336,14.181782926509971,15,25,0.0,0.20117531582255993,0
0.7344,0.7562,0.7624,1.0002369731130023,0.8412306462237271,0.8156985883932721,2.3630424831227754e-137,1.2796340595136934e-08,1.237969443043429e-11,1.269660038919656e-40,3.31727012062065e-53,1.0108764285875561e-69,4.387010904441941e-77,9.818560507240119e-121,1.93342115564707e-126,0.07973518684595582,2,0.13511254348814206,0.059033037224140515,0.4090378935816114,0.3424369368609198,1.5138099590596188,0.7772897481918335,0.91981564120447,7624,0,0.089273674116088,23.054027422820546,0.16698945996614065,1.3482322771821689,2.635619259757107,6.262281111611977,11.631251604956388,11.945452774961426,15,26,0.0,0.1862411232894854,0
0.7344,0.7697,0.7559,1.0002640265112228,0.8210186085778312,0.7956002885689814,3.8374034911955033e-141,4.514547179908121e-08,9.233463919606094e-10,3.602886114643847e-36,1.1151400947645434e-49,4.81067125668682e-57,2.183683142282752e-76,8.901214443772287e-120,4.67463273449664e-131,0.0968344331990284,2,0.15100667160320502,0.06552999415740263,0.4725288984302382,0.4134793910220682,1.5138099590596188,0.7625027298927307,0.9065439674809599,7559,0,0.10169639010699738,23.054027422820546,0.18829633445060825,1.5164605673572094,2.7254718218863734,5.825459760252731,10.32538924857378,12.534526700806015,15,27,0.0,0.20000794541677064,0
0.7344,0.7593,0.7676,1.0000775956739316,1.0271195272478664,0.8253018735204614,1.1496589229858893e-120,1.0434267219266503e-09,4.757500326342959e-16,2.814581063702794e-44,1.885418705419507e-63,6.848849232249243e-81,5.488434503917482e-85,2.1087202960282112e-107,1.1403748743844684e-109,0.084099108457381,2,0.1453783582910782,0.06260717700304085,0.5410135991572075,0.34828114834851875,1.5138099590596188,0.7900323867797852,0.9177154675253183,7676,0,0.08730565457888162,23.054027422820546,0.18602168456574317,2.094065487174841,4.088378344585142,9.380168728306048,16.11514101039767,13.615892071422508,15,28,0.0,0.1908664565706741,0
0.7344,0.7613,0.7659,1.000464825657797,0.8829482744504281,0.8100967238716318,3.1157955243985435e-123,4.82390972553588e-09,5.541884991332865e-13,4.033237451851793e-30,1.1151400947645434e-49,1.7262673851300484e-56,6.4299857788336886e-77,2.1087202960282112e-107,8.170187195390335e-110,0.09076803552769686,2,0.1347378233894219,0.058841381795994574,0.4489523445193545,0.32532673186184313,1.5138099590596188,0.7743362188339233,0.9185636768749699,7659,0,0.09158949565991259,23.054027422820546,0.1680132816799682,1.7463261592216521,3.416155396256273,7.726570104821626,13.269047171515226,13.149967214908214,15,29,0.0,0.18699454233911866,0
0.7344,0.7324,0.7533,1.0000591973686364,0.688689153208377,0.791394967382042,9.821452435404464e-127,8.519268008770724e-07,7.876224152683724e-11,2.3996575102919266e-34,1.1151400947645434e-49,1.4949453941799266e-57,3.0263622923431863e-74,2.1087202960282112e-107,2.488742915509378e-112,0.09089234517004308,2,0.13870624309716922,0.0607242644161092,0.3644305192523213,0.41519056214471656,1.5138099590596188,0.7964430153369904,0.9135233612829267,7533,0,0.09939690138559687,23.054027422820546,0.1698508867520662,1.5935653848688802,2.853010556657063,5.246969301637366,8.70999807762932,12.338415575914146,15,2,0.0,0.19307757455558733,0
0.7344,0.7519,0.7653,1.0004194092808434,0.7149679481360132,0.7781745980960934,2.8664187670308555e-118,5.595900066063627e-08,7.432015346378871e-10,7.621898122235169e-29,1.1151400947645434e-49,1.7262673851300484e-56,3.3519075769404835e-68,2.1087202960282112e-107,1.308064832569928e-109,0.1196989676881608,2,0.14180158036548018,0.06154762631369479,0.4625628265036854,0.3607931538994865,1.5138099590596188,0.8027158379554749,0.8997612036307736,7653,0,0.10994811512089764,23.054027422820546,0.17758239469918125,1.5599641122735632,2.877257923169403,6.274489701965703,10.845436828488111,13.249541143480908,15,3,0.0,0.19114029817736314,0
0.7344,0.7217,0.6997,1.0000177920113869,1.324130722920207,0.656302912673459,2.8664187670308555e-118,3.6390285518907375e-09,1.0746948280237451e-15,3.7116589246469307e-35,7.327989854031799e-56,1.8402162748271353e-66,2.1907367693523134e-73,2.1087202960282112e-107,2.908924976833988e-112,0.16891087117596693,2,0.21918213961272537,0.0926434341230694,0.664636601739275,0.7626740359239842,1.5138099590596188,0.834212452173233,0.8573354335477583,6997,0,0.1691786979590837,20.07533614114806,0.2726702161509459,3.3128764831752306,5.271639312161793,9.429069701478033,14.123037921464443,17.718104237745525,15,4,0.0,0.2484019257481968,0
0.7344,0.7457,0.752,1.0000651883252136,0.7853478526266029,0.7842066227450332,2.8664187670308555e-118,5.7174441546605566e-09,2.3825932419292076e-10,3.5448759878727662e-37,4.779318602975878e-50,3.286720560631944e-63,3.3519075769404835e-68,2.1087202960282112e-107,1.308064832569928e-109,0.09647312408666897,2,0.1427434264564473,0.06219843603816088,0.4029854263732471,0.40272358320604895,1.5138099590596188,0.7956113815307617,0.9052833176773603,7520,0,0.10546569097604142,23.054027422820546,0.17728309199637973,1.4032743282422901,2.733588836835169,5.759625327252762,9.59595647559166,11.52630027976781,15,5,0.0,0.1946739765637311,0
0.7344,0.702,0.6813,1.0000192474371978,1.7919592396593376,0.45038230749521735,2.8664187670308555e-118,1.3641017295321269e-06,7.898398777015119e-11,6.5119762384690825e-28,1.1151400947645434e-49,1.7262673851300484e-56,3.3519075769404835e-68,2.1087202960282112e-107,1.308064832569928e-109,0.4097613364105418,2,0.28659483665859103,0.11665947319941931,1.0874264291142406,1.3006233137759584,1.5138099590596188,0.8325643539428711,0.4753629446221972,6813,0,0.46254792876319895,19.02801690442886,0.3667739127586684,9.880605611309425,13.748704121142026,18.565334066846344,22.489093592076003,32.23542236118776,15,6,0.0,0.27643503925604423,0
0.7344,0.7271,0.7175,1.0000572782388446,0.8662853031606698,0.8213439026594426,2.8664187670308555e-118,8.302244525749991e-07,9.543942642783973e-12,2.3959517969597402e-35,1.1151400947645434e-49,3.3697271810798395e-61,3.3519075769404835e-68,2.1087202960282112e-107,1.308064832569928e-109,0.08679159097050404,2,0.15805381830388102,0.06921058647347507,0.376605560158971,0.501022993300559,1.5138099590596188,0.8008491396903992,0.9106516022884749,7175,0,0.09174540250305951,20.853220808473434,0.1919911543911884,1.979722526074847,3.6482589077733865,6.985632190543203,10.931834726345539,11.552205918530808,15,7,0.0,0.21488716119091655,0
0.7344,0.7577,0.7715,1.0001830041586413,0.8385857916462631,0.8146933782736702,1.4181951574794484e-126,3.26621274701075e-09,7.928498603892037e-14,1.3487686189465737e-27,1.1151400947645434e-49,1.7262673851300484e-56,3.949595685884759e-79,2.1087202960282112e-107,5.385023658220439e-110,0.09056226402739964,2,0.13340248408081984,0.0582393838614272,0.43344458182551227,0.32603653019521334,1.5138099590596188,0.776550829410553,0.9165662545256619,7715,0,0.09110558458196394,23.054027422820546,0.16663323356180096,1.5362350814274126,3.04460239998985,7.31207434301101,12.925110753309728,13.08135744672327,15,8,0.0,0.18498764258485909,0
0.7344,0.7563,0.7564,1.0002410448279553,0.874007333030676,0.8171080513701809,4.2218149273926776e-181,1.862884810379156e-10,2.995884242559116e-17,2.800040365717381e-35,1.2229079991755069e-55,2.358122235343167e-65,8.347046674314331e-117,1.800959584567782e-139,2.575223432273466e-161,0.09549228767796014,2,0.14138867940790523,0.06150148649752618,0.4364670262055404,0.357538457530767,1.5138099590596188,0.7887084484100342,0.904326729032732,7564,0,0.09593863369024269,23.054027422820546,0.17664883188215688,1.3906585367561375,2.9653360008105722,7.43481138183751,13.01729278638363,12.845044045188823,15,9,0.0,0.1919723131103022,0
0.7372,0.7392,0.7116,1.000241169462422,1.172586587451914,0.758988819382181,1.3099383639667896e-145,3.8127673095283806e-09,8.208395471288564e-12,5.4407840645248603e-39,1.6632161914099585e-63,2.25059550649442e-76,1.9390548389886676e-83,3.4356804986275474e-127,3.7676782757324605e-133,0.1211935694612356,2,0.18875312513633982,0.08147810655008164,0.5840286087463727,0.5398569075493374,1.5293691223615073,0.8266246020793915,0.8835344568551768,7116,0,0.12663411771801159,22.887209829732292,0.23929262558644623,2.1716508756035795,3.963890566837562,8.853368029557686,14.233606349599361,16.358971400627603,16,17,0.0,0.2367195111401521,0
0.7372,0.7373,0.7558,1.0000419013509878,0.8448648085104508,0.796865788180041,9.58919193615197e-125,1.1647179048645331e-08,4.920549217237278e-11,2.341150894132203e-31,3.5053665175517955e-53,1.0016645807092038e-60,1.7667283052811178e-76,2.4818593236804855e-105,1.6165266026999556e-109,0.09747092083685449,2,0.13337142652660194,0.05853396643053319,0.3783883026796704,0.36491208223876054,1.5293691223615073,0.8045751452445984,0.9057163775613868,7558,0,0.10155784930373257,22.72686143526149,0.16226877239468962,1.25073062746813,2.3898955617897895,5.395202705369561,9.908151586973666,13.238412718850709,16,18,0.0,0.18965888293544056,0
0.7372,0.7195,0.7192,1.0000146678044282,0.6541005446866206,0.7988891137854814,1.4061123230469884e-141,9.526025275538347e-09,8.835294360966605e-12,4.977942110866413e-34,2.3017987625163204e-52,3.9121014929970383e-60,1.8075945883749953e-79,3.624646743738202e-122,6.101090873008903e-128,0.10506174558226744,2,0.16001870539631768,0.0697847166230214,0.43479902632240175,0.465057195374201,1.5293691223615073,0.8245404660701752,0.9004922529594798,7192,0,0.10323102355597058,22.887209829732292,0.19836595813552202,1.488131614978052,2.5636850573097245,4.8996598075064135,8.720719707003235,11.373504145734461,16,19,0.0,0.21339326045758486,0
0.7372,0.7371,0.7597,1.0000526607106148,0.7850114266093426,0.8032181110569399,7.454372212813925e-142,1.1647179048645331e-08,8.631913480718765e-11,5.475911961165615e-31,3.2523423124039635e-51,2.23219151618957e-57,3.25918723435622e-80,3.091568651930472e-125,2.7779810497624697e-128,0.10487113230422285,2,0.12721390992140355,0.05606099582694499,0.38955590062940676,0.3089479882792821,1.5293691223615073,0.7954227924346924,0.9054380578187418,7597,0,0.10080352570985585,22.887209829732292,0.1535393779203232,1.462913902112146,2.6627516974976073,5.538100662657233,9.809953773474692,12.458729664576293,16,1,0.0,0.18762478809846753,0
0.7372,0.7604,0.7389,1.0005194727643658,0.9584606144446952,0.8179598541429246,6.78880054097455e-145,1.1647179048645331e-08,2.281511711460316e-12,3.857470632253786e-34,1.8190056218819834e-44,2.396256468427893e-55,1.7238374013276874e-73,3.410147347483561e-123,5.905562177165703e-134,0.09645494868016813,2,0.15576886301367612,0.0676476459524182,0.486206993873345,0.43005437992573115,1.5293691223615073,0.7813875377178192,0.9092001950399586,7389,0,0.09353817343753901,22.887209829732292,0.19563928771729142,1.598528329001024,3.0241013943414217,6.742478892017287,11.957083280473947,14.045295282318023,16,20,0.0,0.20418114720208,0
0.7372,0.7363,0.7419,1.0000191948756394,0.9670547321531384,0.742062117516274,3.816958378641189e-99,1.1647179048645331e-08,3.496933679408305e-11,5.475911961165615e-31,1.4554425314695383e-43,5.24222300758344e-53,8.879645060156358e-60,4.06853988311834e-86,2.4138955313654392e-88,0.11018075631125679,2,0.13947438336490856,0.06106390655104645,0.37092358099600303,0.39184637980205,1.5293691223615073,0.7913065850734711,0.9041230754716091,7419,0,0.11865067234077364,17.643086820570364,0.1696242890220028,1.5313807999243922,3.0150901506812304,6.176236123215908,10.13294105116427,12.210228312074593,16,21,0.0,0.19411899924915846,0
0.7372,0.7517,0.7308,1.0004412261636944,0.8790127757164917,0.8272447545675676,9.551437967550065e-141,1.1647179048645331e-08,1.743897118725219e-14,5.895015120101066e-41,9.880239419491653e-49,1.386158205324693e-64,3.110264049467969e-84,1.5571188893987186e-119,1.7255435837564742e-123,0.08307323087257013,2,0.17332802658374122,0.07465826721026893,0.5567069400511823,0.4698946252234382,1.5293691223615073,0.8056237995624542,0.9192839874487329,7308,0,0.08620029391104067,22.887209829732292,0.22556475286332128,1.5774377543161615,2.9423380193334387,6.766723114496181,12.293940053844452,11.954180500695166,16,22,0.0,0.21538936511678222,0
0.7372,0.7077,0.6706,1.0000188325659474,1.4624227418744558,0.4838928297167755,3.816958378641189e-99,1.1647179048645331e-08,5.287579141400345e-13,2.704369282360551e-31,1.4554425314695383e-43,5.24222300758344e-53,8.879645060156358e-60,4.06853988311834e-86,2.4138955313654392e-88,0.40760018647800866,2,0.27667527053740576,0.11331357812977468,0.9599388605739146,1.251816293067098,1.5293691223615073,0.8041065335273743,0.47151961603747294,6706,0,0.4567390777864687,18.75623827772197,0.33751192368755584,9.725869131674694,13.152474760631769,17.230377465704905,20.693985281097888,29.57783127433702,16,23,0.0,0.2780042382619966,0
0.7372,0.7186,0.7318,1.0001030040039813,1.1051303775041967,0.7784592978573857,2.69085772779531e-136,1.9651531244653215e-10,1.1766484878090118e-15,2.7227450126640934e-37,3.2337648399907627e-56,1.4864874968405488e-67,3.727893915514359e-79,2.008704341414967e-114,3.346346622879915e-115,0.10740340662174619,2,0.17477265667631958,0.07497860308230016,0.5787352736629581,0.4898457678973248,1.5293691223615073,0.88013955950737,0.9057690534908659,7318,0,0.10693858924303523,22.887209829732292,0.2280575244628078,1.9319581864229982,3.9663125041770777,9.889159820659883,16.63638739874363,14.95803835844532,16,24,0.0,0.21622501686622791,0
0.7372,0.7492,0.7533,1.0001995588488437,0.9131979154807426,0.7803785265958851,2.927021978927055e-151,1.5961786926902599e-09,8.113920224489245e-17,2.683639685027793e-32,4.678279147763269e-53,4.8474302989905534e-61,5.401798510692719e-100,1.4370893144568875e-123,6.240434616450066e-137,0.10843035679858037,2,0.12918468967172758,0.0567505800500116,0.3793841390444316,0.3355426825197752,1.5293691223615073,0.7963933348655701,0.9022835396667849,7533,0,0.1080521557677071,22.887209829732292,0.1571601342592973,1.3428326198208689,2.9207249498647605,7.091789156073632,12.394185580039025,14.379977199095276,16,25,0.0,0.18469068884352724,0
0.7372,0.7562,0.767,1.0001450985250189,1.0140891744948164,0.8262854384650782,2.3630424831227754e-137,1.1647179048645331e-08,1.237969443043429e-11,1.269660038919656e-40,3.31727012062065e-53,1.0108764285875561e-69,4.387010904441941e-77,9.818560507240119e-121,1.93342115564707e-126,0.08899026404528321,2,0.12982706256023388,0.05711730608605051,0.3988808938432949,0.3101942604287099,1.5293691223615073,0.7721601128578186,0.9122445253202813,7670,0,0.0895487756225084,22.887209829732292,0.1588405141157461,1.5762216877946136,3.1252738957766493,7.389533023830152,13.272455960303544,12.917107705847837,16,26,0.0,0.1852167459856794,0
0.7372,0.7697,0.7522,1.0000392935314115,0.8665343019200678,0.8212331259333744,3.8374034911955033e-141,1.1647179048645331e-08,8.631913480718765e-11,3.602886114643847e-36,1.4554425314695383e-43,4.81067125668682e-57,2.183683142282752e-76,8.901214443772287e-120,4.67463273449664e-131,0.09097543871573754,2,0.14280508797257407,0.06248305914639935,0.4425710157135496,0.36266381551163557,1.5293691223615073,0.7573730945587158,0.9075027552821089,7522,0,0.09335608665437822,22.887209829732292,0.17373095841627023,1.4282722584154703,2.716770880779286,6.090514947616573,11.089662431871892,12.000671516078029,16,27,0.0,0.19645321427103063,0
0.7372,0.7593,0.7635,1.0000512140047024,1.216415802146202,0.8410414307781395,1.1496589229858893e-120,1.0434267219266503e-09,4.757500326342959e-16,2.814581063702794e-44,1.885418705419507e-63,6.848849232249243e-81,5.488434503917482e-85,2.5802049568551427e-104,1.1403748743844684e-109,0.08262780480800802,2,0.13751856255658654,0.05969586766199127,0.47284649786164107,0.31563393969257286,1.5293691223615073,0.7849027514457703,0.9218611882220098,7635,0,0.08078150833837094,22.887209829732292,0.17356079839881336,1.8187841722798324,3.9766267036865584,10.585044652683756,17.86101409549117,14.485919669470512,16,28,0.0,0.186807991304483,0
0.7372,0.7613,0.7675,1.0002554924572895,1.0190072727262875,0.7961147733965414,3.1157955243985435e-123,4.82390972553588e-09,5.541884991332865e-13,5.475911961165615e-31,2.428410751420476e-46,1.6577952822240192e-54,6.4299857788336886e-77,1.3686675407201459e-100,8.170187195390335e-110,0.09669822882876844,2,0.13354883251064284,0.0584589296529395,0.44600699116975073,0.3093786922559475,1.5293691223615073,0.7692065834999084,0.9106080976190929,7675,0,0.0994641611632483,22.887209829732292,0.16325105829317343,1.7885613155500153,3.7682061822601898,8.599489282187902,14.680683425694705,13.62410266904316,16,29,0.0,0.18728797542905135,0
0.7372,0.7324,0.7311,1.0002214610985476,0.8080758597005419,0.7954273979411082,9.821452435404464e-127,1.1647179048645331e-08,7.876224152683724e-11,2.3996575102919266e-34,1.4554425314695383e-43,1.4949453941799266e-57,3.0263622923431863e-74,8.597779637409132e-106,2.488742915509378e-112,0.10206973232174132,2,0.14840632001985943,0.0650151479741373,0.4110511208699358,0.40305758048364887,1.5293691223615073,0.7913133800029755,0.9013438784496279,7311,0,0.10398888658878502,22.887209829732292,0.1811939748471291,1.2966554974463427,2.349359687989637,5.432312096829823,10.099706403374672,12.196928601900623,16,2,0.0,0.20291572733659768,0
0.7372,0.7519,0.7575,1.0001236997230456,0.7524143823480299,0.8151316118309326,1.8348660202595993e-113,1.1647179048645331e-08,8.631913480718765e-11,5.475911961165615e-31,1.4554425314695383e-43,5.24222300758344e-53,4.226747082126934e-68,7.724927168136943e-98,8.606002722832947e-109,0.0965168781513066,2,0.1461714123129888,0.06372287090798401,0.48603046796583294,0.33377377496355126,1.5293691223615073,0.79758620262146,0.9074189874347955,7575,0,0.09516130863759986,22.887209829732292,0.17941035871131875,1.7616544835205343,3.294993302318311,6.843985018644575,11.458922329229116,11.4066142914427,16,3,0.0,0.19889781307313092,0
0.7372,0.7217,0.689,1.0000118219540963,1.1517286805568647,0.6728652617698776,1.2504641349207993e-112,3.6390285518907375e-09,1.0746948280237451e-15,3.7116589246469307e-35,7.327989854031799e-56,1.8402162748271353e-66,2.1907367693523134e-73,4.06853988311834e-86,2.908924976833988e-112,0.18876891720781708,2,0.21797649022049395,0.09183995907381001,0.6828450423716902,0.7568028864182972,1.5293691223615073,0.8290828168392181,0.8516900130927727,6890,0,0.16638333943142003,20.07533614114806,0.2739562012240493,3.6141240900251876,5.865461989312924,10.415887138966955,15.355905736589431,15.677767389081676,16,4,0.0,0.24457807273606627,0
0.7372,0.7457,0.7459,1.000321027361569,0.6289952663461711,0.8326807888637398,3.6526952578433158e-109,5.7174441546605566e-09,8.631913480718765e-11,3.5448759878727662e-37,4.779318602975878e-50,3.286720560631944e-63,8.356060628064936e-65,7.570816150557589e-95,6.552181894083713e-99,0.08560358549502733,2,0.1451518241573898,0.06332124353923209,0.43228684377413956,0.388491307205941,1.5293691223615073,0.7904817461967468,0.9192492780996484,7459,0,0.08445012630993631,22.887209829732292,0.1786954169287126,1.216776805287974,2.104599624429336,4.446174020541699,8.416921909809112,10.546991174252138,16,5,0.0,0.19637656680812643,0
0.7372,0.702,0.6814,1.0000827611714065,1.634195130828225,0.42887456089399034,1.3123691747819363e-115,1.1647179048645331e-08,7.898398777015119e-11,5.475911961165615e-31,1.4554425314695383e-43,5.24222300758344e-53,5.8772302208562005e-64,1.1381839115471015e-95,3.4820196643634923e-104,0.40613302364155435,2,0.2704853995966325,0.11069604787042049,1.083957923439488,1.1106484689324267,1.5293691223615073,0.8274347186088562,0.4856618329598994,6814,0,0.4672345879132763,19.02801690442886,0.33841556532417144,8.517288045516834,12.026670698761976,16.538819800179766,20.22032553870082,32.65269996927206,16,6,0.0,0.2694264551452733,0
0.7372,0.7271,0.73,1.0002718197579559,0.7119309495193298,0.8012478959342869,3.9529599368596346e-115,1.1647179048645331e-08,9.543942642783973e-12,2.3959517969597402e-35,1.3520297687344466e-49,3.3697271810798395e-61,1.7568636636505807e-67,8.835134685425689e-100,7.954611400942706e-108,0.10362622782961084,2,0.142967864658136,0.06285395371606745,0.3546130117894001,0.44188483279241864,1.5293691223615073,0.7957195043563843,0.9014051097807053,7300,0,0.10207332288904891,20.853220808473434,0.1716471783673678,1.6999890297220277,3.1514695213052852,6.090095682155206,9.54904819033146,10.71120916378707,16,7,0.0,0.20302219567725,0
0.7372,0.7577,0.7603,1.0004313593864114,0.9616259647371727,0.8051491792415475,1.4181951574794484e-126,3.26621274701075e-09,7.928498603892037e-14,5.475911961165615e-31,8.084211119964179e-44,4.253785685928464e-56,3.949595685884759e-79,2.0643194318029887e-104,5.385023658220439e-110,0.09738150608557139,2,0.13516907437862627,0.05909959750521125,0.4483143506973188,0.30698704125090287,1.5293691223615073,0.7714211940765381,0.906707728412637,7603,0,0.09857989349538587,22.887209829732292,0.1631783668805191,1.8338078965573477,3.814881239361994,8.65552205830468,14.688926233780384,13.145453771496689,16,8,0.0,0.18877892603866786,0
0.7372,0.7563,0.7524,1.0000952363081874,1.0191742063897966,0.8128357409848619,4.2218149273926776e-181,1.862884810379156e-10,2.995884242559116e-17,2.800040365717381e-35,1.2229079991755069e-55,2.358122235343167e-65,8.347046674314331e-117,1.800959584567782e-139,2.575223432273466e-161,0.09400604267038404,2,0.1397207099256883,0.06111054455192452,0.43356300102159223,0.33696248238654924,1.5293691223615073,0.7835788130760193,0.9133220564977858,7524,0,0.09310085622665243,22.887209829732292,0.16945476341832447,1.6272529213686502,3.4448820055823877,8.124471940139095,14.312279121083021,13.394211379960623,16,9,0.0,0.19231456782719006,0
0.7392,0.7373,0.7137,1.0000571943320418,1.011087780672422,0.6956353142629952,1.3099383639667896e-145,3.8127673095283806e-09,8.208395471288564e-12,5.4407840645248603e-39,1.6632161914099585e-63,2.25059550649442e-76,1.9390548389886676e-83,3.4356804986275474e-127,3.7676782757324605e-133,0.1384142118697489,2,0.1884763480812639,0.080955347983932,0.6346116392188796,0.5827064295437111,1.6942757543212812,0.8342256247997284,0.8633145000205781,7137,0,0.15651179665370885,22.72686143526149,0.2396968520505126,2.7423091417939816,4.351357656395669,8.057329476490489,13.158846590274573,17.90927201301376,17,18,0.0,0.23307289507512238,0
0.7392,0.7195,0.717,1.0000148930242827,1.103093624101242,0.7523821728310494,1.3099383639667896e-145,3.8127673095283806e-09,8.208395471288564e-12,5.4407840645248603e-39,1.6632161914099585e-63,2.25059550649442e-76,1.9390548389886676e-83,3.4356804986275474e-127,3.7676782757324605e-133,0.12424954640678987,2,0.16636869312820357,0.0724771904495549,0.45120498261054265,0.5009061776710992,1.6942757543212812,0.8541909456253052,0.8751053173113652,7170,0,0.1321170239833045,23.75549568877179,0.20205029551805878,1.9790602416778977,3.827952791423977,8.1602870707981,13.258066432273388,15.451292033057237,17,19,0.0,0.22071957271746315,0
0.7392,0.7371,0.7421,1.0000307817667282,0.8802216044789232,0.8099344477965498,1.3099383639667896e-145,3.8127673095283806e-09,8.208395471288564e-12,5.4407840645248603e-39,1.6632161914099585e-63,2.25059550649442e-76,1.9390548389886676e-83,3.4356804986275474e-127,3.7676782757324605e-133,0.09775785797217962,2,0.14637344968614727,0.06413186093408058,0.4315568356318827,0.3902757136643348,1.6942757543212812,0.8250732719898224,0.8972602632547632,7421,0,0.1015678053147141,23.899154514283683,0.17887473562248246,1.5171012626459794,2.5821201487649175,5.920441207723409,11.236141316020488,13.360442070097658,17,1,0.0,0.20326842214977356,0
0.7392,0.7604,0.7526,1.0005196968686378,0.9198436192185027,0.8013188741756391,1.3099383639667896e-145,3.8127673095283806e-09,2.281511711460316e-12,5.4407840645248603e-39,1.6632161914099585e-63,2.25059550649442e-76,1.9390548389886676e-83,3.4356804986275474e-127,5.905562177165703e-134,0.1015542090604542,2,0.15417298162800777,0.06653045525397001,0.509729784394074,0.4344616788222951,1.6942757543212812,0.8110380172729492,0.891421429476724,7526,0,0.10831565448400504,25.069645977878633,0.1965318517251273,1.83955106938024,3.1631111183676794,5.980087896430349,10.44664129089117,14.583969019310093,17,20,0.0,0.20240962883959068,0
0.7392,0.7363,0.7178,1.0000418271319735,1.8088251294811406,0.6440069693522023,1.3099383639667896e-145,3.8127673095283806e-09,8.208395471288564e-12,5.4407840645248603e-39,1.6632161914099585e-63,2.25059550649442e-76,1.9390548389886676e-83,3.4356804986275474e-127,3.7676782757324605e-133,0.15181651147267083,2,0.18262493034502075,0.07829064695210788,0.543059801734943,0.5641626062557863,1.6942757543212812,0.8209570646286011,0.8721521159699488,7178,0,0.1720459325556376,17.643086820570364,0.23365294054181876,2.518440154714124,5.422470541905424,11.47397302174926,16.769451380322874,18.75833859814248,17,21,0.0,0.22710603406223318,0
0.7392,0.7517,0.7531,1.0004607116128503,0.7967514969452782,0.7532908212998379,1.3099383639667896e-145,3.8127673095283806e-09,1.743897118725219e-14,5.895015120101066e-41,1.6632161914099585e-63,2.25059550649442e-76,3.110264049467969e-84,3.4356804986275474e-127,3.7676782757324605e-133,0.10803971360470321,2,0.14469978104143927,0.0627684289824399,0.4611852280292751,0.3897205468840519,1.6942757543212812,0.8352742791175842,0.8945257452779973,7531,0,0.12600105995963162,26.82395664043615,0.17867250772081802,1.8583057628200887,3.376768077777277,6.569575386239285,10.318198529070616,15.40120788755712,17,22,0.0,0.19430461263062906,0
0.7392,0.7077,0.6491,1.000009793390682,2.0333069269472572,0.4555625597741501,1.3099383639667896e-145,3.8127673095283806e-09,5.287579141400345e-13,5.4407840645248603e-39,1.6632161914099585e-63,2.25059550649442e-76,1.9390548389886676e-83,3.4356804986275474e-127,3.7676782757324605e-133,0.43096047926630243,2,0.30605572899726524,0.12483174276721805,1.1485833758869428,1.703889869788936,1.6942757543212812,0.8337570130825043,0.4341279571732022,6491,0,0.46567432951258636,18.75623827772197,0.38159761142980586,11.973687829787194,16.479277085540012,22.600910993021788,26.639018489921092,30.6905720197153,17,23,0.0,0.3003674894765451,0
0.7392,0.7186,0.6754,1.0003717446483238,0.7641691906721133,0.6409177052063917,1.3099383639667896e-145,1.9651531244653215e-10,1.1766484878090118e-15,5.4407840645248603e-39,1.6632161914099585e-63,2.25059550649442e-76,1.9390548389886676e-83,3.4356804986275474e-127,3.7676782757324605e-133,0.16340072429582042,2,0.2730665545964737,0.11337611384148236,1.2160913124773118,0.8375825561643214,1.6942757543212812,0.9097900390625,0.8571897549882241,6754,0,0.1793983996032562,28.121713355353254,0.3909432200166625,5.0513737845020765,7.686889432321911,11.77325483761691,15.852325611341,19.087345409405213,17,24,0.0,0.2798929575990261,0
0.7392,0.7492,0.7344,1.00014178950587,0.9989238471494313,0.6232795095773985,2.927021978927055e-151,1.5961786926902599e-09,8.113920224489245e-17,5.4407840645248603e-39,1.6632161914099585e-63,2.25059550649442e-76,5.401798510692719e-100,3.4356804986275474e-127,6.240434616450066e-137,0.17885357791711165,2,0.1789356677390653,0.07672413482453178,0.6025379480468069,0.519707260363327,1.6942757543212812,0.8260438144207001,0.84810642497284,7344,0,0.189955876729492,24.26855331163458,0.2274796855518107,3.247776463223234,5.269044602046581,8.740476034947697,12.887765038758516,20.227442261721137,17,25,0.0,0.2238052093841853,0
0.7392,0.7562,0.7442,1.0004589259517842,0.7165070046741876,0.7804278314412387,1.3099383639667896e-145,3.8127673095283806e-09,8.208395471288564e-12,1.269660038919656e-40,1.6632161914099585e-63,2.25059550649442e-76,1.9390548389886676e-83,3.4356804986275474e-127,3.7676782757324605e-133,0.11124695565178722,2,0.16573968268220726,0.07160389370641135,0.585455381154958,0.43706554065483977,1.6942757543212812,0.8018105924129486,0.8880136856352161,7442,0,0.11745521780338541,28.637696204214404,0.20650504586872034,2.4479585207496597,4.160392852005993,7.651483568935793,11.720133496379852,14.947692711988838,17,26,0.0,0.21404692711090015,0
0.7392,0.7697,0.7513,1.0000814596359962,0.836055115955025,0.7878922863105607,1.3099383639667896e-145,3.8127673095283806e-09,8.208395471288564e-12,5.4407840645248603e-39,1.6632161914099585e-63,2.25059550649442e-76,1.9390548389886676e-83,3.4356804986275474e-127,3.7676782757324605e-133,0.10612432574870767,2,0.15760373547111575,0.06825947618590841,0.548086392168159,0.41649445518509964,1.6942757543212812,0.7870235741138458,0.8833925803101591,7513,0,0.11602961991757377,26.015910548780624,0.19786046443587987,2.054064351610362,3.4217731074204623,6.0400009191510105,10.83301739487648,15.532825681531026,17,27,0.0,0.20599275486616142,0
0.7392,0.7593,0.7572,1.0001023447550352,0.7077229787674579,0.7714378957687241,1.3099383639667896e-145,1.0434267219266503e-09,4.757500326342959e-16,2.814581063702794e-44,1.6632161914099585e-63,6.848849232249243e-81,5.488434503917482e-85,3.4356804986275474e-127,3.7676782757324605e-133,0.10773868931663522,2,0.15365410492393014,0.0662557489481579,0.5556243548948793,0.3950780486782919,1.6942757543212812,0.8145532310009003,0.8936112602917432,7572,0,0.11905903847935262,28.637696204214404,0.19609709306890066,2.6438937165424052,4.645347060806799,8.81926435580276,14.292298148155213,15.797365784368663,17,28,0.0,0.19977206811762102,0
0.7392,0.7613,0.7392,1.0005857487956527,0.8530030698235413,0.6703215008710331,1.3099383639667896e-145,3.8127673095283806e-09,5.541884991332865e-13,5.4407840645248603e-39,1.6632161914099585e-63,2.25059550649442e-76,1.9390548389886676e-83,3.4356804986275474e-127,3.7676782757324605e-133,0.14188533840913886,2,0.17512922618962448,0.07524755697365021,0.6589832408110842,0.44605371512926467,1.6942757543212812,0.7988570630550385,0.8715585442547229,7392,0,0.16403840854577,28.05816606768434,0.2226387091250423,3.0745715571607697,5.181807526786105,9.258075171925606,13.843099708634615,17.502973121662407,17,29,0.0,0.21910438214760425,0
0.7392,0.7324,0.715,1.0000694782333182,0.9666154684799555,0.6991889150960992,1.3099383639667896e-145,3.8127673095283806e-09,8.208395471288564e-12,5.4407840645248603e-39,1.6632161914099585e-63,2.25059550649442e-76,1.9390548389886676e-83,3.4356804986275474e-127,3.7676782757324605e-133,0.14773505190741942,2,0.18186537916216694,0.07825695923326355,0.5657897945702968,0.5349935078694688,1.6942757543212812,0.8209638595581055,0.8575145460497047,7150,0,0.15957394216370901,26.096635688050593,0.23055540588325948,2.3006925305351036,3.9653115392214975,8.222958759971911,13.344341883985512,17.7103313560562,17,2,0.0,0.22753484995426734,0
0.7392,0.7519,0.7415,1.0006615410038897,0.9536785996900826,0.7542337885412307,1.3099383639667896e-145,3.8127673095283806e-09,8.208395471288564e-12,5.4407840645248603e-39,1.6632161914099585e-63,2.25059550649442e-76,1.9390548389886676e-83,3.4356804986275474e-127,3.7676782757324605e-133,0.12741098971002163,2,0.17631332673273356,0.07548968687839763,0.6162018441216051,0.4673859207399826,1.6942757543212812,0.82723668217659,0.8814636932537433,7415,0,0.12997816881798596,25.52745699669033,0.2266701562019177,2.341503575658155,4.074098957845703,7.397426658523083,11.885450203198195,15.51641365558863,17,3,0.0,0.2190936750292135,0
0.7392,0.7217,0.7122,1.00017714685338,1.6200347891357605,0.5861001442592201,1.3099383639667896e-145,3.6390285518907375e-09,1.0746948280237451e-15,5.4407840645248603e-39,1.6632161914099585e-63,2.25059550649442e-76,1.9390548389886676e-83,3.4356804986275474e-127,3.7676782757324605e-133,0.22346783514164525,2,0.20955360058638317,0.08843596760070868,0.6530837227338707,0.8565422780892231,1.6942757543212812,0.8587332963943481,0.8078766179363532,7122,0,0.22020056549583011,20.07533614114806,0.26306325010284964,4.062112503560999,6.38525050460351,10.671864875743074,15.20672431228757,21.4256060666015,17,4,0.0,0.24216765351016212,0
0.7392,0.7457,0.7415,1.0004086706304094,1.0559088077389027,0.7941500772955188,1.3099383639667896e-145,3.8127673095283806e-09,8.208395471288564e-12,5.4407840645248603e-39,1.6632161914099585e-63,2.25059550649442e-76,1.9390548389886676e-83,3.4356804986275474e-127,3.7676782757324605e-133,0.10156320712284117,2,0.159218898738372,0.06898531384584698,0.48339356369890885,0.45537586246032213,1.6942757543212812,0.8201322257518768,0.8955332976132404,7415,0,0.1097471104754878,23.16582334762208,0.20019831286192172,1.6569793142042486,3.21075305434627,7.191238914585329,12.5680041025877,14.950708453795347,17,5,0.0,0.21024803376371784,0
0.7392,0.702,0.6416,1.0004095882116946,1.917235607016965,0.4000226022720423,1.3099383639667896e-145,3.8127673095283806e-09,8.208395471288564e-12,5.4407840645248603e-39,1.6632161914099585e-63,2.25059550649442e-76,1.9390548389886676e-83,3.4356804986275474e-127,3.7676782757324605e-133,0.44837926517749005,2,0.3048394689220859,0.12452616188982141,1.2861883614339376,1.5778490074341316,1.6942757543212812,0.8570851981639862,0.41350784533624413,6416,0,0.5063257537070336,19.02801690442886,0.3887121466417663,10.94921035470496,15.781599243457459,22.117267836514383,26.223605554377286,33.5070457264714,17,6,0.0,0.29650954618134157,0
0.7392,0.7271,0.7046,1.0001237708443298,1.3662926650529175,0.7310054560326532,1.3099383639667896e-145,3.8127673095283806e-09,8.208395471288564e-12,5.4407840645248603e-39,1.6632161914099585e-63,2.25059550649442e-76,1.9390548389886676e-83,3.4356804986275474e-127,3.7676782757324605e-133,0.12958323239611858,2,0.19830793378039424,0.08502389891748544,0.561442048145447,0.6612591527630844,1.6942757543212812,0.8253699839115143,0.8689991920764208,7046,0,0.14278204272759265,20.853220808473434,0.2515075795993194,3.135465094043342,5.629465477048383,10.330760627686791,15.378579736590385,17.189689395591007,17,7,0.0,0.2426059672991657,0
0.7392,0.7577,0.7371,1.0006212808841888,0.8803366787936646,0.688811103486553,1.3099383639667896e-145,3.26621274701075e-09,7.928498603892037e-14,5.4407840645248603e-39,1.6632161914099585e-63,2.25059550649442e-76,1.9390548389886676e-83,3.4356804986275474e-127,3.7676782757324605e-133,0.1457290285076125,2,0.18496186425168004,0.07871772930871286,0.7313555984251893,0.4690773406895477,1.6942757543212812,0.8010716736316681,0.8650719439080441,7371,0,0.1600295079171996,27.256245349582656,0.23895950480090605,3.6652263762268618,6.010738970958546,10.001851743494965,14.140814085310698,17.06738454277789,17,8,0.0,0.2233458895862821,0
0.7392,0.7563,0.7223,1.0003588645407884,0.8197872863730927,0.6803972855094884,4.2218149273926776e-181,1.862884810379156e-10,2.995884242559116e-17,5.4407840645248603e-39,1.6632161914099585e-63,2.25059550649442e-76,8.347046674314331e-117,1.800959584567782e-139,2.575223432273466e-161,0.15492986759891536,2,0.20146375963676139,0.08493833450108072,0.8150659368952172,0.5657787964175641,1.6942757543212812,0.8132292926311493,0.8575547843252779,7223,0,0.16528178451109443,28.637696204214404,0.2659415726542506,3.993615370369568,6.361691440981087,10.352274140265587,14.442463608664275,18.71168661873739,17,9,0.0,0.23401319892742858,0
0.7373,0.7195,0.7236,1.0000213555130943,0.8545148694836059,0.7780173335305334,1.4061123230469884e-141,9.526025275538347e-09,8.835294360966605e-12,4.977942110866413e-34,3.5053665175517955e-53,1.0016645807092038e-60,1.8075945883749953e-79,3.624646743738202e-122,6.101090873008903e-128,0.10710154457367738,2,0.16305639607559727,0.07088153643167179,0.4512953808371302,0.4967320077372114,1.4748629060626484,0.8321414887905121,0.8895152976191933,7236,0,0.11475196704874802,22.72686143526149,0.20144840793338026,1.9717202418800996,3.4004694960662776,6.430373180498699,10.537422290387749,14.25912634503617,18,19,0.0,0.21294453703330496,0
0.7373,0.7371,0.7583,1.00002017576275,0.6824011158075771,0.7618649008081821,7.454372212813925e-142,6.418178907973112e-08,4.920549217237278e-11,2.341150894132203e-31,3.5053665175517955e-53,1.0016645807092038e-60,3.25918723435622e-80,3.091568651930472e-125,2.7779810497624697e-128,0.12135956553201055,2,0.1315526700667056,0.05757020357495935,0.42637021295860594,0.34477142374268316,1.4748629060626484,0.8030238151550293,0.8956700289429529,7583,0,0.11817414037054275,22.72686143526149,0.16088929541451602,1.7308658456378347,2.9151061787629216,5.4452280276756,9.27698471800089,14.69867745224394,18,1,0.0,0.18717607289959956,0
0.7373,0.7604,0.7529,1.0001031878348547,1.0687076113081613,0.7633539739260052,6.78880054097455e-145,3.461515823262599e-08,2.281511711460316e-12,3.857470632253786e-34,3.5053665175517955e-53,1.0016645807092038e-60,1.7667283052811178e-76,3.410147347483561e-123,5.905562177165703e-134,0.11299091637716852,2,0.14472525624839444,0.06278453257433696,0.4455695777260551,0.42471822401103326,1.4748629060626484,0.7889885604381561,0.8997542582664199,7529,0,0.11487363640708992,22.72686143526149,0.18128940578061534,1.7454632073686087,3.2574924475413276,6.798927551948302,11.271942025566101,14.819392303272148,18,20,0.0,0.19366575684410467,0
0.7373,0.7363,0.7532,1.0000514741587125,1.4543119527352164,0.6762349183981209,9.58919193615197e-125,7.380405863363832e-08,3.496933679408305e-11,2.341150894132203e-31,3.5053665175517955e-53,1.0016645807092038e-60,1.7667283052811178e-76,2.4818593236804855e-105,1.6165266026999556e-109,0.11812964371464818,2,0.14797132692535928,0.06420099606266745,0.412250505654122,0.44770626828926796,1.4748629060626484,0.798907607793808,0.8849808454133309,7532,0,0.14884254243196537,17.643086820570364,0.1822580523804194,2.0665688736742545,4.1249907177293705,8.41319447382071,12.956915368342399,15.732828076924143,18,21,0.0,0.19889718668908382,0
0.7373,0.7517,0.732,1.0001004813861643,0.8797077584089508,0.7761846814521688,9.551437967550065e-141,1.3946370820315964e-07,1.743897118725219e-14,5.895015120101066e-41,3.5053665175517955e-53,1.386158205324693e-64,3.110264049467969e-84,1.5571188893987186e-119,1.7255435837564742e-123,0.09828191910183381,2,0.17044719652596532,0.07321768496897417,0.5542472428542938,0.5189670883209788,1.4748629060626484,0.8132248222827911,0.8998365173457801,7320,0,0.11085663636159393,22.72686143526149,0.22362858142365377,1.8079331300962926,3.387987979514804,7.005531845718015,11.59956926059723,13.082807846301677,18,22,0.0,0.21246953801196541,0
0.7373,0.7077,0.664,1.000021132240337,1.7093398597799045,0.5380399630395913,9.58919193615197e-125,9.668405671349825e-08,5.287579141400345e-13,2.341150894132203e-31,3.5053665175517955e-53,1.0016645807092038e-60,1.7667283052811178e-76,2.4818593236804855e-105,1.6165266026999556e-109,0.4053554432506955,2,0.28499676686765574,0.11667884854871245,0.9707303725975024,1.381000776470423,1.4748629060626484,0.8117075562477112,0.4646199347894801,6640,0,0.43853770788051616,18.75623827772197,0.3502159420991149,10.075716592678106,13.760393884093794,18.693744808661286,22.724030648308993,28.053413523093514,18,23,0.0,0.2855783462796882,0
0.7373,0.7186,0.7321,1.000015681089555,0.8163104440239204,0.8212533037535812,2.69085772779531e-136,1.9651531244653215e-10,1.1766484878090118e-15,2.7227450126640934e-37,3.2337648399907627e-56,1.4864874968405488e-67,3.727893915514359e-79,2.008704341414967e-114,3.346346622879915e-115,0.09519405701182293,2,0.17891211263573834,0.07646077280850605,0.6007855483619355,0.5079901264885517,1.4748629060626484,0.8877405822277069,0.9087814401022869,7321,0,0.09281738198223466,22.72686143526149,0.2372259704597099,1.806676822766836,3.61120678993496,8.231810874124335,14.055231426632405,12.828715933600947,18,24,0.0,0.21446932493140702,0
0.7373,0.7492,0.7529,1.00009562122572,0.6358575356395098,0.8037692975110367,2.927021978927055e-151,1.5961786926902599e-09,8.113920224489245e-17,2.683639685027793e-32,3.5053665175517955e-53,4.8474302989905534e-61,5.401798510692719e-100,1.4370893144568875e-123,6.240434616450066e-137,0.10841127203674294,2,0.133207202788119,0.05817046957633601,0.39060123505135114,0.3766362492788549,1.4748629060626484,0.803994357585907,0.9016994168784217,7529,0,0.10143858528050143,22.72686143526149,0.1642211365160854,1.2935927864743932,2.753447389678659,6.335246206973646,10.994100945019722,13.12350157980907,18,25,0.0,0.18699084042778397,0
0.7373,0.7562,0.7698,1.0007911734323611,0.8407614836236225,0.7938406365317174,2.3630424831227754e-137,1.2796340595136934e-08,1.237969443043429e-11,1.269660038919656e-40,3.31727012062065e-53,1.0108764285875561e-69,4.387010904441941e-77,9.818560507240119e-121,1.93342115564707e-126,0.09151661939999667,2,0.1276284991118437,0.055874570623947815,0.4378980124972755,0.3139202365005982,1.4748629060626484,0.7797611355781555,0.9091149741034074,7698,0,0.10096390042770786,22.72686143526149,0.15594289692352767,1.762271119578273,3.1645189032948235,6.696463105328789,11.719510106885433,13.051093338652496,18,26,0.0,0.18003343834813876,0
0.7373,0.7697,0.7621,1.0000063873456746,0.9070168925179023,0.7892903961667485,3.8374034911955033e-141,4.514547179908121e-08,4.920549217237278e-11,3.602886114643847e-36,3.5053665175517955e-53,1.0016645807092038e-60,1.7667283052811178e-76,8.901214443772287e-120,4.67463273449664e-131,0.10194076311245848,2,0.13904596956903742,0.06058979405063005,0.4536240957519807,0.37643464078623795,1.4748629060626484,0.7649741172790527,0.9031173601332345,7621,0,0.1051911431301289,22.72686143526149,0.1725572986590649,1.6082836034348267,2.879066659879491,5.894589570554524,10.080733364629745,13.296072941299444,18,27,0.0,0.18995608827340812,0
0.7373,0.7593,0.7649,1.0000622720106978,0.9847262932461679,0.8228963743386312,9.58919193615197e-125,1.0434267219266503e-09,4.757500326342959e-16,2.814581063702794e-44,1.885418705419507e-63,6.848849232249243e-81,5.488434503917482e-85,2.4818593236804855e-105,1.1403748743844684e-109,0.08729496248819135,2,0.13865597419137138,0.060128456907341525,0.46897363004304327,0.3412592564552917,1.4748629060626484,0.7925037741661072,0.9155810219969603,7649,0,0.08924998612917856,22.72686143526149,0.17365137060072172,1.8979318156747909,3.8754982454618903,9.18171692839206,15.928110133588314,14.177865389920802,18,28,0.0,0.18687607631863512,0
0.7373,0.7613,0.7712,1.000015100013749,0.8999010937126898,0.8037168881462589,9.58919193615197e-125,4.82390972553588e-09,5.541884991332865e-13,2.341150894132203e-31,3.5053665175517955e-53,1.0016645807092038e-60,6.4299857788336886e-77,2.4818593236804855e-105,8.170187195390335e-110,0.08966985774574687,2,0.1338621368112644,0.058269191332858114,0.45550720132349326,0.3276388636215379,1.4748629060626484,0.7768076062202454,0.9147960312500041,7712,0,0.09577754178278741,22.72686143526149,0.1677293156773646,1.8678702791811619,3.667111670941276,7.855909874311635,13.16176283080578,14.031187683770117,18,29,0.0,0.18423701898234146,0
0.7373,0.7324,0.7431,1.0000390199778115,0.8281855794108883,0.7499001911705933,9.821452435404464e-127,1.7636456619718632e-07,4.920549217237278e-11,2.3996575102919266e-34,3.5053665175517955e-53,1.0016645807092038e-60,1.7667283052811178e-76,8.597779637409132e-106,2.488742915509378e-112,0.11127691332502809,2,0.14849168864273643,0.06455959919380341,0.4391140575765414,0.44589037109491275,1.4748629060626484,0.7989144027233124,0.8881798831773913,7431,0,0.12422190318222348,22.72686143526149,0.18351115028326417,1.6831953472093018,2.96922949569466,5.780802040135231,9.614075126872956,13.462989402850143,18,2,0.0,0.19919326069087057,0
0.7373,0.7519,0.7632,1.0002364834941582,0.8266579377447696,0.7687143216415575,9.58919193615197e-125,5.595900066063627e-08,4.920549217237278e-11,2.341150894132203e-31,3.5053665175517955e-53,1.0016645807092038e-60,1.7667283052811178e-76,2.4818593236804855e-105,1.6165266026999556e-109,0.10897773504263197,2,0.1444345086442199,0.06258638238448114,0.5101189969833259,0.3627146310263088,1.4748629060626484,0.8051872253417969,0.8889006620535663,7632,0,0.11801382718160647,22.72686143526149,0.18020302714975997,1.9956238380973372,3.5185806014912084,6.888829656415785,11.077627967905999,13.826326482637727,18,3,0.0,0.1932545553972661,0
0.7373,0.7217,0.7086,1.000013145507624,1.5088438397685613,0.6338890163452083,9.58919193615197e-125,3.6390285518907375e-09,1.0746948280237451e-15,3.7116589246469307e-35,7.327989854031799e-56,1.8402162748271353e-66,1.7667283052811178e-76,2.4818593236804855e-105,2.908924976833988e-112,0.1955963929196709,2,0.20913909997247415,0.08853840591104346,0.6800092371084558,0.7399455472456482,1.4748629060626484,0.836683839559555,0.8547358175388325,7086,0,0.17838851668844002,20.07533614114806,0.2598212192104912,4.183959446368238,6.2913880431094515,10.119053785141189,14.452199364233017,19.619883167601856,18,4,0.0,0.2399641315817354,0
0.7373,0.7457,0.7562,1.000030877288779,0.8720146148607704,0.7919272282267632,9.58919193615197e-125,5.7174441546605566e-09,4.920549217237278e-11,3.5448759878727662e-37,3.5053665175517955e-53,3.286720560631944e-63,1.7667283052811178e-76,2.4818593236804855e-105,1.6165266026999556e-109,0.08926892220370675,2,0.1376445865081476,0.06007764956518994,0.40321153456914727,0.37824984711965937,1.4748629060626484,0.7980827689170837,0.9132462971689831,7562,0,0.09969916822558844,22.72686143526149,0.17002464816447185,1.2377688892550722,2.470848394153001,5.457064570307668,9.443835581314564,12.840155812331094,18,5,0.0,0.1898151197733708,0
0.7373,0.702,0.6886,1.0000048003884778,1.8515349246315589,0.47723206086609965,9.58919193615197e-125,1.7636456619718632e-07,4.920549217237278e-11,2.341150894132203e-31,3.5053665175517955e-53,1.0016645807092038e-60,1.7667283052811178e-76,2.4818593236804855e-105,1.6165266026999556e-109,0.4214242365408922,2,0.27413376490171304,0.11201163263878638,1.048211024939339,1.2064468939075086,1.4748629060626484,0.8350357413291931,0.4454164924874075,6886,0,0.47419630758171916,19.02801690442886,0.3442313422778833,8.532706012480007,12.72518578676357,18.2397700487309,22.3994833995007,31.153053003363077,18,6,0.0,0.27008759359788076,0
0.7373,0.7271,0.7267,1.0001682867961295,1.010241303261224,0.8204558531060125,9.58919193615197e-125,1.7636456619718632e-07,9.543942642783973e-12,2.3959517969597402e-35,3.5053665175517955e-53,3.3697271810798395e-61,1.7667283052811178e-76,2.4818593236804855e-105,1.6165266026999556e-109,0.0882248731838472,2,0.13957656476289831,0.061467960689693305,0.3432090357877452,0.4375615997229909,1.4748629060626484,0.8033205270767212,0.9102054265668185,7267,0,0.09242768603904317,20.853220808473434,0.16979620765501244,1.728480811666861,3.4143293714079728,7.0683815756576385,11.229994832772016,13.258895818617331,18,7,0.0,0.20003676892175928,0
0.7373,0.7577,0.7631,1.0000180669332333,0.9158025507225497,0.7899673627793513,1.4181951574794484e-126,3.26621274701075e-09,7.928498603892037e-14,2.341150894132203e-31,3.5053665175517955e-53,1.0016645807092038e-60,3.949595685884759e-79,2.4818593236804855e-105,5.385023658220439e-110,0.10209139034275516,2,0.13581270380305827,0.05926953699612513,0.46040944711738957,0.3170464563205292,1.4748629060626484,0.779022216796875,0.9026911473011999,7631,0,0.10543054072086089,22.72686143526149,0.1647524474209723,1.996042688245555,3.894547515226531,8.049258160042235,13.25895152375698,14.310134100288455,18,8,0.0,0.18681775252729022,0
0.7373,0.7563,0.7523,1.000172272650181,0.8572146601473682,0.8058517981117322,4.2218149273926776e-181,1.862884810379156e-10,2.995884242559116e-17,2.800040365717381e-35,1.2229079991755069e-55,2.358122235343167e-65,8.347046674314331e-117,1.800959584567782e-139,2.575223432273466e-161,0.10350098658908302,2,0.1446529892579439,0.06264833670782924,0.4726237051714249,0.37963621616459725,1.4748629060626484,0.7911798357963562,0.9038591266224242,7523,0,0.09982363598108168,22.72686143526149,0.18321444038728765,1.7993657155447436,3.474682067703764,7.647088983000294,13.036008764827251,13.70981056899756,18,9,0.0,0.1926622323634461,0
0.7195,0.7371,0.7394,1.0000698202290936,0.7674649281575248,0.80075675884754,7.454372212813925e-142,9.526025275538347e-09,8.835294360966605e-12,4.977942110866413e-34,2.3017987625163204e-52,3.9121014929970383e-60,3.25918723435622e-80,3.091568651930472e-125,2.7779810497624697e-128,0.10576463729918406,2,0.14514877496026082,0.06377926973204617,0.43330982983043104,0.3643677319705124,1.6063584748147899,0.8229891359806061,0.8909449825788022,7394,0,0.10765315506252349,23.75549568877179,0.17367168978416367,1.5724118237346016,2.8062455595984526,5.573384846376064,9.476198442444206,11.857220943402996,19,1,0.0,0.20266664783047336,0
0.7195,0.7604,0.7361,1.0000112336756521,0.8794856835888815,0.7952103431881263,6.78880054097455e-145,9.526025275538347e-09,2.281511711460316e-12,3.857470632253786e-34,2.3017987625163204e-52,3.9121014929970383e-60,1.8075945883749953e-79,3.410147347483561e-123,5.905562177165703e-134,0.10775757191190483,2,0.1529525177666537,0.0665806980561483,0.46795496855677166,0.3977915361302332,1.6063584748147899,0.8089538812637329,0.8949965865989943,7361,0,0.10686118530257682,23.75549568877179,0.18753423621213172,1.8733980143995352,3.4840306655873357,7.004417811836211,11.653870330125093,14.44527278471096,19,20,0.0,0.2038699275214371,0
0.7195,0.7363,0.7385,1.0000199539607706,1.0468359942422159,0.7255568538358116,1.4061123230469884e-141,9.526025275538347e-09,8.835294360966605e-12,4.977942110866413e-34,2.3017987625163204e-52,3.9121014929970383e-60,1.8075945883749953e-79,3.624646743738202e-122,6.101090873008903e-128,0.1259312127593536,2,0.14271732700292283,0.06251211633970903,0.38623148044094135,0.39280178235727964,1.6063584748147899,0.8188729286193848,0.898792057241965,7385,0,0.12640979478769965,17.643086820570364,0.1736224999517378,1.5746678963535472,3.193869121862553,6.780641010295628,10.921761905503272,12.784799391823928,19,21,0.0,0.19701945029730117,0
0.7195,0.7517,0.7428,1.0000311761286218,0.8325941899808136,0.7957423586586825,1.4061123230469884e-141,9.526025275538347e-09,1.743897118725219e-14,5.895015120101066e-41,2.3017987625163204e-52,1.386158205324693e-64,3.110264049467969e-84,3.624646743738202e-122,6.101090873008903e-128,0.10291495260001027,2,0.15034726617039787,0.06546534214088941,0.46902833859763393,0.37669024289170266,1.6063584748147899,0.8331901431083679,0.9062843272422827,7428,0,0.10168570791820275,23.75549568877179,0.18541232618263256,1.6101863744020215,3.1316499842577343,6.954421115321867,12.067893574556708,12.582439463292369,19,22,0.0,0.19963165328065643,0
0.7195,0.7077,0.6771,1.0000024957577622,1.4719361535712394,0.47885017199288094,1.4061123230469884e-141,9.526025275538347e-09,5.287579141400345e-13,4.977942110866413e-34,2.3017987625163204e-52,3.9121014929970383e-60,1.8075945883749953e-79,3.624646743738202e-122,6.101090873008903e-128,0.4103725702901525,2,0.28144476569220606,0.1154406787767178,0.9526328473731368,1.2698830055598054,1.6063584748147899,0.831672877073288,0.47070888162694224,6771,0,0.45341104054596426,18.75623827772197,0.33943272298200783,10.244788340276406,13.669680551501578,18.034650011318057,21.634755751389264,30.254382791243962,19,23,0.0,0.2808237842158713,0
0.7195,0.7186,0.7031,1.0001304485221572,1.0931241755983754,0.7288568524158499,1.4061123230469884e-141,1.9651531244653215e-10,1.1766484878090118e-15,2.7227450126640934e-37,3.2337648399907627e-56,1.4864874968405488e-67,1.8075945883749953e-79,3.624646743738202e-122,6.101090873008903e-128,0.13912050783111796,2,0.22241236099858316,0.09417497815733239,0.8112519120990774,0.6356481407956818,1.6063584748147899,0.9077059030532837,0.8803097727912386,7031,0,0.1341825919850077,23.75549568877179,0.3026015675810929,3.3035802216069032,6.04925519647372,11.814268181134304,17.716673745700717,16.814785263208105,19,24,0.0,0.2497761518369749,0
0.7195,0.7492,0.7252,1.0000853032530646,0.9956569081831883,0.7007465885905761,2.927021978927055e-151,1.5961786926902599e-09,8.113920224489245e-17,4.977942110866413e-34,4.678279147763269e-53,4.8474302989905534e-61,5.401798510692719e-100,1.4370893144568875e-123,6.240434616450066e-137,0.15619956337305319,2,0.1577711196667714,0.06866661063209017,0.5024928755848824,0.4191924504919118,1.6063584748147899,0.8239596784114838,0.8658347058842775,7252,0,0.1502230650730927,23.75549568877179,0.19367189440422575,2.482860427403052,4.533357541581274,8.722541528341093,13.385368996465207,17.1532738221117,19,25,0.0,0.21042905657030214,0
0.7195,0.7562,0.7471,1.0000280603760257,0.9035847899399823,0.8267443232861172,1.4061123230469884e-141,9.526025275538347e-09,8.835294360966605e-12,1.269660038919656e-40,3.31727012062065e-53,1.0108764285875561e-69,1.8075945883749953e-79,3.624646743738202e-122,6.101090873008903e-128,0.08807112478582613,2,0.14296887098742858,0.06275621641607458,0.46338218357742755,0.3341839096606137,1.6063584748147899,0.7997264564037323,0.9136452731360558,7471,0,0.08880128977611512,23.75549568877179,0.1718823483747994,1.9293575685923667,3.587078136144046,7.720559032517893,13.188869784215093,12.82853063725462,19,26,0.0,0.1975251136207747,0
0.7195,0.7697,0.7543,1.0000105892678393,0.7780037153811578,0.8170688643416324,1.4061123230469884e-141,9.526025275538347e-09,8.835294360966605e-12,3.602886114643847e-36,2.3017987625163204e-52,3.9121014929970383e-60,1.8075945883749953e-79,3.624646743738202e-122,4.67463273449664e-131,0.09522276224226855,2,0.1370487711053102,0.06032936200396314,0.4247084626128153,0.322555639781896,1.6063584748147899,0.7849394381046295,0.9049920199432009,7543,0,0.0956929245618039,23.75549568877179,0.1650437212077017,1.4779621224149568,2.893685378295668,6.287027026321231,10.842336016976834,12.289875860188761,19,27,0.0,0.19343595100292596,0
0.7195,0.7593,0.7472,1.0000208392837662,1.178293615199028,0.789416521843581,1.4061123230469884e-141,1.0434267219266503e-09,4.757500326342959e-16,2.814581063702794e-44,1.885418705419507e-63,6.848849232249243e-81,5.488434503917482e-85,3.624646743738202e-122,6.101090873008903e-128,0.11084890063486386,2,0.15427390456452977,0.06684700095636792,0.5549765608527512,0.3530348332742734,1.6063584748147899,0.812469094991684,0.8974482829788681,7472,0,0.10752550533066119,23.75549568877179,0.1895812618389675,2.599198284810386,5.166463137933483,11.377514080076054,18.21835524726212,16.014585588346108,19,28,0.0,0.20230532501922507,0
0.7195,0.7613,0.7433,1.0000117144795446,0.9606335027837695,0.7635837872794573,1.4061123230469884e-141,4.82390972553588e-09,5.541884991332865e-13,4.977942110866413e-34,2.3017987625163204e-52,3.9121014929970383e-60,1.8075945883749953e-79,3.624646743738202e-122,6.101090873008903e-128,0.11623086693751772,2,0.1548465050947099,0.0675007714741011,0.5153160680555607,0.36190810171903526,1.6063584748147899,0.7967729270458221,0.8966341442408376,7433,0,0.11597577156816863,23.75549568877179,0.18840399826097,2.3447884483080044,4.476063456366928,9.135198266409873,14.815079065942765,14.109888365969507,19,29,0.0,0.2059744090946645,0
0.7195,0.7324,0.7323,1.000026618233132,0.7555676620006289,0.7781280191045064,1.4061123230469884e-141,9.526025275538347e-09,8.835294360966605e-12,2.3996575102919266e-34,2.3017987625163204e-52,3.9121014929970383e-60,1.8075945883749953e-79,3.624646743738202e-122,6.101090873008903e-128,0.11434299268717818,2,0.1511453393741276,0.06614672849918281,0.4229201953127882,0.406212652311587,1.6063584748147899,0.8188797235488892,0.8961158785208618,7323,0,0.11173178089769253,23.75549568877179,0.18538196022463962,1.3805315916861236,2.6372467331384724,5.70895177299831,10.039495185886324,13.07605214365306,19,2,0.0,0.20474015592162115,0
0.7195,0.7519,0.7435,1.0000157643434662,0.66796340072987,0.8176228805599312,1.4061123230469884e-141,9.526025275538347e-09,8.835294360966605e-12,4.977942110866413e-34,2.3017987625163204e-52,3.9121014929970383e-60,1.8075945883749953e-79,3.624646743738202e-122,6.101090873008903e-128,0.09726586455798159,2,0.15573527484669675,0.06780020521813458,0.5309829030063867,0.353735082256098,1.6063584748147899,0.8251525461673737,0.9118259637139461,7435,0,0.09246505188530407,23.75549568877179,0.19056380483753046,2.016928701482123,3.5532362020550607,6.949066504446708,11.463869778162241,11.677622931902867,19,3,0.0,0.2056559329678639,0
0.7195,0.7217,0.6969,1.0000173904681822,1.1598817951875469,0.6403739656367314,1.4061123230469884e-141,3.6390285518907375e-09,1.0746948280237451e-15,3.7116589246469307e-35,7.327989854031799e-56,1.8402162748271353e-66,1.8075945883749953e-79,3.624646743738202e-122,6.101090873008903e-128,0.19894380004660972,2,0.21278750300470883,0.08991072209951023,0.6975320326723146,0.769988466767587,1.6063584748147899,0.8566491603851318,0.8313547006013104,6969,0,0.18707041656681966,20.07533614114806,0.26362097512162425,3.5289979457260574,5.740169737125831,10.239899713506386,15.12691139127612,16.52125203943733,19,4,0.0,0.24431407043266726,0
0.7195,0.7457,0.7324,1.0000388824720103,0.6238166796165913,0.8072692394175705,1.4061123230469884e-141,5.7174441546605566e-09,8.835294360966605e-12,3.5448759878727662e-37,2.3017987625163204e-52,3.286720560631944e-63,1.8075945883749953e-79,3.624646743738202e-122,6.101090873008903e-128,0.09839050662883986,2,0.1558219183623859,0.06795378764829639,0.45258199999318577,0.42889166917937693,1.6063584748147899,0.8180480897426605,0.9020565686538514,7324,0,0.09990766745334478,23.16582334762208,0.1907667790630912,1.3538274125942285,2.377563907983026,4.8804573165975755,8.573177949851752,11.400121936213054,19,5,0.0,0.20695679723117624,0
0.7195,0.702,0.6809,1.0002804975192632,1.6215208926402005,0.41478745035845366,1.4061123230469884e-141,9.526025275538347e-09,8.835294360966605e-12,4.977942110866413e-34,2.3017987625163204e-52,3.9121014929970383e-60,1.8075945883749953e-79,3.624646743738202e-122,6.101090873008903e-128,0.4145604281387002,2,0.28133832961921107,0.11528288686580258,1.046049817345022,1.1546463355700747,1.6063584748147899,0.8550010621547699,0.4807174149943503,6809,0,0.4691683063283927,19.02801690442886,0.34838008521248864,9.174964666284792,12.871952159252519,17.593303943474172,21.308583025476338,33.32256139717273,19,6,0.0,0.27564399697993697,0
0.7195,0.7271,0.7168,1.000053795085028,0.7113438715960383,0.8045209132643604,1.4061123230469884e-141,9.526025275538347e-09,8.835294360966605e-12,2.3959517969597402e-35,2.3017987625163204e-52,3.3697271810798395e-61,1.8075945883749953e-79,3.624646743738202e-122,6.101090873008903e-128,0.10083477882106062,2,0.15805499425770153,0.06919714519579045,0.4078019479508151,0.46818144552578833,1.6063584748147899,0.823285847902298,0.9012914214011586,7168,0,0.1011526624649367,20.853220808473434,0.19334089434693585,1.7071501467529342,3.1842244428051805,6.260939029832348,9.938815597116948,10.825148784318774,19,7,0.0,0.21432251594116525,0
0.7195,0.7577,0.7418,1.0000176291673537,0.9434697959166978,0.7492326454996018,1.4061123230469884e-141,3.26621274701075e-09,7.928498603892037e-14,4.977942110866413e-34,2.3017987625163204e-52,3.9121014929970383e-60,1.8075945883749953e-79,3.624646743738202e-122,6.101090873008903e-128,0.1308588033487631,2,0.1619211572791239,0.06999500656039367,0.5841734804877018,0.37630630915452445,1.6063584748147899,0.7989875376224518,0.8842241109106479,7418,0,0.12622753197615588,23.75549568877179,0.20203910472525385,2.858931661602799,5.187927628253395,9.909181050318107,15.36666299290955,14.327934876081583,19,8,0.0,0.20824447678591182,0
0.7195,0.7563,0.7358,1.0000235465543081,1.0160080144383468,0.7513958917815083,4.2218149273926776e-181,1.862884810379156e-10,2.995884242559116e-17,2.800040365717381e-35,1.2229079991755069e-55,2.358122235343167e-65,8.347046674314331e-117,1.800959584567782e-139,2.575223432273466e-161,0.12896181845163635,2,0.16790392485736894,0.0725858553296386,0.5711537095013635,0.41314098193065946,1.6063584748147899,0.811145156621933,0.8824209933105864,7358,0,0.12624454504240945,23.75549568877179,0.2060653843408606,2.9336703826210453,5.216050336635303,10.003296772051076,15.409751609262823,15.843369431283675,19,9,0.0,0.2146855081304653,0
0.7371,0.7604,0.7482,1.000490082451065,0.9351668064182246,0.8362224099103703,6.78880054097455e-145,3.461515823262599e-08,2.281511711460316e-12,3.857470632253786e-34,3.2523423124039635e-51,2.23219151618957e-57,3.25918723435622e-80,3.091568651930472e-125,5.905562177165703e-134,0.08268990076406357,2,0.13977616503163856,0.06129926475876491,0.37686538476977505,0.4009931737473246,1.6976844913797873,0.7798362076282501,0.9188423087732507,7482,0,0.08421561393443733,23.899154514283683,0.170255492773449,1.1954876472195748,2.139740059185882,5.397212421999244,10.134312462329865,13.291795365199306,1,20,0.0,0.19474052432592706,0
0.7371,0.7363,0.7439,1.0000158128589063,1.485572311250646,0.6316943304870766,7.454372212813925e-142,6.418178907973112e-08,3.496933679408305e-11,9.617534530994215e-30,3.2523423124039635e-51,2.23219151618957e-57,3.25918723435622e-80,3.091568651930472e-125,2.7779810497624697e-128,0.16630210561317438,2,0.1499145680053467,0.06531852847304744,0.3913092845688752,0.4641875837074395,1.6976844913797873,0.789755254983902,0.8674311123498084,7439,0,0.17481519476823482,17.643086820570364,0.18285447221454046,2.3536348872715243,4.48122870567012,8.935308087799134,13.573382723128796,16.149849334189074,1,21,0.0,0.2040564109260545,0
0.7371,0.7517,0.7385,1.0000469711020359,0.8871096280866195,0.7584931150548926,7.454372212813925e-142,6.418178907973112e-08,1.743897118725219e-14,5.895015120101066e-41,3.2523423124039635e-51,1.386158205324693e-64,3.110264049467969e-84,3.091568651930472e-125,2.7779810497624697e-128,0.11743206766825343,2,0.1562587987659379,0.06802082056106462,0.4467065864485961,0.43441206890535833,1.6976844913797873,0.8040724694728851,0.8967432799530606,7385,0,0.11998028101201896,23.899154514283683,0.19190461762677147,1.3755694056530077,2.7108480441485496,6.626303054410635,11.603008263415099,14.32001940795837,1,22,0.0,0.20617810535987682,0
0.7371,0.7077,0.6624,1.0000134078568168,1.7290472108701873,0.49344574735051844,7.454372212813925e-142,6.418178907973112e-08,5.287579141400345e-13,2.704369282360551e-31,3.2523423124039635e-51,2.23219151618957e-57,3.25918723435622e-80,3.091568651930472e-125,2.7779810497624697e-128,0.4118621584442691,2,0.2882357550654213,0.11807483093007254,0.9441625264451584,1.5014609708102948,1.6976844913797873,0.8025552034378052,0.4583151979350887,6624,0,0.4455010530740293,18.75623827772197,0.3486584452807114,9.765594255379439,13.433682441521233,18.55650708851641,22.65138654997945,27.665740252362983,1,23,0.0,0.2905711383043248,0
0.7371,0.7186,0.7168,1.000403501246132,1.0188679761411117,0.6963317597828149,7.454372212813925e-142,1.9651531244653215e-10,1.1766484878090118e-15,2.7227450126640934e-37,3.2337648399907627e-56,1.4864874968405488e-67,3.25918723435622e-80,3.091568651930472e-125,2.7779810497624697e-128,0.16130010036353937,2,0.2066480526283398,0.08761854678381079,0.6746895478411851,0.6664458079176482,1.6976844913797873,0.8785882294178009,0.8761622097636319,7168,0,0.14892451877233803,23.899154514283683,0.28015768698030236,2.627388951264468,5.244519789561227,10.95401876584609,16.648143862217665,16.84676752057222,1,24,0.0,0.23753936934860723,0
0.7371,0.7492,0.7479,1.0005644339742932,0.8300822730330311,0.6915785285164483,2.927021978927055e-151,1.5961786926902599e-09,8.113920224489245e-17,2.683639685027793e-32,4.678279147763269e-53,4.8474302989905534e-61,5.401798510692719e-100,3.091568651930472e-125,6.240434616450066e-137,0.16624494428289016,2,0.13978699337552555,0.06124455457170276,0.3649705307000416,0.4134177905861043,1.6976844913797873,0.794842004776001,0.8722265145536847,7479,0,0.15260899036158349,23.899154514283683,0.16804137153138335,1.790545540967568,3.2621387146808734,7.624236057407802,12.360037183898687,16.788455543916054,1,25,0.0,0.19560658248182847,0
0.7371,0.7562,0.7712,1.000073074301295,0.8582661339499683,0.8231953140928965,7.454372212813925e-142,1.2796340595136934e-08,1.237969443043429e-11,1.269660038919656e-40,3.31727012062065e-53,1.0108764285875561e-69,3.25918723435622e-80,3.091568651930472e-125,2.7779810497624697e-128,0.09220369821185526,2,0.1212749719218187,0.0536698605449292,0.33946776095189996,0.3054269787704914,1.6976844913797873,0.7706087827682495,0.905125816220173,7712,0,0.09454996393379111,23.899154514283683,0.14202319934643182,1.1730229495538127,2.6754817134374336,6.868619093435607,12.075746091687678,13.420681771361629,1,26,0.0,0.17948827038693105,0
0.7371,0.7697,0.7664,1.0000089144745314,0.8506530199024437,0.813113300668757,7.454372212813925e-142,4.514547179908121e-08,9.233463919606094e-10,3.602886114643847e-36,3.2523423124039635e-51,2.23219151618957e-57,3.25918723435622e-80,3.091568651930472e-125,4.67463273449664e-131,0.10028989292835666,2,0.1323343602429979,0.05824611233412521,0.37365889827541293,0.3598682758004894,1.6976844913797873,0.7558217644691467,0.9022439132876074,7664,0,0.0984467935414386,23.899154514283683,0.15833018286164788,1.3217524996321686,2.3231551582196452,5.470367441674913,10.209964050453902,12.855210704675725,1,27,0.0,0.1883344773631145,0
0.7371,0.7593,0.7774,1.0004456899163385,1.1036398416145488,0.7758708984766747,7.454372212813925e-142,1.0434267219266503e-09,4.757500326342959e-16,2.814581063702794e-44,1.885418705419507e-63,6.848849232249243e-81,5.488434503917482e-85,3.091568651930472e-125,2.7779810497624697e-128,0.12072422218876966,2,0.1303548273606543,0.05696660848623001,0.4008383182203714,0.3304460636835387,1.6976844913797873,0.7833514213562012,0.8957300716181823,7774,0,0.11427338466834935,23.899154514283683,0.15884398705868608,1.6137228699176782,3.7253939124026916,9.82415143715327,16.910295961773397,15.978574739454794,1,28,0.0,0.18292146737062903,0
0.7371,0.7613,0.7725,1.0000234031449147,0.9992828483647095,0.7107172028842265,7.454372212813925e-142,4.82390972553588e-09,5.541884991332865e-13,4.033237451851793e-30,3.2523423124039635e-51,2.23219151618957e-57,3.25918723435622e-80,3.091568651930472e-125,2.7779810497624697e-128,0.1419965023841725,2,0.1325713584129686,0.058265180726979636,0.3884235977885858,0.3421156739526801,1.6976844913797873,0.7676552534103394,0.8871681292362642,7725,0,0.13995450528538378,23.899154514283683,0.15826019077920822,1.6609590031512595,3.770178019009901,8.73207990372106,14.201200996792316,16.291030972307233,1,29,0.0,0.1887571513413909,0
0.7371,0.7324,0.7397,1.0000738364197521,0.856851676122258,0.7269396017840094,7.454372212813925e-142,6.418178907973112e-08,7.876224152683724e-11,2.3996575102919266e-34,3.2523423124039635e-51,1.4949453941799266e-57,3.25918723435622e-80,3.091568651930472e-125,2.7779810497624697e-128,0.1393485764549529,2,0.15167652624644726,0.06631681048879619,0.40321162012259654,0.43824576939911175,1.6976844913797873,0.7897620499134064,0.8756729873846956,7397,0,0.1392530632210518,23.899154514283683,0.18179652397850388,1.721563790983269,3.0804999371879616,6.045020435065998,9.99679444757253,14.186707532850562,1,2,0.0,0.2071594993296424,0
0.7371,0.7519,0.7729,1.0000324266607372,0.7808703910243078,0.8023103363279036,7.454372212813925e-142,5.595900066063627e-08,7.432015346378871e-10,7.621898122235169e-29,3.2523423124039635e-51,2.23219151618957e-57,3.25918723435622e-80,3.091568651930472e-125,2.7779810497624697e-128,0.11116718619093902,2,0.1290273204447412,0.05653748961339441,0.3925234307379087,0.3180158224164031,1.6976844913797873,0.7960348725318909,0.8975283150464386,7729,0,0.1051064566366946,23.899154514283683,0.1546918324462692,1.4402416232985593,2.9007558949790013,6.455637698617295,10.932954651349784,13.162961030165695,1,3,0.0,0.18335317036859763,0
0.7371,0.7217,0.7131,1.0000348106434882,1.5514692673163457,0.5660127858381481,7.454372212813925e-142,3.6390285518907375e-09,1.0746948280237451e-15,3.7116589246469307e-35,7.327989854031799e-56,1.8402162748271353e-66,3.25918723435622e-80,3.091568651930472e-125,2.7779810497624697e-128,0.24712860768447964,2,0.19778411083095787,0.0840770268376895,0.542960586407547,0.8102036998285698,1.6976844913797873,0.827531486749649,0.8164879363297299,7131,0,0.22260546948379611,20.07533614114806,0.23985367509459057,3.7862668775336163,6.125411479051951,10.3092880819145,14.893368348324298,19.38547772740931,1,4,0.0,0.23418221450849414,0
0.7371,0.7457,0.7585,1.000212050983844,0.80345201736161,0.8232462303688881,7.454372212813925e-142,5.7174441546605566e-09,2.3825932419292076e-10,3.5448759878727662e-37,3.2523423124039635e-51,3.286720560631944e-63,3.25918723435622e-80,3.091568651930472e-125,2.7779810497624697e-128,0.08525474704994884,2,0.12949684540801018,0.05698457640182637,0.3379780682919325,0.37881276678289794,1.6976844913797873,0.7889304161071777,0.9170359062149263,7585,0,0.08940818162505004,23.16582334762208,0.15668802924123895,1.3395374682374102,2.344191410062118,4.898984945866311,8.793257451039553,11.33091700021255,1,5,0.0,0.1858059828382776,0
0.7371,0.702,0.6753,1.0001449361756785,1.8446064613359967,0.4411052735538799,7.454372212813925e-142,6.418178907973112e-08,7.898398777015119e-11,9.500815233114155e-29,3.2523423124039635e-51,2.23219151618957e-57,3.25918723435622e-80,3.091568651930472e-125,2.7779810497624697e-128,0.43150578539081097,2,0.2830937864302101,0.11567114391753414,1.0727784324436531,1.3475526194302787,1.6976844913797873,0.8258833885192871,0.42753218137359766,6753,0,0.49086303526463226,19.02801690442886,0.3509122782188769,8.65410218425314,12.429708439115098,17.865729136347973,22.0457913538903,30.7938587045789,1,6,0.0,0.2794700785804119,0
0.7371,0.7271,0.7223,1.0000418606757684,1.067879896232093,0.7472969652091523,7.454372212813925e-142,6.418178907973112e-08,9.543942642783973e-12,2.3959517969597402e-35,3.2523423124039635e-51,3.3697271810798395e-61,3.25918723435622e-80,3.091568651930472e-125,2.7779810497624697e-128,0.13218145251224156,2,0.15693129577618875,0.06852423323100418,0.371224054888326,0.530110273951184,1.6976844913797873,0.7941681742668152,0.8760311697740084,7223,0,0.13191479915051274,20.853220808473434,0.19047437139678536,2.6467569331083847,4.5866775278167635,8.088605094094618,11.92339921041131,13.853170500912238,1,7,0.0,0.21347733649044068,0
0.7371,0.7577,0.7751,1.0001010659286742,0.9876143840555788,0.7082815151168262,7.454372212813925e-142,3.26621274701075e-09,7.928498603892037e-14,9.500815233114155e-29,3.2523423124039635e-51,2.23219151618957e-57,3.25918723435622e-80,3.091568651930472e-125,2.7779810497624697e-128,0.15080833873956712,2,0.13949384479117835,0.06065227512152924,0.443557164720294,0.36362922141356785,1.6976844913797873,0.769869863986969,0.8729489853369001,7751,0,0.1468691882465598,23.899154514283683,0.1702439089894283,2.067473485215471,4.408651198217694,9.507098807760872,14.71457076355815,16.258545181163388,1,8,0.0,0.1897192936774218,0
0.7371,0.7563,0.7482,1.000036243003644,0.9306281752089256,0.7562418851687511,4.2218149273926776e-181,1.862884810379156e-10,2.995884242559116e-17,2.800040365717381e-35,1.2229079991755069e-55,2.358122235343167e-65,8.347046674314331e-117,1.800959584567782e-139,2.575223432273466e-161,0.12784957054532353,2,0.14420712030353688,0.0628185611600806,0.42820392240700494,0.3894023610498175,1.6976844913797873,0.7820274829864502,0.8946276992544404,7482,0,0.12106154698815619,23.899154514283683,0.17538477554012621,1.7978929539460888,3.9222925742461694,8.89208628287262,14.155677775263786,15.210801050945367,1,9,0.0,0.19713796718549564,0
0.7604,0.7363,0.7537,1.000022436859461,1.3216589165009993,0.6894861702984649,6.78880054097455e-145,3.461515823262599e-08,2.281511711460316e-12,3.857470632253786e-34,1.8190056218819834e-44,2.396256468427893e-55,1.7238374013276874e-73,3.410147347483561e-123,5.905562177165703e-134,0.15116539941249751,2,0.1414151072888927,0.061620622792126926,0.37269744889209594,0.4444554466206844,1.654370655408772,0.7757200002670288,0.87720719511597,7537,0,0.1484169319669617,17.643086820570364,0.17388705777767022,2.5980819708991234,5.086451033045182,9.964355098267104,15.095294005399943,18.024116474692164,20,21,0.0,0.19276981730054368,0
0.7604,0.7517,0.7781,1.000526630760024,0.69026835557938,0.8018137012222237,6.78880054097455e-145,3.461515823262599e-08,1.743897118725219e-14,5.895015120101066e-41,9.880239419491653e-49,1.386158205324693e-64,3.110264049467969e-84,3.410147347483561e-123,5.905562177165703e-134,0.10026204541871153,2,0.12305309859507572,0.05359431291287358,0.36317797918320965,0.36555294051001663,1.654370655408772,0.790037214756012,0.9074672438078185,7781,0,0.09968463882379308,25.069645977878633,0.16060319038896606,1.193931579965474,2.2316538268881163,5.0798725240163,9.460357886725664,14.051863384928984,20,22,0.0,0.1730414562294637,0
0.7604,0.7077,0.6866,1.0000202264032287,1.6862552813443838,0.45734756723127046,6.78880054097455e-145,3.461515823262599e-08,5.287579141400345e-13,3.857470632253786e-34,1.8190056218819834e-44,2.396256468427893e-55,1.7238374013276874e-73,3.410147347483561e-123,5.905562177165703e-134,0.4159862898733485,2,0.27345657180820043,0.11147261454380386,0.9167433611394216,1.6094197833408546,1.654370655408772,0.788519948720932,0.43727493746868734,6866,0,0.4896401217297838,18.75623827772197,0.3347541754424471,12.437691024282234,16.40503300691727,21.734474588803504,25.936266116297244,32.40662713799256,20,23,0.0,0.27137155908910493,0
0.7604,0.7186,0.7169,1.0002471236097914,1.0168569872775945,0.7187190090483403,6.78880054097455e-145,1.9651531244653215e-10,1.1766484878090118e-15,2.7227450126640934e-37,3.2337648399907627e-56,1.4864874968405488e-67,3.727893915514359e-79,3.410147347483561e-123,5.905562177165703e-134,0.14373707363290733,2,0.20546814136857083,0.0866789157678479,0.719802798445117,0.6788942089393417,1.654370655408772,0.8645529747009277,0.8843505641293532,7169,0,0.13587501690224624,25.069645977878633,0.28838706998796265,2.611149650847581,4.514414799761981,8.88167041820841,14.608027343869209,16.619185854595038,20,24,0.0,0.22881369841585525,0
0.7604,0.7492,0.7671,1.000175274299004,1.1091679286026612,0.7296392981187129,2.927021978927055e-151,1.5961786926902599e-09,8.113920224489245e-17,3.857470632253786e-34,4.678279147763269e-53,4.8474302989905534e-61,5.401798510692719e-100,1.4370893144568875e-123,6.240434616450066e-137,0.13803854666978554,2,0.1293740676976683,0.05657690574703907,0.3722172120512784,0.3613256517586401,1.654370655408772,0.7808067500591278,0.8873857917470933,7671,0,0.13121112411435965,24.26855331163458,0.15690872488178606,1.5797368364693694,3.070178899293278,6.211057147293745,10.279147090709209,15.690664675942823,20,25,0.0,0.18107579789039693,0
0.7604,0.7562,0.7771,1.0007000920788875,0.7203270760972942,0.8376987047497931,6.78880054097455e-145,1.2796340595136934e-08,2.281511711460316e-12,1.269660038919656e-40,3.31727012062065e-53,1.0108764285875561e-69,4.387010904441941e-77,3.410147347483561e-123,5.905562177165703e-134,0.08623170764916888,2,0.1246233349583887,0.05464463422592678,0.3872333445901717,0.3225853801401295,1.654370655408772,0.7565735280513763,0.9133417525359204,7771,0,0.08565541434468016,25.069645977878633,0.15268202747751183,1.3820973627660706,2.5307634376661845,5.437737481501585,10.153034295076132,13.046084580687774,20,26,0.0,0.17638375732214226,0
0.7604,0.7697,0.7801,1.0006511956393458,0.6013640493280141,0.8487436074349182,6.78880054097455e-145,3.461515823262599e-08,2.281511711460316e-12,3.602886114643847e-36,1.8190056218819834e-44,4.81067125668682e-57,2.183683142282752e-76,3.410147347483561e-123,5.905562177165703e-134,0.07887325074968077,2,0.11387378145695402,0.05038655691021656,0.32679390719156115,0.2960275069799577,1.654370655408772,0.7417865097522736,0.9228025730174143,7801,0,0.07806966485110078,25.069645977878633,0.13748446105968953,1.0467365763364826,1.987406011105968,4.517773809856709,8.83216930539608,12.236966891593516,20,27,0.0,0.16978350684085458,0
0.7604,0.7593,0.7795,1.000509196071837,0.903035987027877,0.8004842020760435,6.78880054097455e-145,1.0434267219266503e-09,4.757500326342959e-16,2.814581063702794e-44,1.885418705419507e-63,6.848849232249243e-81,5.488434503917482e-85,3.410147347483561e-123,5.905562177165703e-134,0.10646961020314949,2,0.12262450781888123,0.05365587309858613,0.381990350567594,0.3024791291458009,1.654370655408772,0.769316166639328,0.9068558148323334,7795,0,0.10011944132815065,25.069645977878633,0.14899519855916385,1.4765425931104919,3.0557287557959323,7.89442192336322,14.616866831612587,15.03589550691313,20,28,0.0,0.17234510278590112,0
0.7604,0.7613,0.774,1.0002882597185794,0.7661810021855711,0.7545015905139658,6.78880054097455e-145,4.82390972553588e-09,5.541884991332865e-13,3.857470632253786e-34,2.428410751420476e-46,2.396256468427893e-55,6.4299857788336886e-77,3.410147347483561e-123,5.905562177165703e-134,0.12303580635901246,2,0.12962062524149592,0.05647527658055183,0.4202697452403929,0.34353792624636725,1.654370655408772,0.7536199986934662,0.8967679526520742,7740,0,0.11913781821913338,25.069645977878633,0.16199543672635333,1.6690642898804835,3.3081386110322883,7.307212238672655,12.324926930123567,16.095518224274006,20,29,0.0,0.17972338264642745,0
0.7604,0.7324,0.7677,1.0002942967316804,0.8046904164993742,0.781511969899047,6.78880054097455e-145,3.461515823262599e-08,2.281511711460316e-12,2.3996575102919266e-34,1.8190056218819834e-44,1.4949453941799266e-57,3.0263622923431863e-74,3.410147347483561e-123,5.905562177165703e-134,0.11664497526054551,2,0.12307151780118401,0.05417696622247288,0.316756751514958,0.35918123299548954,1.654370655408772,0.7757267951965332,0.8973521020755325,7677,0,0.11039584385105683,25.069645977878633,0.1459477828622273,1.5854257367110152,3.0498226665834873,6.342345727121105,10.762607844567112,15.178127583682953,20,2,0.0,0.17882324466316254,0
0.7604,0.7519,0.7627,1.0004918612951148,0.7853899473887093,0.8201333685896228,6.78880054097455e-145,3.461515823262599e-08,2.281511711460316e-12,3.857470632253786e-34,1.8190056218819834e-44,2.396256468427893e-55,1.7238374013276874e-73,3.410147347483561e-123,5.905562177165703e-134,0.11026030958246902,2,0.14201545440296715,0.061722520388244766,0.46234205869895684,0.3565372355815973,1.654370655408772,0.7819996178150177,0.9040638904637254,7627,0,0.09541570732513616,25.069645977878633,0.17481523325339182,1.5744432977386176,2.85110177123504,5.802834402757497,9.867527509748935,14.75836060794418,20,3,0.0,0.19034046319965447,0
0.7604,0.7217,0.7373,1.00021018236411,1.1871271540946675,0.6259645848796384,6.78880054097455e-145,3.6390285518907375e-09,1.0746948280237451e-15,3.7116589246469307e-35,7.327989854031799e-56,1.8402162748271353e-66,1.7238374013276874e-73,3.410147347483561e-123,5.905562177165703e-134,0.22387674119146672,2,0.18225756304917112,0.0774871447599717,0.5460192352428967,0.6771833039288673,1.654370655408772,0.8134962320327759,0.8381838904254206,7373,0,0.18958392006579783,20.07533614114806,0.22475096803232905,3.2624888989805085,5.238886442423084,9.00398390277351,13.090054328286648,19.37865481725877,20,4,0.0,0.21821319418443264,0
0.7604,0.7457,0.7714,1.0006043350536953,0.766268503263243,0.84031808371443,6.78880054097455e-145,5.7174441546605566e-09,2.281511711460316e-12,3.5448759878727662e-37,4.779318602975878e-50,3.286720560631944e-63,1.7238374013276874e-73,3.410147347483561e-123,5.905562177165703e-134,0.08251090702362263,2,0.11960612346771006,0.05253983540953768,0.32206549842502163,0.3448950780163459,1.654370655408772,0.7748951613903046,0.9199094796084084,7714,0,0.08193323879639691,23.16582334762208,0.14734018614576774,1.1981116612153608,2.3938651303740275,5.69443048115798,10.513821241235734,12.546960621855858,20,5,0.0,0.17391331690163025,0
0.7604,0.702,0.6876,1.00027544982422,1.548453507480315,0.4059451942787371,6.78880054097455e-145,3.461515823262599e-08,2.281511711460316e-12,3.857470632253786e-34,1.8190056218819834e-44,2.396256468427893e-55,1.7238374013276874e-73,3.410147347483561e-123,5.905562177165703e-134,0.41591431901759435,2,0.2728925187918272,0.11140666448238153,1.0268801124274578,1.463705984324404,1.654370655408772,0.8118481338024139,0.4438079499633733,6876,0,0.5060697002160827,19.02801690442886,0.3442329088438213,11.200708011083309,15.535722472933251,21.188894125382063,25.439719404615833,35.05715129232358,20,6,0.0,0.26737425356612055,0
0.7604,0.7271,0.7438,1.000059529846185,1.0103992067281402,0.7844243104935812,6.78880054097455e-145,3.461515823262599e-08,2.281511711460316e-12,2.3959517969597402e-35,1.3520297687344466e-49,3.3697271810798395e-61,1.7238374013276874e-73,3.410147347483561e-123,5.905562177165703e-134,0.11338467606423497,2,0.13733712403691264,0.06039365229849194,0.3218195770867348,0.44007559877910063,1.654370655408772,0.780132919549942,0.895732266187641,7438,0,0.11003915429773103,20.853220808473434,0.16694827976777027,2.166235695793264,4.158905375487929,8.203769276403793,12.996192160695792,14.778055430675266,20,7,0.0,0.19542658268023103,0
0.7604,0.7577,0.7664,1.0002029446981124,0.7296255473292891,0.7807873708902547,6.78880054097455e-145,3.26621274701075e-09,7.928498603892037e-14,3.857470632253786e-34,1.8190056218819834e-44,4.253785685928464e-56,3.949595685884759e-79,3.410147347483561e-123,5.905562177165703e-134,0.11369611228063037,2,0.13469004402301815,0.05869278692690766,0.43017640298792603,0.3387920795841189,1.654370655408772,0.7558346092700958,0.900799779938317,7664,0,0.10911918283672395,25.069645977878633,0.16448031844841043,1.6442158365431239,3.2776131973645346,7.069687605145285,11.886182339012622,14.913512107477425,20,8,0.0,0.18267591127430388,0
0.7604,0.7563,0.7675,1.0002225361880068,0.8112017152040893,0.7863602409761478,4.2218149273926776e-181,1.862884810379156e-10,2.995884242559116e-17,2.800040365717381e-35,1.2229079991755069e-55,2.358122235343167e-65,8.347046674314331e-117,1.800959584567782e-139,2.575223432273466e-161,0.10833992699948658,2,0.13481172658411195,0.05850941315139484,0.4380621648572992,0.369524924198636,1.654370655408772,0.767992228269577,0.9052443191540054,7675,0,0.1051343427456356,25.069645977878633,0.1712570140796844,1.8154470578878208,3.484683692272342,7.0618102374109615,11.81936369895935,13.916450935100915,20,9,0.0,0.18212409925014766,0
0.7363,0.7517,0.7505,1.0000231835862803,1.1004404730845796,0.8236272765681462,9.551437967550065e-141,7.380405863363832e-08,1.743897118725219e-14,5.895015120101066e-41,9.880239419491653e-49,1.386158205324693e-64,3.110264049467969e-84,1.5571188893987186e-119,1.7255435837564742e-123,0.08613858982562117,2,0.1422339657129017,0.061884800260962276,0.44139595621774785,0.37376841123094645,1.2616175998554997,0.7999562621116638,0.9193653214950706,7505,0,0.08683964419113521,17.643086820570364,0.18028570802784788,1.6159086357143608,3.5129950462942214,8.290561126693879,13.990577528628707,13.062949176184322,21,22,0.0,0.19029222421519076,0
0.7363,0.7077,0.6787,1.0000121180364485,1.2126789176577435,0.3587289056600207,5.263125921766405e-89,7.380405863363832e-08,5.287579141400345e-13,2.704369282360551e-31,2.5631125872313915e-39,7.578176580174682e-52,9.261447292359002e-53,2.3868924890452426e-73,2.0070238806271767e-87,0.38220058737356855,2,0.26303986991566,0.10779776402585343,0.8544180283756874,1.268648809028075,1.2616175998554997,0.7984389960765839,0.5429472196312866,6787,0,0.4766961109875085,17.643086820570364,0.31553364515863,11.335687271702852,14.203044946254089,17.202499222449962,19.849471470063925,34.730711318369515,21,23,0.0,0.26559473266289463,0
0.7363,0.7186,0.7393,1.0000475806250364,1.4869481160973195,0.697799281079175,2.69085772779531e-136,1.9651531244653215e-10,1.1766484878090118e-15,2.7227450126640934e-37,3.2337648399907627e-56,1.4864874968405488e-67,3.727893915514359e-79,2.008704341414967e-114,3.346346622879915e-115,0.11891328512512878,2,0.18569591830133028,0.07892338204442535,0.65956849523477,0.5438949969880092,1.2616175998554997,0.8744720220565796,0.8865949559709769,7393,0,0.14027821620555025,17.643086820570364,0.24867662002286453,3.113205696988224,6.094491399647656,12.483593162791934,18.88726096960753,17.847423606340243,21,24,0.0,0.21934543426781947,0
0.7363,0.7492,0.7565,1.0000124408916273,1.3945613204100566,0.6908132499146856,2.927021978927055e-151,1.5961786926902599e-09,8.113920224489245e-17,2.683639685027793e-32,4.678279147763269e-53,4.8474302989905534e-61,5.401798510692719e-100,1.4370893144568875e-123,6.240434616450066e-137,0.13127055026703727,2,0.13103630043571293,0.05724634126421738,0.4136079976528534,0.3382392102839747,1.2616175998554997,0.7907257974147797,0.8787129054685,7565,0,0.14646354620948077,17.643086820570364,0.16043680334276936,2.683796451074834,5.359049020662667,10.466194540425171,15.42014826131612,17.340834107723822,21,25,0.0,0.18489381366717367,0
0.7363,0.7562,0.774,1.0000297465634398,1.3369486542668507,0.7578926850551049,2.3630424831227754e-137,1.2796340595136934e-08,1.237969443043429e-11,1.269660038919656e-40,3.31727012062065e-53,1.0108764285875561e-69,4.387010904441941e-77,9.818560507240119e-121,1.93342115564707e-126,0.11188899042987055,2,0.12485126479281954,0.05467231900527574,0.4091270399683333,0.2938787440953921,1.2616175998554997,0.7664925754070282,0.903474950427797,7740,0,0.11425614148304519,17.643086820570364,0.15134658980666393,2.334246825347478,4.8695041854870444,10.107779622791696,15.764842534331978,15.92199158430771,21,26,0.0,0.179182918342447,0
0.7363,0.7697,0.7679,1.000026736298208,1.1204405249029106,0.6979259218943719,3.8374034911955033e-141,4.514547179908121e-08,3.496933679408305e-11,3.602886114643847e-36,3.134820807189641e-42,4.81067125668682e-57,2.183683142282752e-76,8.901214443772287e-120,4.67463273449664e-131,0.12456451892821774,2,0.13517060136203313,0.0591850135289975,0.4407030861283856,0.32851911625823765,1.2616175998554997,0.7517055571079254,0.8871048649212288,7679,0,0.14121175784532847,17.643086820570364,0.16471179335700234,2.0340045928460766,4.125684192151672,8.463599519565724,13.406297179512679,14.208920538505355,21,27,0.0,0.18918517770721013,0
0.7363,0.7593,0.7686,1.0000127644825327,1.576094389879737,0.7799968678234995,1.1496589229858893e-120,1.0434267219266503e-09,4.757500326342959e-16,2.814581063702794e-44,1.885418705419507e-63,6.848849232249243e-81,5.488434503917482e-85,2.5802049568551427e-104,1.1403748743844684e-109,0.09349788848387908,2,0.13482117750909356,0.05855009558401589,0.46726071221065624,0.30553220772022066,1.2616175998554997,0.7792352139949799,0.9147089190467348,7686,0,0.10189436546629338,17.643086820570364,0.16634104457185156,2.4653334692803477,5.942456018675506,13.585040867855785,20.24224491315633,18.093787629877838,21,28,0.0,0.18343347417786082,0
0.7363,0.7613,0.773,1.0000175466387817,1.2310936061602695,0.8021491750093712,3.1157955243985435e-123,4.82390972553588e-09,5.541884991332865e-13,4.033237451851793e-30,2.428410751420476e-46,1.6577952822240192e-54,6.4299857788336886e-77,1.3686675407201459e-100,8.170187195390335e-110,0.09231740873890093,2,0.12783300574211284,0.05599883410039726,0.42604847692207914,0.2882384597685833,1.2616175998554997,0.763539046049118,0.9069091512414248,7730,0,0.09913844993970655,17.643086820570364,0.15556047935816172,2.1905128676061807,4.806545579180664,10.645254875024909,16.89939343203008,14.600525185191831,21,29,0.0,0.1815620589294408,0
0.7363,0.7324,0.7562,1.0000254534587067,1.0512956288822888,0.8024494695467855,9.821452435404464e-127,7.380405863363832e-08,3.496933679408305e-11,2.3996575102919266e-34,4.0792121602439835e-43,1.4949453941799266e-57,3.0263622923431863e-74,8.597779637409132e-106,2.488742915509378e-112,0.10102273520033567,2,0.12767731821945913,0.056048167837705054,0.3687901652061284,0.3364835486616981,1.2616175998554997,0.7856458425521851,0.9041505484242484,7562,0,0.10036166425977577,17.643086820570364,0.15512398492434623,1.5082590380974814,3.082028813719398,6.820204326957968,11.527320257037132,13.450662190972436,21,2,0.0,0.1809273016244381,0
0.7363,0.7519,0.7637,1.000048400240355,1.0094300526712705,0.7625357458518718,1.8348660202595993e-113,5.595900066063627e-08,3.496933679408305e-11,9.617534530994215e-30,6.97081587476959e-34,1.4374362086379452e-46,4.226747082126934e-68,7.724927168136943e-98,8.606002722832947e-109,0.10552396120182417,2,0.13862382787639962,0.060528577283967,0.47476766347615573,0.3129786036001849,1.2616175998554997,0.7919186651706696,0.9003758778507973,7637,0,0.11395560977075703,17.643086820570364,0.16864353775417681,2.18559967189096,4.139452759000515,8.279555632153153,13.138441052989661,13.169118206938963,21,3,0.0,0.19074845168498006,0
0.7363,0.7217,0.708,1.0000124754928539,0.8910603424476219,0.7428906401425921,1.2504641349207993e-112,3.6390285518907375e-09,1.0746948280237451e-15,3.7116589246469307e-35,7.327989854031799e-56,1.8402162748271353e-66,2.1907367693523134e-73,2.4212703313810184e-83,2.908924976833988e-112,0.1679659673912286,2,0.19619190601159484,0.08366922919156819,0.5967177276853621,0.5944728343707533,1.2616175998554997,0.8234152793884277,0.869736612536673,7080,0,0.13550762081590473,17.643086820570364,0.23918435796293355,3.1631690136944393,5.643585910389103,10.54181065923461,15.571333273355663,13.943958050307293,21,4,0.0,0.23182190129149277,0
0.7363,0.7457,0.7643,1.0000285921257286,0.8570482241941358,0.7516453134733911,3.6526952578433158e-109,5.7174441546605566e-09,3.496933679408305e-11,3.5448759878727662e-37,4.779318602975878e-50,3.286720560631944e-63,8.356060628064936e-65,7.570816150557589e-95,6.552181894083713e-99,0.12322103727135703,2,0.1333272288416792,0.05822448699524265,0.3984164975360686,0.35091961451778736,1.2616175998554997,0.7848142087459564,0.9008423518382493,7643,0,0.11738496710591928,17.643086820570364,0.1643530483510546,1.4435413940340645,2.8983246113982384,6.3897002934187,10.752832919168473,13.97044301739256,21,5,0.0,0.18540912688399427,0
0.7363,0.702,0.6995,1.0001849102540599,1.353355817351539,0.33800525058205616,1.3123691747819363e-115,7.380405863363832e-08,3.496933679408305e-11,9.617534530994215e-30,9.146441646039572e-35,2.6835707484426417e-45,5.8772302208562005e-64,1.1381839115471015e-95,3.4820196643634923e-104,0.36959216479289125,2,0.25207949104490535,0.1034515971455061,0.8882514514810202,1.1106282129202119,1.2616175998554997,0.8217671811580658,0.5612804991688395,6995,0,0.4705174876874434,17.643086820570364,0.30729667619182244,9.653062544185328,12.984295940322172,16.666672751969653,20.161967253281176,37.662460388370285,21,6,0.0,0.2524395943752813,0
0.7363,0.7271,0.7243,1.0000535239534663,0.7454627549661811,0.7320563398136963,3.9529599368596346e-115,7.380405863363832e-08,9.543942642783973e-12,2.3959517969597402e-35,1.3520297687344466e-49,3.3697271810798395e-61,1.7568636636505807e-67,8.835134685425689e-100,7.954611400942706e-108,0.1280813617574239,2,0.14484236270282227,0.06354053305308165,0.37380158243230743,0.43390905061501034,1.2616175998554997,0.7900519669055939,0.8881211003367299,7243,0,0.12897879111560928,17.643086820570364,0.17381089451709097,1.3478931425978884,2.4783277990872548,5.4030030071381185,9.142348306179047,13.005927248174032,21,7,0.0,0.20283643157898132,0
0.7363,0.7577,0.7639,1.000013464464031,1.2168366408641846,0.7698216941720109,1.4181951574794484e-126,3.26621274701075e-09,7.928498603892037e-14,9.617534530994215e-30,8.084211119964179e-44,4.253785685928464e-56,3.949595685884759e-79,2.0643194318029887e-104,5.385023658220439e-110,0.11723665695055963,2,0.1419048968575873,0.061627806518154055,0.5127936821942365,0.31655910783896196,1.2616175998554997,0.7657536566257477,0.8904040498916972,7639,0,0.11655868494169619,17.643086820570364,0.1720629583889556,3.0572915637774347,5.887874444702434,11.196099399996188,17.18709258544892,14.997430303819494,21,8,0.0,0.19147742333315856,0
0.7363,0.7563,0.7594,1.0000187550207387,1.3749645676456133,0.704332667765052,4.2218149273926776e-181,1.862884810379156e-10,2.995884242559116e-17,2.800040365717381e-35,1.2229079991755069e-55,2.358122235343167e-65,8.347046674314331e-117,1.800959584567782e-139,2.575223432273466e-161,0.12990107436063691,2,0.1368111492179485,0.05949795385458865,0.4704043726301252,0.32202393003721086,1.2616175998554997,0.7779112756252289,0.8827610424534653,7594,0,0.14007308219864167,17.643086820570364,0.16559614358317043,3.089952436542252,6.099808334587811,11.504849501068952,17.221314804752172,16.34235427330044,21,9,0.0,0.18717945233011354,0
0.7517,0.7077,0.678,1.000019550946685,1.6406523374082036,0.4473815750164564,9.551437967550065e-141,9.668405671349825e-08,1.743897118725219e-14,5.895015120101066e-41,9.880239419491653e-49,1.386158205324693e-64,3.110264049467969e-84,1.5571188893987186e-119,1.7255435837564742e-123,0.39336982411007615,2,0.285476684666598,0.11617541709372076,0.8951114736770838,1.657883432665675,1.4455561276831457,0.812756210565567,0.49798466355866783,6780,0,0.46674038367735593,18.75623827772197,0.35487949148796816,13.911724247175252,18.069450297902158,23.27349804087282,27.233928987777233,34.04728192313224,22,23,0.0,0.2779680392560518,0
0.7517,0.7186,0.7156,1.000472396408744,0.7167311266066562,0.7849330875474596,9.551437967550065e-141,1.9651531244653215e-10,1.1766484878090118e-15,5.895015120101066e-41,3.2337648399907627e-56,1.4864874968405488e-67,3.110264049467969e-84,1.5571188893987186e-119,1.7255435837564742e-123,0.1032092857104816,2,0.22100961398334065,0.09299214826823321,0.7931699511044938,0.7426460594156163,1.4455561276831457,0.8887892365455627,0.9031374671057173,7156,0,0.10593935028030987,26.82395664043615,0.3208770462031085,2.3219323709998623,3.992335206126891,7.927265276330413,13.264035558146238,13.657343956072175,22,24,0.0,0.24001437673127557,0
0.7517,0.7492,0.7532,1.0000692618774916,0.8205967152936811,0.7743663235082863,2.927021978927055e-151,1.5961786926902599e-09,8.113920224489245e-17,5.895015120101066e-41,4.678279147763269e-53,1.386158205324693e-64,5.401798510692719e-100,1.4370893144568875e-123,6.240434616450066e-137,0.1095417477014825,2,0.14512640112032937,0.06281682716869907,0.46045909255312883,0.42821287171504335,1.4455561276831457,0.8050430119037628,0.8973527793367952,7532,0,0.11192145674299114,24.26855331163458,0.1873343975203179,1.6788440915856393,2.998132752259536,5.968773244426895,10.346066834646463,14.047234304234049,22,25,0.0,0.1915997177291424,0
0.7517,0.7562,0.7651,1.0004297015636483,0.6082816445799063,0.8096975414075649,9.551437967550065e-141,1.2796340595136934e-08,1.743897118725219e-14,5.895015120101066e-41,3.31727012062065e-53,1.0108764285875561e-69,3.110264049467969e-84,9.818560507240119e-121,1.93342115564707e-126,0.09502792730440524,2,0.1428397257652897,0.06198387189475876,0.4818944819616555,0.378231647240098,1.4455561276831457,0.7808097898960114,0.9099865315645788,7651,0,0.09577725845795748,26.82395664043615,0.1827788997184246,1.7660108791674212,3.0764745337390393,6.0239239348285984,10.259002481389047,12.99736419042181,22,26,0.0,0.189106437644805,0
0.7517,0.7697,0.7687,1.0007717060696208,0.5104258710442307,0.8191898144413313,3.8374034911955033e-141,4.514547179908121e-08,1.743897118725219e-14,5.895015120101066e-41,9.880239419491653e-49,1.386158205324693e-64,3.110264049467969e-84,8.901214443772287e-120,4.67463273449664e-131,0.0805702097299752,2,0.12981818489314315,0.05679587282718235,0.3982610589760234,0.3535614730196839,1.4455561276831457,0.7660227715969086,0.9197812575606361,7687,0,0.08898871913568307,26.015910548780624,0.16157894714028542,1.1380340582315298,2.1116018683331457,4.876537868656054,9.423023406356574,11.341212247532098,22,27,0.0,0.1794958082481443,0
0.7517,0.7593,0.7674,1.0012415985418925,0.6921904098837035,0.8553375596224941,9.551437967550065e-141,1.0434267219266503e-09,4.757500326342959e-16,2.814581063702794e-44,1.885418705419507e-63,6.848849232249243e-81,5.488434503917482e-85,1.5571188893987186e-119,1.7255435837564742e-123,0.070394770045209,2,0.13343323183447536,0.05783792164804624,0.4414911602779317,0.3448745346759444,1.4455561276831457,0.793552428483963,0.9301446643652235,7674,0,0.07275959270674504,26.82395664043615,0.17199278914466234,1.471466874311946,2.859661706004047,6.9173037271621665,13.181500819790363,12.872183199743484,22,28,0.0,0.1780358952324413,0
0.7517,0.7613,0.7653,1.0003331709887069,0.5490951146337739,0.8414384959842665,9.551437967550065e-141,4.82390972553588e-09,1.743897118725219e-14,5.895015120101066e-41,9.880239419491653e-49,1.386158205324693e-64,3.110264049467969e-84,1.5571188893987186e-119,1.7255435837564742e-123,0.0815863931862486,2,0.13448758940385086,0.05876342117874947,0.427871143066578,0.3449400939122328,1.4455561276831457,0.7778562605381012,0.9201239182776767,7653,0,0.08132824521154136,26.82395664043615,0.1691676717873356,1.431030986462639,2.676809556521811,5.797574614695566,10.629454463094472,11.607572641350282,22,29,0.0,0.1832478207826253,0
0.7517,0.7324,0.7597,1.0002197026532809,0.5764816032553121,0.8416514688309076,9.551437967550065e-141,1.3946370820315964e-07,1.743897118725219e-14,5.895015120101066e-41,9.880239419491653e-49,1.386158205324693e-64,3.110264049467969e-84,1.5571188893987186e-119,1.7255435837564742e-123,0.0838809116797492,2,0.1326882558360598,0.057991933800925655,0.36300356151031543,0.40032196228122036,1.4455561276831457,0.7999630570411682,0.9181922933963527,7597,0,0.08229114883408228,26.096635688050593,0.1676990647693222,1.33123194070339,2.5815275631648444,5.719858209824306,10.452507461347803,11.778540553294986,22,2,0.0,0.18339090205772715,0
0.7517,0.7519,0.7515,1.0004299835929888,0.646786362475239,0.8143178990430462,9.551437967550065e-141,5.595900066063627e-08,1.743897118725219e-14,5.895015120101066e-41,9.880239419491653e-49,1.386158205324693e-64,3.110264049467969e-84,1.5571188893987186e-119,1.7255435837564742e-123,0.0943928718775715,2,0.15916822995859317,0.06864470741489156,0.5253522980032156,0.42452146275298974,1.4455561276831457,0.8062358796596527,0.9077322531599755,7515,0,0.09518301165690535,25.52745699669033,0.2081509592259903,1.6739982612927922,2.8782850686269494,5.438771804226736,9.752256672525405,12.258748459662696,22,3,0.0,0.20112031874943215,0
0.7517,0.7217,0.7265,1.000083634632458,1.149107428320865,0.7032385037770457,9.551437967550065e-141,3.6390285518907375e-09,1.0746948280237451e-15,5.895015120101066e-41,7.327989854031799e-56,1.8402162748271353e-66,3.110264049467969e-84,1.5571188893987186e-119,1.7255435837564742e-123,0.1798226194541973,2,0.1900883328991717,0.08052941735066485,0.5540276302418168,0.7095626947248619,1.4455561276831457,0.8377324938774109,0.8566437862211799,7265,0,0.15447482248882327,20.07533614114806,0.24058856741893678,3.052887025156189,5.201065890113808,9.271954074880588,13.628363754546642,18.337024779190074,22,4,0.0,0.22143914538997878,0
0.7517,0.7457,0.7637,1.0001389291555767,0.7323102739539247,0.8236424719079615,9.551437967550065e-141,5.7174441546605566e-09,1.743897118725219e-14,5.895015120101066e-41,4.779318602975878e-50,1.386158205324693e-64,3.110264049467969e-84,1.5571188893987186e-119,1.7255435837564742e-123,0.08968546555634604,2,0.13540626915158965,0.05894034899971931,0.38344685449024574,0.40314004396877473,1.4455561276831457,0.7991314232349396,0.915863921636123,7637,0,0.08893516710367444,23.16582334762208,0.17245989988460314,1.2487420282741597,2.5985031939701284,6.335309208705457,11.46514021524787,12.104084674576093,22,5,0.0,0.1849001706855457,0
0.7517,0.702,0.6871,1.0002639222957477,1.5176108494017033,0.4054780184038912,9.551437967550065e-141,1.3946370820315964e-07,1.743897118725219e-14,5.895015120101066e-41,9.880239419491653e-49,1.386158205324693e-64,3.110264049467969e-84,1.5571188893987186e-119,1.7255435837564742e-123,0.3888005437677007,2,0.27016086618194113,0.11050645672777569,0.8993851183624405,1.4467073782495339,1.4455561276831457,0.836084395647049,0.5127193026836923,6871,0,0.47030059385568757,19.02801690442886,0.3378642208230764,12.284392002162193,16.875306380270207,22.723975369878914,26.77837421587035,36.904036653939116,22,6,0.0,0.2630980630274153,0
0.7517,0.7271,0.722,1.0000483356689749,0.9412363836838381,0.7982695725503817,9.551437967550065e-141,1.3946370820315964e-07,1.743897118725219e-14,5.895015120101066e-41,1.3520297687344466e-49,1.386158205324693e-64,3.110264049467969e-84,1.5571188893987186e-119,1.7255435837564742e-123,0.10438208687576156,2,0.17149306881836443,0.07396558160009947,0.44497387815023864,0.601244468709473,1.4455561276831457,0.804369181394577,0.8997226560144075,7220,0,0.10368784182416191,20.853220808473434,0.22294275184631332,2.391713019615003,4.490648501597142,8.974213873669884,13.974141156208516,12.734909396172252,22,7,0.0,0.21869557309624152,0
0.7517,0.7577,0.7525,1.0005104611604922,0.5517320361938519,0.8188847637511114,9.551437967550065e-141,3.26621274701075e-09,1.743897118725219e-14,5.895015120101066e-41,9.880239419491653e-49,1.386158205324693e-64,3.110264049467969e-84,1.5571188893987186e-119,1.7255435837564742e-123,0.09582305790545254,2,0.15604799304604794,0.06714503304000255,0.5426092920354812,0.41831918942311314,1.4455561276831457,0.7800708711147308,0.9065540800085707,7525,0,0.09428758956037042,26.82395664043615,0.2073118399188408,1.9215973832640243,3.4211119596378188,6.780345264292796,11.388053098613025,12.62026395185119,22,8,0.0,0.19629637699261313,0
0.7517,0.7563,0.7608,1.000709183194456,0.6198006087849299,0.7985735873598551,4.2218149273926776e-181,1.862884810379156e-10,2.995884242559116e-17,5.895015120101066e-41,1.2229079991755069e-55,2.358122235343167e-65,8.347046674314331e-117,1.800959584567782e-139,2.575223432273466e-161,0.10026949955176145,2,0.1491568070465327,0.06456490753148908,0.4762290291300652,0.3997770032429144,1.4455561276831457,0.792228490114212,0.9055856647233647,7608,0,0.10074058888432713,26.82395664043615,0.18805800781161783,1.9644083989663672,3.5012097476121715,6.80820327017137,11.292534391242265,13.020117691714656,22,9,0.0,0.1945156789437502,0
0.7077,0.7186,0.6584,1.0000058030414918,1.8278533338476464,0.5333728063613019,2.69085772779531e-136,1.9651531244653215e-10,1.1766484878090118e-15,2.7227450126640934e-37,3.2337648399907627e-56,1.4864874968405488e-67,3.727893915514359e-79,2.008704341414967e-114,3.346346622879915e-115,0.40606786864393274,2,0.30592681964895324,0.12445131358237645,1.7841694264689403,0.8914945337358003,1.3830583919745898,0.8872719705104828,0.5007853390862621,6584,0,0.4228256870023216,18.75623827772197,0.3821519015380537,15.90049399994264,20.3593624983135,26.316381566314377,30.511925581991672,34.63214050069239,23,24,0.0,0.2937245992655725,0
0.7077,0.7492,0.6713,1.0000206015775805,1.654014633417532,0.4579472992706025,2.927021978927055e-151,1.5961786926902599e-09,8.113920224489245e-17,2.683639685027793e-32,4.678279147763269e-53,4.8474302989905534e-61,5.401798510692719e-100,1.4370893144568875e-123,6.240434616450066e-137,0.4394200413303626,2,0.27454659679221743,0.11215850953523354,1.4107652408045077,0.9315314671371973,1.3830583919745898,0.8035257458686829,0.44220014824917026,6713,0,0.49502843930346385,18.75623827772197,0.3357498728900952,12.457115989727814,16.95616077074661,22.337170274448557,26.30727111775279,30.649038618791455,23,25,0.0,0.2733505310045728,0
0.7077,0.7562,0.6867,1.000007634081016,1.7067840844208417,0.46557262436056807,2.3630424831227754e-137,1.2796340595136934e-08,5.287579141400345e-13,1.269660038919656e-40,3.31727012062065e-53,1.0108764285875561e-69,4.387010904441941e-77,9.818560507240119e-121,1.93342115564707e-126,0.4171155245839412,2,0.27174514851538195,0.11113824107408508,1.5953516978160995,0.7893744935439732,1.3830583919745898,0.7792925238609314,0.4457214294939073,6867,0,0.48554763209999807,18.75623827772197,0.32900013622810537,13.547860635542445,17.579241475451184,23.130355947651413,27.4690038921237,32.52230420520543,23,26,0.0,0.2727286033885212,0
0.7077,0.7697,0.6759,1.0000115946987358,1.5442358973853476,0.48327851609011996,3.8374034911955033e-141,4.514547179908121e-08,5.287579141400345e-13,3.602886114643847e-36,3.134820807189641e-42,4.81067125668682e-57,2.183683142282752e-76,8.901214443772287e-120,4.67463273449664e-131,0.42640377854483413,2,0.28072274251040646,0.11495053308889323,1.6623961179193292,0.8577329748196005,1.3830583919745898,0.7645055055618286,0.4483276306377765,6759,0,0.46583949014528003,18.75623827772197,0.3394482662467142,12.407223931032286,16.13030524842861,21.128291855826493,25.171031597685815,32.823225200524746,23,27,0.0,0.27981684609147756,0
0.7077,0.7593,0.6859,1.0000043707165789,1.9368225781182142,0.5000535923145935,1.1496589229858893e-120,1.0434267219266503e-09,4.757500326342959e-16,2.814581063702794e-44,1.885418705419507e-63,6.848849232249243e-81,5.488434503917482e-85,2.5802049568551427e-104,1.1403748743844684e-109,0.39117781765633186,2,0.270310619330308,0.11048560557988307,1.664644855549784,0.7445240684336314,1.3830583919745898,0.7920351624488831,0.48606429574505994,6859,0,0.4509990937882983,18.75623827772197,0.32941802456002167,15.59717673730376,21.225532129139378,28.067649079103813,32.45481231344342,34.697198559674305,23,28,0.0,0.27033939797987494,0
0.7077,0.7613,0.6758,1.0000128752185877,1.6887064609181404,0.4234198762543167,3.1157955243985435e-123,4.82390972553588e-09,5.287579141400345e-13,2.704369282360551e-31,2.428410751420476e-46,1.6577952822240192e-54,6.4299857788336886e-77,1.3686675407201459e-100,8.170187195390335e-110,0.42061572739198205,2,0.2771260724154885,0.11309753054729993,1.7438454280704452,0.7677063875730608,1.3830583919745898,0.7763389945030212,0.4745342546013373,6758,0,0.500359538628796,18.75623827772197,0.3404351757983301,15.947206787119828,20.407722179283144,25.661790085264112,29.76458159633875,35.31537110140224,23,29,0.0,0.27472555051859576,0
0.7077,0.7324,0.662,1.0000117103924027,1.5186446837892411,0.4385621389166901,9.821452435404464e-127,9.668405671349825e-08,5.287579141400345e-13,2.3996575102919266e-34,4.0792121602439835e-43,1.4949453941799266e-57,3.0263622923431863e-74,8.597779637409132e-106,2.488742915509378e-112,0.40074886072595917,2,0.27641194507223893,0.11342534548739623,1.4133108412423168,0.9044472321090558,1.3830583919745898,0.7984457910060883,0.4954362752778517,6620,0,0.46636276225777196,18.75623827772197,0.33767325292257205,12.583247895593717,16.095099354883647,20.55591070529765,24.20412434992194,32.65078386895712,23,2,0.0,0.2783932571805867,0
0.7077,0.7519,0.6801,1.0000083446838166,1.4685949781265217,0.4362999469181908,1.8348660202595993e-113,5.595900066063627e-08,5.287579141400345e-13,2.704369282360551e-31,2.5631125872313915e-39,7.578176580174682e-52,4.226747082126934e-68,7.724927168136943e-98,8.606002722832947e-109,0.44442712855970923,2,0.2799305719748867,0.11420724850058472,1.7305695084750579,0.8236167013851969,1.3830583919745898,0.8047186136245728,0.45306787718290203,6801,0,0.48896813533205796,18.75623827772197,0.3430218613808252,14.008181894736065,17.680750353856386,22.119754510738183,25.8194850133121,32.60271088853557,23,3,0.0,0.27833572926448663,0
0.7077,0.7217,0.6437,1.0000116388362186,1.4107905058284478,0.3715574734375866,1.2504641349207993e-112,3.6390285518907375e-09,1.0746948280237451e-15,3.7116589246469307e-35,7.327989854031799e-56,1.8402162748271353e-66,2.1907367693523134e-73,2.4212703313810184e-83,2.908924976833988e-112,0.4627960251657989,2,0.33360392869597316,0.13447041431004905,1.8621535733670285,1.4063258815752173,1.3830583919745898,0.8362152278423309,0.482805397694804,6437,0,0.5058532568864718,18.75623827772197,0.41790726880043777,15.86443336600858,19.43383380000196,24.151693279055607,27.428098695522547,35.903510102660995,23,4,0.0,0.3086107087395867,0
0.7077,0.7457,0.6711,1.0002365531669084,1.253172229459943,0.45150054479414303,3.6526952578433158e-109,5.7174441546605566e-09,5.287579141400345e-13,3.5448759878727662e-37,4.779318602975878e-50,3.286720560631944e-63,8.356060628064936e-65,7.570816150557589e-95,6.552181894083713e-99,0.40618812377306235,2,0.27446906375955776,0.11229847378549543,1.4710590990411714,0.9259199236723605,1.3830583919745898,0.7976141571998596,0.45056378178417555,6711,0,0.4919769321298537,18.75623827772197,0.3328446565758371,10.23414610896448,13.494004683190624,17.8662153403892,21.53378679742813,29.9206607974324,23,5,0.0,0.27594602147064357,0
0.7077,0.702,0.7398,1.0000668656171836,0.5982903825970239,0.8353326739827407,1.3123691747819363e-115,9.668405671349825e-08,5.287579141400345e-13,2.704369282360551e-31,2.5631125872313915e-39,7.578176580174682e-52,5.8772302208562005e-64,1.1381839115471015e-95,3.4820196643634923e-104,0.08978132822372642,2,0.1312659954228096,0.058253364027194186,0.3520154842861841,0.34123205996587236,1.3830583919745898,0.834567129611969,0.9141931581530031,7398,0,0.08600915061958792,18.75623827772197,0.1551618638159829,1.111731381725688,2.152227108949668,4.827709121243541,8.532971303699165,11.222433406073801,23,6,0.0,0.1941158919050779,0
0.7077,0.7271,0.6815,1.0000059569324147,1.197724481735157,0.49819156664533204,3.9529599368596346e-115,9.668405671349825e-08,5.287579141400345e-13,2.3959517969597402e-35,1.3520297687344466e-49,3.3697271810798395e-61,1.7568636636505807e-67,8.835134685425689e-100,7.954611400942706e-108,0.3939194001815216,2,0.28486415890636096,0.11642716680620174,1.2807331088922307,1.091020946291033,1.3830583919745898,0.8028519153594971,0.4795252642741221,6815,0,0.4514722202702829,18.75623827772197,0.34477130925943866,9.249405966440117,12.205549353366884,15.989751928504543,19.15448511314988,30.208024290575104,23,7,0.0,0.2817182846312444,0
0.7077,0.7577,0.688,1.0000126141235406,1.6316685141414924,0.425773585914389,1.4181951574794484e-126,3.26621274701075e-09,7.928498603892037e-14,2.704369282360551e-31,8.084211119964179e-44,4.253785685928464e-56,3.949595685884759e-79,2.0643194318029887e-104,5.385023658220439e-110,0.4193691870313253,2,0.28042049509430894,0.1143668876359372,1.7469472755807318,0.773929139143557,1.3830583919745898,0.7785536050796509,0.4766106864170435,6880,0,0.4922166784317239,18.75623827772197,0.34461009105805585,15.993443901228165,20.081341037818266,25.120653873945855,29.289078514331578,34.97979911651146,23,8,0.0,0.27596283744746236,0
0.7077,0.7563,0.6925,1.0000135621497304,1.7446711600025664,0.4876961386744703,4.2218149273926776e-181,1.862884810379156e-10,2.995884242559116e-17,2.800040365717381e-35,1.2229079991755069e-55,2.358122235343167e-65,8.347046674314331e-117,1.800959584567782e-139,2.575223432273466e-161,0.4094653084811575,2,0.27274537471122395,0.11110998481700067,1.6586119743317487,0.7877238597871202,1.3830583919745898,0.7907112240791321,0.48045464271879496,6925,0,0.45102472940339544,18.75623827772197,0.33224633482750027,15.133621725597832,19.460600125848757,25.01379087202428,29.30126438500881,34.00637281752105,23,9,0.0,0.2690132823328696,0
0.7186,0.7492,0.7199,1.0000727122038573,0.704019822138281,0.7964299597149128,2.927021978927055e-151,1.9651531244653215e-10,8.113920224489245e-17,2.7227450126640934e-37,3.2337648399907627e-56,1.4864874968405488e-67,5.401798510692719e-100,1.4370893144568875e-123,6.240434616450066e-137,0.10638545349260142,2,0.1851363484500696,0.07897033430486926,0.5576790769568978,0.6134646328826663,1.3210554014039535,0.8795587718486786,0.8962061346385352,7199,0,0.10581497818540164,24.26855331163458,0.2501386090826486,1.8874030392677923,3.66295370586738,7.84484465037263,13.162317157924175,14.181609125245917,24,25,0.0,0.21837521476557625,0
0.7186,0.7562,0.751,1.0004177518277138,0.6479215777627083,0.7509997404372041,2.3630424831227754e-137,1.9651531244653215e-10,1.1766484878090118e-15,1.269660038919656e-40,3.2337648399907627e-56,1.0108764285875561e-69,3.727893915514359e-79,9.818560507240119e-121,1.93342115564707e-126,0.1147387663559628,2,0.17462123952786252,0.07434634930334953,0.6057366137165411,0.5376771244593634,1.3210554014039535,0.8553255498409271,0.8936889015485501,7510,0,0.12091190551286879,28.121713355353254,0.24316069835812013,2.358765887205775,3.8580821860433194,6.832304717088392,12.101519943404197,14.88486173370602,24,26,0.0,0.2068096586132242,0
0.7186,0.7697,0.7489,1.0008952191502354,0.7554135327532797,0.7586374980253612,3.8374034911955033e-141,1.9651531244653215e-10,1.1766484878090118e-15,2.7227450126640934e-37,3.2337648399907627e-56,1.4864874968405488e-67,3.727893915514359e-79,8.901214443772287e-120,4.67463273449664e-131,0.11783611694732365,2,0.17410965114641863,0.07423948967175913,0.578070774126738,0.5515917790780386,1.3210554014039535,0.8405385315418243,0.8942502525104533,7489,0,0.11879409395085516,26.015910548780624,0.23490693430677037,2.0376493019804514,3.8246287419683105,8.099404632255728,13.957223868083954,14.630452970968506,24,27,0.0,0.20750580960675707,0
0.7186,0.7593,0.7311,1.0002318805012875,0.6176307177727657,0.81642048367955,2.69085772779531e-136,1.9651531244653215e-10,4.757500326342959e-16,2.814581063702794e-44,1.885418705419507e-63,6.848849232249243e-81,5.488434503917482e-85,2.008704341414967e-114,3.346346622879915e-115,0.0947160892394806,2,0.18469531592854044,0.07871951165261971,0.6339432115525858,0.5368624015636,1.3210554014039535,0.8680681884288788,0.9126566940177752,7311,0,0.09221614807893941,28.121713355353254,0.2513235159639374,2.227910535893326,3.945430959888753,7.508026930972497,12.49669256132841,14.081411798341641,24,28,0.0,0.21452892065779466,0
0.7186,0.7613,0.7501,1.0006732243041978,0.658353450570438,0.8051257689075885,2.69085772779531e-136,1.9651531244653215e-10,1.1766484878090118e-15,2.7227450126640934e-37,3.2337648399907627e-56,1.4864874968405488e-67,3.727893915514359e-79,2.008704341414967e-114,3.346346622879915e-115,0.10123375854988537,2,0.16983767177865441,0.0724603164006413,0.5818641765405201,0.4900882086714432,1.3210554014039535,0.852372020483017,0.9038327091973823,7501,0,0.09986848209769705,28.05816606768434,0.2301204109995777,2.243161010025906,3.9595278374891465,7.229639046089261,11.656844957852364,14.218458131051127,24,29,0.0,0.20221618960577228,0
0.7186,0.7324,0.7369,1.000506414101773,0.73918532998068,0.7586145394089278,2.69085772779531e-136,1.9651531244653215e-10,1.1766484878090118e-15,2.7227450126640934e-37,3.2337648399907627e-56,1.4864874968405488e-67,3.727893915514359e-79,2.008704341414967e-114,3.346346622879915e-115,0.10962604739580883,2,0.1886202983701347,0.08023110133610424,0.5556194569077972,0.6628229377874044,1.3210554014039535,0.874478816986084,0.8929096601675711,7369,0,0.11858694394069869,26.096635688050593,0.25333883763261916,2.5114341520020766,4.542240978374346,9.451735616916537,15.43125631775763,14.387871089597574,24,2,0.0,0.21969858840106204,0
0.7186,0.7519,0.7231,1.0004291551350954,0.850269499343729,0.7160324384086703,2.69085772779531e-136,1.9651531244653215e-10,1.1766484878090118e-15,2.7227450126640934e-37,3.2337648399907627e-56,1.4864874968405488e-67,3.727893915514359e-79,2.008704341414967e-114,3.346346622879915e-115,0.13712371252419686,2,0.21610872616126361,0.09093076935144234,0.8054313683922771,0.6754955505779174,1.3210554014039535,0.8807516396045685,0.8679158016278334,7231,0,0.14364110611443737,25.52745699669033,0.3052939896078386,2.9315313393927362,4.531233503089195,9.254660735094376,15.034492794966697,16.59779232600115,24,3,0.0,0.23814463143855902,0
0.7186,0.7217,0.674,1.0000286186020915,1.390155621458801,0.6498684911147907,2.69085772779531e-136,1.9651531244653215e-10,1.0746948280237451e-15,2.7227450126640934e-37,3.2337648399907627e-56,1.4864874968405488e-67,3.727893915514359e-79,2.008704341414967e-114,3.346346622879915e-115,0.18886308418162634,2,0.2763291965953235,0.11422033790703941,0.9414057659497775,1.137546102830591,1.3210554014039535,0.9122482538223267,0.8624461915541141,6740,0,0.16855613624320376,20.07533614114806,0.3930602871339113,4.490538075440141,7.49064598023993,12.43414305799073,17.87104567952156,20.887831137886295,24,4,0.0,0.2742333200585202,0
0.7186,0.7457,0.7315,1.0003959422925348,0.9312910739306158,0.7579515315103521,2.69085772779531e-136,1.9651531244653215e-10,1.1766484878090118e-15,2.7227450126640934e-37,3.2337648399907627e-56,1.4864874968405488e-67,3.727893915514359e-79,2.008704341414967e-114,3.346346622879915e-115,0.11297714937699166,2,0.18828370365960845,0.08018365071532803,0.5796388698790739,0.6098104399774824,1.3210554014039535,0.8736471831798553,0.9056865163629362,7315,0,0.11323558247049115,23.16582334762208,0.2534881805949092,2.075564003918636,4.369301335837326,9.77323327574014,15.977725329637527,14.86011431543652,24,5,0.0,0.2201375311496583,0
0.7186,0.702,0.6989,1.0000175828410616,1.7265816345435856,0.4822540586614851,2.69085772779531e-136,1.9651531244653215e-10,1.1766484878090118e-15,2.7227450126640934e-37,3.2337648399907627e-56,1.4864874968405488e-67,3.727893915514359e-79,2.008704341414967e-114,3.346346622879915e-115,0.40579464411549826,2,0.28286449999030927,0.11488213721380221,0.901318616100147,1.489668926280984,1.3210554014039535,0.9106001555919647,0.5077480927199772,6989,0,0.43301827301386486,19.02801690442886,0.3610781783989803,13.888162875035714,19.254830643284315,25.81827638163379,30.170439625709506,37.448162798919896,24,6,0.0,0.2694208841885575,0
0.7186,0.7271,0.702,1.0000178972939422,1.1016956299633185,0.8106571407602665,2.69085772779531e-136,1.9651531244653215e-10,1.1766484878090118e-15,2.7227450126640934e-37,3.2337648399907627e-56,1.4864874968405488e-67,3.727893915514359e-79,2.008704341414967e-114,3.346346622879915e-115,0.09642555057596414,2,0.1808389300109474,0.07827760738120969,0.4502987164544117,0.6055445190053996,1.3210554014039535,0.8788849413394928,0.9108183609529142,7020,0,0.09474671501678711,20.853220808473434,0.22650404993192133,2.361405138675002,5.042328336435146,10.978040815208884,17.280256616687776,15.058170546463824,24,7,0.0,0.22758856735715402,0
0.7186,0.7577,0.7342,1.0010090490798802,0.6718141048342503,0.7972653231292568,2.69085772779531e-136,1.9651531244653215e-10,1.1766484878090118e-15,2.7227450126640934e-37,3.2337648399907627e-56,1.4864874968405488e-67,3.727893915514359e-79,2.008704341414967e-114,3.346346622879915e-115,0.10153024064247895,2,0.1780087097897666,0.07621173578788686,0.625866290514389,0.5025212421498779,1.3210554014039535,0.8545866310596466,0.9008754864171816,7342,0,0.10345892533729528,27.256245349582656,0.23967475721100326,2.262327000808729,3.835207801915347,6.925622371309061,11.308493261814117,13.890343381463692,24,8,0.0,0.2122738604294699,0
0.7186,0.7563,0.7355,1.0004005929813913,0.5718175746881996,0.8313134798101991,4.2218149273926776e-181,1.862884810379156e-10,2.995884242559116e-17,2.7227450126640934e-37,3.2337648399907627e-56,1.4864874968405488e-67,8.347046674314331e-117,1.800959584567782e-139,2.575223432273466e-161,0.09084205313228733,2,0.16547511148082178,0.07117390453311127,0.5383951638852635,0.4743315106994335,1.3210554014039535,0.8667442500591278,0.9180995652586437,7355,0,0.0853475334590601,28.121713355353254,0.22022788456925554,1.899890523448515,3.155225154486222,5.708092501079534,10.344058037161828,12.918599639079149,24,9,0.0,0.20376304739111706,0
0.7492,0.7562,0.7732,1.000309698598342,0.7898306107091249,0.7679363342577392,2.927021978927055e-151,1.5961786926902599e-09,8.113920224489245e-17,1.269660038919656e-40,3.31727012062065e-53,1.0108764285875561e-69,5.401798510692719e-100,1.4370893144568875e-123,6.240434616450066e-137,0.11030793008322215,2,0.11579425919876635,0.051138353858918996,0.3494493079305983,0.2853835089745379,1.4677378370032739,0.7715793251991272,0.9045236869106023,7732,0,0.11092520891794,24.26855331163458,0.13870086887019345,1.593847919164001,3.0106246365743488,6.296057183428824,10.800204344332219,14.815179852949598,25,26,0.0,0.17212554738237512,0
0.7492,0.7697,0.7613,1.0001392838018526,0.9020526450446574,0.7440233553559177,2.927021978927055e-151,1.5961786926902599e-09,8.113920224489245e-17,3.602886114643847e-36,4.678279147763269e-53,4.8474302989905534e-61,5.401798510692719e-100,1.4370893144568875e-123,6.240434616450066e-137,0.12859795981344813,2,0.13606648662652152,0.059513824037901224,0.4059786377776158,0.3820867008296624,1.4677378370032739,0.7567923069000244,0.8872828672927133,7613,0,0.12673869982039765,24.26855331163458,0.16530923891392613,1.80312973750768,3.2917199219437667,6.759358899534034,11.174273526996375,15.05959722870736,25,27,0.0,0.18916326088975027,0
0.7492,0.7593,0.775,1.000119489075738,0.878733948392808,0.8122085565305237,2.927021978927055e-151,1.0434267219266503e-09,8.113920224489245e-17,2.814581063702794e-44,1.885418705419507e-63,6.848849232249243e-81,5.401798510692719e-100,1.4370893144568875e-123,6.240434616450066e-137,0.09562825508914807,2,0.12364529721002478,0.05408420335735426,0.39627114159805377,0.2995982699413327,1.4677378370032739,0.7843219637870789,0.9136577682412915,7750,0,0.0930330345744047,24.26855331163458,0.15265915288000836,1.6079591492910124,3.3882656897033687,8.139424550244977,14.19182034625411,14.171123689606576,25,28,0.0,0.1747403793771265,0
0.7492,0.7613,0.7669,1.0001780924812642,0.8295090022729862,0.8067396686684393,2.927021978927055e-151,1.5961786926902599e-09,8.113920224489245e-17,2.683639685027793e-32,4.678279147763269e-53,4.8474302989905534e-61,5.401798510692719e-100,1.4370893144568875e-123,6.240434616450066e-137,0.10018674336838851,2,0.128228988129439,0.056169080954192895,0.4104281545182208,0.32180239101758923,1.4677378370032739,0.768625795841217,0.9089588110759739,7669,0,0.09700137365260098,24.26855331163458,0.15872345472204086,1.644424600688715,3.290015958238164,6.968884004093502,11.595543646097184,14.225629647642153,25,29,0.0,0.1804304925454217,0
0.7492,0.7324,0.7395,1.0004925701937228,0.8095846458482134,0.739257209571392,2.927021978927055e-151,1.5961786926902599e-09,8.113920224489245e-17,2.3996575102919266e-34,4.678279147763269e-53,4.8474302989905534e-61,5.401798510692719e-100,1.4370893144568875e-123,6.240434616450066e-137,0.12504324672164047,2,0.141498334483402,0.06174138692940844,0.3721211000458964,0.4365278715179298,1.4677378370032739,0.7907325923442841,0.8835834601489969,7395,0,0.12920741811317737,24.26855331163458,0.1720300790416618,2.2049467927409125,4.030593411571571,7.836813482938267,12.083160139905848,15.590125475562848,25,2,0.0,0.19362913499236592,0
0.7492,0.7519,0.7541,1.0000897862753437,0.8171277457391423,0.7511814031668818,2.927021978927055e-151,1.5961786926902599e-09,8.113920224489245e-17,2.683639685027793e-32,4.678279147763269e-53,4.8474302989905534e-61,5.401798510692719e-100,1.4370893144568875e-123,6.240434616450066e-137,0.12273788963556376,2,0.14267879065269148,0.06226150003196931,0.4510050298217292,0.3628948190917475,1.4677378370032739,0.7970054149627686,0.8879675560826172,7541,0,0.12358622529502017,24.26855331163458,0.1746146555035068,1.742673773105399,3.152611581149887,6.342589342878352,10.903783659034968,15.425514608250229,25,3,0.0,0.19407949923680595,0
0.7492,0.7217,0.7214,1.0000155389196148,1.4400003339138618,0.6715542982218902,2.927021978927055e-151,1.5961786926902599e-09,8.113920224489245e-17,3.7116589246469307e-35,7.327989854031799e-56,1.8402162748271353e-66,5.401798510692719e-100,1.4370893144568875e-123,6.240434616450066e-137,0.1736956709777665,2,0.19161334056316873,0.08152580720236297,0.5486860377657821,0.6597936348488725,1.4677378370032739,0.8285020291805267,0.865784337149246,7214,0,0.16007377078806828,20.07533614114806,0.23502046864754028,3.3093610521073313,5.228554102057682,9.0883826509586,13.346295277041197,19.892619724707725,25,4,0.0,0.22485739194489437,0
0.7492,0.7457,0.7591,1.0001260027499177,0.9380718357132116,0.743235151631726,2.927021978927055e-151,1.5961786926902599e-09,8.113920224489245e-17,3.5448759878727662e-37,4.678279147763269e-53,3.286720560631944e-63,5.401798510692719e-100,1.4370893144568875e-123,6.240434616450066e-137,0.12573484095813003,2,0.12835165948196656,0.05619625758604425,0.35840174829572613,0.3549741373236322,1.4677378370032739,0.7899009585380554,0.8939166799408529,7591,0,0.12346985380900533,23.16582334762208,0.15474913033266036,1.3124061908366276,3.029767598416449,7.3972282769893,12.303375363236666,14.873430791427161,25,5,0.0,0.18106290336791775,0
0.7492,0.702,0.6754,1.0000819698609629,1.816284317609257,0.41580722383737867,2.927021978927055e-151,1.5961786926902599e-09,8.113920224489245e-17,2.683639685027793e-32,4.678279147763269e-53,4.8474302989905534e-61,5.401798510692719e-100,1.4370893144568875e-123,6.240434616450066e-137,0.43150522388576473,2,0.2710206944998306,0.1109222698780823,1.021048386538766,1.240759241256863,1.4677378370032739,0.8268539309501648,0.4565236321936673,6754,0,0.5007288428908642,19.02801690442886,0.33932781741662105,10.884409588127246,15.770765749461477,21.62723254304207,25.806784046135096,33.23479242858493,25,6,0.0,0.26795326768989935,0
0.7492,0.7271,0.7397,1.0001642502096664,1.0936767482312986,0.7652727818247419,2.927021978927055e-151,1.5961786926902599e-09,8.113920224489245e-17,2.3959517969597402e-35,4.678279147763269e-53,3.3697271810798395e-61,5.401798510692719e-100,1.4370893144568875e-123,6.240434616450066e-137,0.12038306205737415,2,0.14041770192258135,0.06154249041832413,0.3351869591866461,0.4543544873910875,1.4677378370032739,0.7951387166976929,0.8902458524580551,7397,0,0.11810082328629035,20.853220808473434,0.16832600574556367,2.1979699692987595,4.612118513740403,9.314346146436959,14.07417395633459,15.67573708344408,25,7,0.0,0.1980049824283637,0
0.7492,0.7577,0.7663,1.0007857173149899,0.7814517502713448,0.8210835300939201,2.927021978927055e-151,1.5961786926902599e-09,8.113920224489245e-17,2.683639685027793e-32,4.678279147763269e-53,4.8474302989905534e-61,5.401798510692719e-100,1.4370893144568875e-123,6.240434616450066e-137,0.08753135850938232,2,0.12682942009178552,0.05556591348716486,0.3946509929480388,0.30682680171484505,1.4677378370032739,0.7708404064178467,0.9151232811861285,7663,0,0.08971850931806369,24.26855331163458,0.15418892943639098,1.458402552825708,2.922776557043501,6.446258600867042,11.233887252825498,12.625830069156883,25,8,0.0,0.17859896840089803,0
0.7492,0.7563,0.7618,1.0001565129971721,0.750512593482521,0.8100659027497997,4.2218149273926776e-181,1.862884810379156e-10,2.995884242559116e-17,2.800040365717381e-35,1.2229079991755069e-55,2.358122235343167e-65,8.347046674314331e-117,1.800959584567782e-139,2.575223432273466e-161,0.10162178486156392,2,0.1269073754423409,0.05558316036256198,0.3817149989233143,0.32876072301782644,1.4677378370032739,0.7829980254173279,0.9041075268750809,7618,0,0.09810542462172223,24.26855331163458,0.15675465720464407,1.4615165697601833,2.991169690203202,6.660855850703014,11.441696677958966,13.195504268540583,25,9,0.0,0.1790135204138092,0
0.7562,0.7697,0.7831,1.00086666518893,0.6400172215921158,0.827896952582409,3.8374034911955033e-141,1.2796340595136934e-08,1.237969443043429e-11,1.269660038919656e-40,3.31727012062065e-53,1.0108764285875561e-69,4.387010904441941e-77,9.818560507240119e-121,4.67463273449664e-131,0.08671623512636906,2,0.11900497678937472,0.05230208602972309,0.3195089399569042,0.3532465892552874,1.556800037329947,0.732559084892273,0.9153866155603271,7831,0,0.08778167859982677,26.015910548780624,0.1442989648172881,1.4877593523081312,2.6830986367605534,5.581556491683053,10.35292259145379,12.100604728407781,26,27,0.0,0.17122542091578508,0
0.7562,0.7593,0.7882,1.0002048726044048,0.6603114914038795,0.8269526570914766,2.3630424831227754e-137,1.0434267219266503e-09,4.757500326342959e-16,2.814581063702794e-44,1.885418705419507e-63,6.848849232249243e-81,5.488434503917482e-85,9.818560507240119e-121,1.93342115564707e-126,0.08828833286837046,2,0.11069731115814829,0.048796429600502185,0.311025326732606,0.2925116951839238,1.556800037329947,0.7600887417793274,0.9190686575392868,7882,0,0.08628160791168438,29.06313601477647,0.13235949087252788,1.076088379560654,2.350790944886201,6.39628157682599,12.550232897853851,13.765619297321473,26,28,0.0,0.16334029701611238,0
0.7562,0.7613,0.7932,1.000521518182739,0.600523936069247,0.7918146930135629,2.3630424831227754e-137,4.82390972553588e-09,5.541884991332865e-13,1.269660038919656e-40,3.31727012062065e-53,1.0108764285875561e-69,4.387010904441941e-77,9.818560507240119e-121,1.93342115564707e-126,0.09960448762853957,2,0.11245189834359454,0.049523448585975294,0.31604164217208536,0.3096596107057129,1.556800037329947,0.7443925738334656,0.9127218375307616,7932,0,0.09983847199489526,28.05816606768434,0.1363310461524861,1.1435741685403544,2.310993627789144,5.9341614900416655,10.881354292404652,13.283908333164748,26,29,0.0,0.165134564965114,0
0.7562,0.7324,0.7653,1.0001139704470223,0.7292002444119503,0.8128074318086402,2.3630424831227754e-137,1.2796340595136934e-08,1.237969443043429e-11,1.269660038919656e-40,3.31727012062065e-53,1.0108764285875561e-69,4.387010904441941e-77,9.818560507240119e-121,1.93342115564707e-126,0.09668613235604984,2,0.13585107761670165,0.05945249387097865,0.3281232548037843,0.4364427861614504,1.556800037329947,0.7664993703365326,0.9103015727294808,7653,0,0.09469236903555922,26.096635688050593,0.1639679926661547,1.8837436244471029,3.4211597083121617,6.826578948945265,11.94445771143306,13.297196005055332,26,2,0.0,0.18785549230275078,0
0.7562,0.7519,0.7851,1.000153563533474,0.712727770643455,0.854914477423983,2.3630424831227754e-137,1.2796340595136934e-08,1.237969443043429e-11,1.269660038919656e-40,3.31727012062065e-53,1.0108764285875561e-69,4.387010904441941e-77,9.818560507240119e-121,1.93342115564707e-126,0.07637469783371342,2,0.11738515741444812,0.05168936441953555,0.3238500021360657,0.30265050934301746,1.556800037329947,0.7727721929550171,0.9256981994897333,7851,0,0.07502292305920599,25.52745699669033,0.1418623545970947,0.8915892235086629,1.8404928519234476,5.130210421644689,10.163416059279442,11.721358407557958,26,3,0.0,0.16959316712606973,0
0.7562,0.7217,0.7207,1.0000130862350172,1.3319478871042918,0.7004201216557475,2.3630424831227754e-137,3.6390285518907375e-09,1.0746948280237451e-15,1.269660038919656e-40,7.327989854031799e-56,1.0108764285875561e-69,4.387010904441941e-77,9.818560507240119e-121,1.93342115564707e-126,0.17715581122928348,2,0.1902369084204878,0.08085112158551558,0.49902004218989904,0.818031827589827,1.556800037329947,0.8042688071727753,0.8577487771579956,7207,0,0.15482873861583224,20.07533614114806,0.23099614516437614,3.5426816332615942,5.836375964939128,9.953708345851506,14.757076684188842,19.613515757813662,26,4,0.0,0.22468180053837708,0
0.7562,0.7457,0.7738,1.000424816984631,0.8502568017273857,0.8467936211430648,2.3630424831227754e-137,5.7174441546605566e-09,1.237969443043429e-11,1.269660038919656e-40,3.31727012062065e-53,1.0108764285875561e-69,4.387010904441941e-77,9.818560507240119e-121,1.93342115564707e-126,0.07996679215053049,2,0.12137460814508219,0.05334702199252434,0.30317093576364806,0.3800088050348266,1.556800037329947,0.765667736530304,0.9202764925950793,7738,0,0.0797631913049166,23.16582334762208,0.1492827542868574,1.460707727714801,2.818092697691537,6.642200527841586,12.08348062416911,12.014219197817006,26,5,0.0,0.17499949969847886,0
0.7562,0.702,0.7034,1.000044056177878,1.689332752207327,0.41284340901307304,2.3630424831227754e-137,1.2796340595136934e-08,1.237969443043429e-11,1.269660038919656e-40,3.31727012062065e-53,1.0108764285875561e-69,4.387010904441941e-77,9.818560507240119e-121,1.93342115564707e-126,0.4110283934290411,2,0.26408796648097854,0.10783212096306197,0.8713933389963154,1.385684525391575,1.556800037329947,0.8026207089424133,0.4620295559616763,7034,0,0.4935870036276039,19.02801690442886,0.32904806343212306,12.081315982285224,16.691892299889307,22.685064362811072,27.129614888169616,35.20022548742116,26,6,0.0,0.25942025429689647,0
0.7562,0.7271,0.7369,1.0000992361328565,1.0833959260470352,0.8249099154425907,2.3630424831227754e-137,1.2796340595136934e-08,9.543942642783973e-12,1.269660038919656e-40,3.31727012062065e-53,1.0108764285875561e-69,4.387010904441941e-77,9.818560507240119e-121,1.93342115564707e-126,0.08918612304004281,2,0.1417129925484895,0.06234921249753204,0.3056614856378521,0.490323040969403,1.556800037329947,0.7709054946899414,0.9094424442254825,7369,0,0.09127161326588973,20.853220808473434,0.16940763120175764,2.3195691204691022,4.346978748187135,8.666603934064888,14.237962846523523,13.460805295394657,26,7,0.0,0.20095567575364823,0
0.7562,0.7577,0.7711,1.0003495089920318,0.6143647050464924,0.8037127480874913,2.3630424831227754e-137,3.26621274701075e-09,7.928498603892037e-14,1.269660038919656e-40,3.31727012062065e-53,1.0108764285875561e-69,3.949595685884759e-79,9.818560507240119e-121,1.93342115564707e-126,0.0994521619992319,2,0.12332416426464145,0.05430525796235903,0.35096247545342196,0.3286277809510592,1.556800037329947,0.7466071844100952,0.9100263464689513,7711,0,0.09751986431610793,27.256245349582656,0.14866277726585728,1.1417698050623935,2.3644090812576475,5.70972858886287,10.365743374413253,13.037838907513223,26,8,0.0,0.1760673873020823,0
0.7562,0.7563,0.7708,1.0003469192791328,0.5592332373252895,0.8090475471739431,4.2218149273926776e-181,1.862884810379156e-10,2.995884242559116e-17,1.269660038919656e-40,1.2229079991755069e-55,1.0108764285875561e-69,8.347046674314331e-117,1.800959584567782e-139,2.575223432273466e-161,0.09242251235659316,2,0.12356370446424125,0.05429244222456946,0.33997919163719853,0.34807567953355883,1.556800037329947,0.7587648034095764,0.9088579720194757,7708,0,0.09627318813054542,29.06313601477647,0.15177395759648232,1.1340986842341731,2.2176434864165624,5.545652868478865,10.121025183838606,13.183274337291595,26,9,0.0,0.1765596916412941,0
0.7697,0.7593,0.7899,1.0000549921636166,0.8003763070000209,0.8343669439241288,3.8374034911955033e-141,1.0434267219266503e-09,4.757500326342959e-16,2.814581063702794e-44,1.885418705419507e-63,6.848849232249243e-81,5.488434503917482e-85,8.901214443772287e-120,4.67463273449664e-131,0.08254423608843064,2,0.11313498059418967,0.04990233496900444,0.33026126869611055,0.28374496186912856,1.5522651328854664,0.7453017234802246,0.9214833966712175,7899,0,0.08327643640360383,26.015910548780624,0.1337994311109332,1.2958543570498107,2.771997472447973,7.59294532969938,14.462948011136055,13.699113537424106,27,28,0.0,0.16535909683138264,0
0.7697,0.7613,0.7872,1.0010049303428667,0.6399310531234048,0.7872572477682015,3.8374034911955033e-141,4.82390972553588e-09,5.541884991332865e-13,3.602886114643847e-36,2.428410751420476e-46,4.81067125668682e-57,6.4299857788336886e-77,8.901214443772287e-120,4.67463273449664e-131,0.09510919615400049,2,0.120494389744101,0.05281600170666297,0.3583048503568992,0.3234951044765676,1.5522651328854664,0.7296055555343628,0.91472885026828,7872,0,0.10094301908293224,26.015910548780624,0.14619725837224243,1.4511284382464427,2.901051621067628,6.820383861475153,12.296220667421817,12.989724364714558,27,29,0.0,0.17057186974497465,0
0.7697,0.7324,0.7667,1.0000414906834207,0.5954762587681284,0.8105110961765108,3.8374034911955033e-141,4.514547179908121e-08,7.876224152683724e-11,3.602886114643847e-36,4.0792121602439835e-43,1.4949453941799266e-57,2.183683142282752e-76,8.901214443772287e-120,4.67463273449664e-131,0.08901130058973572,2,0.1260014741006796,0.05548536275096487,0.30439119843152523,0.38340365327823217,1.5522651328854664,0.7517123520374298,0.9166945034988279,7667,0,0.09285067130670188,26.015910548780624,0.14956252151122384,1.3374115443601982,2.550836604018348,5.3143205669745734,9.38145454893224,11.910787570843894,27,2,0.0,0.1804198259712698,0
0.7697,0.7519,0.7715,1.0006016030428748,0.656315319521203,0.8077364466772846,3.8374034911955033e-141,4.514547179908121e-08,7.432015346378871e-10,3.602886114643847e-36,3.134820807189641e-42,4.81067125668682e-57,2.183683142282752e-76,8.901214443772287e-120,4.67463273449664e-131,0.170511220057453,2,0.14201581647185946,0.06179288234353116,0.43707250095712136,0.376411078564825,1.5522651328854664,0.7579851746559143,0.9027194573370105,7715,0,0.09987056025690855,25.52745699669033,0.17458678525544277,1.6100926168061833,2.9093749609688877,5.894407906274058,9.713604754734039,12.323233140802548,27,3,0.0,0.1895979136351977,0
0.7697,0.7217,0.7317,1.0000054067313806,1.1701645334056614,0.6317366149800914,3.8374034911955033e-141,3.6390285518907375e-09,1.0746948280237451e-15,3.602886114643847e-36,7.327989854031799e-56,1.8402162748271353e-66,2.183683142282752e-76,8.901214443772287e-120,4.67463273449664e-131,0.20487662776305904,2,0.19079511930912768,0.0809835978437533,0.5233306779803153,0.8073827847990741,1.5522651328854664,0.7894817888736725,0.8370722997390598,7317,0,0.18775303773201135,20.07533614114806,0.2343282453289061,3.6104909583164946,5.826564323870273,9.473173191647112,13.299742537927628,17.978727058275794,27,4,0.0,0.22349538398228114,0
0.7697,0.7457,0.771,1.000045788632887,0.7200598127300852,0.8216603590082524,3.8374034911955033e-141,5.7174441546605566e-09,2.3825932419292076e-10,3.5448759878727662e-37,4.779318602975878e-50,3.286720560631944e-63,2.183683142282752e-76,8.901214443772287e-120,4.67463273449664e-131,0.08863703208204088,2,0.1262344833525181,0.055543514664200315,0.32277053005846,0.376504702203147,1.5522651328854664,0.7508807182312012,0.9110477042512604,7710,0,0.09161151345829865,23.16582334762208,0.15130948705376276,1.2847185390131002,2.5162805012506744,5.724339496937219,10.190341517293453,11.71379671161406,27,5,0.0,0.18123315460426515,0
0.7697,0.702,0.6959,1.0001302668151402,1.5250953709396455,0.4212120893538749,3.8374034911955033e-141,4.514547179908121e-08,7.898398777015119e-11,3.602886114643847e-36,3.134820807189641e-42,4.81067125668682e-57,2.183683142282752e-76,8.901214443772287e-120,4.67463273449664e-131,0.42472833259679954,2,0.27180720459595625,0.11123936629675277,0.9463481752787062,1.4859338793104835,1.5522651328854664,0.7878336906433105,0.463410605703472,6959,0,0.47849513416494316,19.02801690442886,0.3360039027541223,11.068040131032069,15.31805023106256,20.770127605920212,24.896955188181995,35.70789700335094,27,6,0.0,0.26670247652257956,0
0.7697,0.7271,0.7376,1.0000948469752613,0.917824464761163,0.8024370131755171,3.8374034911955033e-141,4.514547179908121e-08,9.543942642783973e-12,3.602886114643847e-36,1.3520297687344466e-49,3.3697271810798395e-61,2.183683142282752e-76,8.901214443772287e-120,4.67463273449664e-131,0.10143906855701146,2,0.14653739348495756,0.06430636377981142,0.3281428421013076,0.5027444396017962,1.5522651328854664,0.7561184763908386,0.899256659417459,7376,0,0.10295271113021509,20.853220808473434,0.17576496167377745,2.0880343969281943,3.971059409394532,7.827265914869941,12.341293897151948,12.728115919756966,27,7,0.0,0.2050998157422424,0
0.7697,0.7577,0.7733,1.0000034769269837,0.6226161210042372,0.785153801273304,3.8374034911955033e-141,3.26621274701075e-09,7.928498603892037e-14,3.602886114643847e-36,8.084211119964179e-44,4.81067125668682e-57,3.949595685884759e-79,8.901214443772287e-120,4.67463273449664e-131,0.10386627953984917,2,0.13043749488042586,0.05703429757540715,0.40266267191955796,0.33571691489342426,1.5522651328854664,0.7318201661109924,0.9043417997784869,7733,0,0.10630315953675551,26.015910548780624,0.15688203073677154,1.9281223294561052,3.5737470895523002,7.261241674085686,12.32675052563548,13.21919732624548,27,8,0.0,0.18039154313918512,0
0.7697,0.7563,0.7707,1.0009360966185439,0.6894153205500428,0.7957991229428167,4.2218149273926776e-181,1.862884810379156e-10,2.995884242559116e-17,3.602886114643847e-36,1.2229079991755069e-55,2.358122235343167e-65,8.347046674314331e-117,1.800959584567782e-139,2.575223432273466e-161,0.10218229217431773,2,0.1314722312932141,0.057470637178209834,0.3826508937411915,0.35702655028124275,1.5522651328854664,0.7439777851104736,0.9043273427140981,7707,0,0.10275235435870311,26.015910548780624,0.15857721506789035,1.841431045361152,3.431429042368094,7.14954615639307,12.216349065333604,13.50589078227676,27,9,0.0,0.18290076746347664,0
0.7593,0.7613,0.7905,1.0013338881539326,0.6239632105441764,0.8518655623950473,3.1157955243985435e-123,1.0434267219266503e-09,4.757500326342959e-16,2.814581063702794e-44,1.885418705419507e-63,6.848849232249243e-81,5.488434503917482e-85,2.5802049568551427e-104,8.170187195390335e-110,0.07080207154574092,2,0.11305132362396153,0.049642753327275226,0.3067663318940705,0.3134759637011172,1.5292748788736625,0.7571352124214172,0.9339292170725856,7905,0,0.0719428723593385,28.05816606768434,0.14137635420478759,0.9355618437890287,1.96239923161283,5.68756727486586,11.487521919858455,11.939917830651488,28,29,0.0,0.16310926865674627,0
0.7593,0.7324,0.7616,1.000087384309281,0.865563331335937,0.8294867757210386,9.821452435404464e-127,1.0434267219266503e-09,4.757500326342959e-16,2.814581063702794e-44,1.885418705419507e-63,6.848849232249243e-81,5.488434503917482e-85,8.597779637409132e-106,2.488742915509378e-112,0.08613330989143186,2,0.13504761783711278,0.0586886221721739,0.3078211203986222,0.4554731920403523,1.5292748788736625,0.7792420089244843,0.9192282288285758,7616,0,0.08534344626468748,26.096635688050593,0.16485793559411932,2.023071630832223,4.13957404241919,9.369619167381664,16.060335510388388,14.393516535887676,28,2,0.0,0.1834027186903117,0
0.7593,0.7519,0.7755,1.0005966211218063,0.9587553519442651,0.8087832529437955,1.1496589229858893e-120,1.0434267219266503e-09,4.757500326342959e-16,2.814581063702794e-44,1.885418705419507e-63,6.848849232249243e-81,5.488434503917482e-85,2.5802049568551427e-104,1.1403748743844684e-109,0.29565435798934736,2,0.13477884679974414,0.05857401219189602,0.37013458568885643,0.3825775119523347,1.5292748788736625,0.7855148315429688,0.9070300815727583,7755,0,0.09714689429370815,25.52745699669033,0.16703042601097357,1.4050116283680512,3.4346814143945936,9.164629029490966,15.219578229308128,15.201029649850154,28,3,0.0,0.18137717811483275,0
0.7593,0.7217,0.7268,1.0000230643264063,1.5057661984331758,0.734778532534781,1.1496589229858893e-120,1.0434267219266503e-09,4.757500326342959e-16,2.814581063702794e-44,1.885418705419507e-63,6.848849232249243e-81,5.488434503917482e-85,2.5802049568551427e-104,2.908924976833988e-112,0.1483766979847786,2,0.1827567021452176,0.0777398779287106,0.45018905806767906,0.7304140046943045,1.5292748788736625,0.8170114457607269,0.8789341569663213,7268,0,0.13362767984006574,20.07533614114806,0.22513238367652844,3.5964284584971233,6.569449579806582,12.296169573843764,18.332270319741966,20.76619554182323,28,4,0.0,0.2170205427150374,0
0.7593,0.7457,0.7789,1.000513584355491,1.088140390262719,0.8221232915305933,1.1496589229858893e-120,1.0434267219266503e-09,4.757500326342959e-16,2.814581063702794e-44,1.885418705419507e-63,6.848849232249243e-81,5.488434503917482e-85,2.5802049568551427e-104,1.1403748743844684e-109,0.09137262833860438,2,0.12198371147135809,0.05334223269531599,0.2970781060617557,0.3938740953220861,1.5292748788736625,0.7784103751182556,0.9157123754043848,7789,0,0.08925236186714702,23.16582334762208,0.15198995784809885,1.5588063231036486,3.68431127412467,9.727741533308345,16.954233462560175,14.53959176504945,28,5,0.0,0.17279532646713847,0
0.7593,0.702,0.6887,1.000019459159205,1.9255820749699055,0.43547534070785004,1.1496589229858893e-120,1.0434267219266503e-09,4.757500326342959e-16,2.814581063702794e-44,1.885418705419507e-63,6.848849232249243e-81,5.488434503917482e-85,2.5802049568551427e-104,1.1403748743844684e-109,0.3947791125149335,2,0.2717881918655932,0.11111552679092956,0.8282143106819,1.5414898532498682,1.5292748788736625,0.815363347530365,0.4978955194721928,6887,0,0.46384510746210006,19.02801690442886,0.34161546785922464,14.379886601476962,20.7314156411198,27.86279749682286,32.34828644118532,37.60044738459757,28,6,0.0,0.26513277823754655,0
0.7593,0.7271,0.7426,1.0000437184581858,1.3315771674848782,0.8249215935957187,1.1496589229858893e-120,1.0434267219266503e-09,4.757500326342959e-16,2.814581063702794e-44,1.885418705419507e-63,6.848849232249243e-81,5.488434503917482e-85,2.5802049568551427e-104,1.1403748743844684e-109,0.09363759220840939,2,0.1516843853366403,0.06593002479307164,0.3206195518763961,0.5636146929005126,1.5292748788736625,0.7836481332778931,0.9105757780667729,7426,0,0.09067577604231303,20.853220808473434,0.18268369729851242,2.985164463007595,5.959951445027653,12.091067282364573,19.032940968167782,15.866252185543885,28,7,0.0,0.20440345215951106,0
0.7593,0.7577,0.7888,1.0004305329652625,0.707111671708649,0.8424955255967341,1.4181951574794484e-126,1.0434267219266503e-09,4.757500326342959e-16,2.814581063702794e-44,1.885418705419507e-63,6.848849232249243e-81,5.488434503917482e-85,2.0643194318029887e-104,5.385023658220439e-110,0.16197844116223836,2,0.12139801110749514,0.052992254522039754,0.3313450240247529,0.34104045035075514,1.5292748788736625,0.7593498229980469,0.924378870402092,7888,0,0.07914309568316358,27.256245349582656,0.1515819991550824,1.057075832353319,2.2622505484545568,6.301440661395409,11.974376597362756,12.852775964852265,28,8,0.0,0.16862232605191016,0
0.7593,0.7563,0.7747,1.0006562403269048,0.694052446864867,0.8155439827265291,4.2218149273926776e-181,1.862884810379156e-10,2.995884242559116e-17,2.814581063702794e-44,1.885418705419507e-63,6.848849232249243e-81,8.347046674314331e-117,1.800959584567782e-139,2.575223432273466e-161,0.0990663292423577,2,0.1268631446857866,0.05531615853819269,0.3333291777400476,0.37466342982697176,1.5292748788736625,0.7715074419975281,0.909607178625734,7747,0,0.09392396985646378,29.24974015259117,0.15700226700854095,1.3086152437592609,2.756368645256186,6.981413935354961,12.799375438481569,13.946831577802543,28,9,0.0,0.17557618288278734,0
0.7613,0.7324,0.7619,1.0002385320017257,0.6846185927107367,0.8123664355487723,9.821452435404464e-127,4.82390972553588e-09,5.541884991332865e-13,2.3996575102919266e-34,2.428410751420476e-46,1.4949453941799266e-57,6.4299857788336886e-77,8.597779637409132e-106,2.488742915509378e-112,0.0975040826857485,2,0.13359644649366864,0.05850260046572529,0.3143573111096347,0.4362178497109464,1.4276899277091646,0.7635458409786224,0.9083870051089434,7619,0,0.09532608871639647,26.096635688050593,0.16236220781108113,1.9095397105973833,3.7556120284572585,7.984332879209943,13.267011053250544,12.780283544140042,29,2,0.0,0.18534090914767154,0
0.7613,0.7519,0.7785,1.000704358356201,0.742843372521432,0.790877972077151,3.1157955243985435e-123,4.82390972553588e-09,5.541884991332865e-13,4.033237451851793e-30,2.428410751420476e-46,1.6577952822240192e-54,6.4299857788336886e-77,1.3686675407201459e-100,8.170187195390335e-110,0.10360469170070985,2,0.13051546383657603,0.057045530940944056,0.37216376513876104,0.361657880247856,1.4276899277091646,0.7698186635971069,0.9018115963565928,7785,0,0.1048544460530052,25.52745699669033,0.1606360843370369,1.2250429396755587,2.581741678129086,6.505226242530561,12.032562790483237,13.23783947068408,29,3,0.0,0.1802884794434669,0
0.7613,0.7217,0.7184,1.000227876039587,1.1989602269090263,0.6963713944935984,3.1157955243985435e-123,3.6390285518907375e-09,1.0746948280237451e-15,3.7116589246469307e-35,7.327989854031799e-56,1.8402162748271353e-66,6.4299857788336886e-77,1.3686675407201459e-100,2.908924976833988e-112,0.17204290300595182,2,0.197030777199466,0.08382617275588082,0.5136124576549579,0.7216863114060712,1.4276899277091646,0.8013152778148651,0.8640401117577265,7184,0,0.1530610679229576,20.07533614114806,0.2433455172365203,3.418875237997387,6.132462054819729,10.904218306307175,15.563426740682125,18.629594525857215,29,4,0.0,0.22837624677319554,0
0.7613,0.7457,0.7775,1.0002878128205106,0.8705271152878188,0.7766033415771227,3.1157955243985435e-123,4.82390972553588e-09,5.541884991332865e-13,3.5448759878727662e-37,4.779318602975878e-50,3.286720560631944e-63,6.4299857788336886e-77,1.3686675407201459e-100,8.170187195390335e-110,0.1105432742883884,2,0.12794131672343742,0.055941221298877714,0.3212028263722501,0.4124414709079002,1.4276899277091646,0.7627142071723938,0.9035660445764214,7775,0,0.10869321976141832,23.16582334762208,0.15730844185379517,1.7187058790866503,3.8350826181330615,8.922316872978156,14.55572149270177,14.290116323191224,29,5,0.0,0.18025420889865904,0
0.7613,0.702,0.6962,1.0002161788959536,1.5993750838271248,0.3761466282422825,3.1157955243985435e-123,4.82390972553588e-09,5.541884991332865e-13,4.033237451851793e-30,2.428410751420476e-46,1.6577952822240192e-54,6.4299857788336886e-77,1.3686675407201459e-100,8.170187195390335e-110,0.41649382674087,2,0.27076598176951455,0.11037457677862121,0.8615691025536671,1.5844830022811836,1.4276899277091646,0.7996671795845032,0.4908042997333289,6962,0,0.5033013819869274,19.02801690442886,0.3402904087281333,14.52512202080969,19.440666575670186,25.24218359110261,29.490291605446487,38.184910785509594,29,6,0.0,0.2629671267899864,0
0.7613,0.7271,0.7339,1.0000433485195905,1.0433084641544976,0.7894614515888836,3.1157955243985435e-123,4.82390972553588e-09,5.541884991332865e-13,2.3959517969597402e-35,1.3520297687344466e-49,3.3697271810798395e-61,6.4299857788336886e-77,1.3686675407201459e-100,8.170187195390335e-110,0.10848371807488555,2,0.15618122110612703,0.06788552932941029,0.33327039132505804,0.5886658304969263,1.4276899277091646,0.7679519653320312,0.9001337635650302,7339,0,0.10608916598200746,20.853220808473434,0.19216215139130483,3.0439485776715483,5.81927752402026,11.174673558200858,16.646440940397977,13.968331322135786,29,7,0.0,0.20973418208854414,0
0.7613,0.7577,0.781,1.0006956677361023,0.5128925961289279,0.8510433865426739,1.4181951574794484e-126,3.26621274701075e-09,7.928498603892037e-14,4.033237451851793e-30,2.428410751420476e-46,4.253785685928464e-56,3.949595685884759e-79,2.0643194318029887e-104,5.385023658220439e-110,0.0795639062525425,2,0.11949303707292615,0.05245213368112043,0.33290426447163207,0.32658304163846935,1.4276899277091646,0.7436536550521851,0.9262505845283291,7810,0,0.07569140518991424,27.256245349582656,0.1468585358989354,1.0047889393873135,2.0045742926833032,4.572407261740266,9.083887558448314,12.26004615340546,29,8,0.0,0.16970607363206114,0
0.7613,0.7563,0.7751,1.0002622009841684,0.6074973913870122,0.8026669296126665,4.2218149273926776e-181,1.862884810379156e-10,2.995884242559116e-17,2.800040365717381e-35,1.2229079991755069e-55,2.358122235343167e-65,8.347046674314331e-117,1.800959584567782e-139,2.575223432273466e-161,0.10357439553043113,2,0.12241166227027211,0.053852454261765936,0.3222851496204322,0.3526246991295093,1.4276899277091646,0.7558112740516663,0.9056167939567307,7751,0,0.09968471342224028,28.05816606768434,0.1486195670380936,1.3097744058696728,2.5874477420089983,5.733459085857298,10.200200180935859,14.392486642168477,29,9,0.0,0.17568816502677734,0
0.7324,0.7519,0.7579,1.0000652681999878,0.5692111192088417,0.8025456433124639,9.821452435404464e-127,5.595900066063627e-08,7.876224152683724e-11,2.3996575102919266e-34,4.0792121602439835e-43,1.4949453941799266e-57,3.0263622923431863e-74,8.597779637409132e-106,2.488742915509378e-112,0.10148863365591865,2,0.1458705345601154,0.06353632012795969,0.47922406798849476,0.3409011382303352,1.4153221062541754,0.791925460100174,0.9031645177191618,7579,0,0.1009092453887459,25.52745699669033,0.17888890943306668,1.8462669253845918,3.3112736941391603,6.524260277511076,10.644430430260114,13.00820695655997,2,3,0.0,0.19647528954205096,0
0.7324,0.7217,0.7148,1.0000892856996044,1.1331461068629975,0.7275812314709018,9.821452435404464e-127,3.6390285518907375e-09,1.0746948280237451e-15,3.7116589246469307e-35,7.327989854031799e-56,1.8402162748271353e-66,3.0263622923431863e-74,8.597779637409132e-106,2.488742915509378e-112,0.17289231576518027,2,0.19120821463111712,0.08134294021471986,0.5799434804535483,0.6383460491285329,1.4153221062541754,0.8234220743179321,0.8576545351854096,7148,0,0.14663675776765173,20.07533614114806,0.23302818775196046,3.162991546499398,5.110709260627798,8.860934755502763,13.566457725964113,18.438269181658107,2,4,0.0,0.2257645572975981,0
0.7324,0.7457,0.7571,1.000034900326001,0.6867276308980459,0.7968419239645395,9.821452435404464e-127,5.7174441546605566e-09,7.876224152683724e-11,3.5448759878727662e-37,4.779318602975878e-50,3.286720560631944e-63,3.0263622923431863e-74,8.597779637409132e-106,2.488742915509378e-112,0.1096532319037461,2,0.1360885653408162,0.059428893806553015,0.3929543965111703,0.37483579224009583,1.4153221062541754,0.7848210036754608,0.899113403577777,7571,0,0.104622267984816,23.16582334762208,0.16630080773368272,1.2238186300830713,2.4563650192045383,5.6921509155036905,9.778648844437301,12.422675882037808,2,5,0.0,0.18846320827110394,0
0.7324,0.702,0.7011,1.0000893944300586,1.5476705035753968,0.4042215791258438,9.821452435404464e-127,8.519268008770724e-07,7.876224152683724e-11,2.3996575102919266e-34,4.0792121602439835e-43,1.4949453941799266e-57,3.0263622923431863e-74,8.597779637409132e-106,2.488742915509378e-112,0.3914639895520938,2,0.25242198721773085,0.10369690262125869,0.901479528391697,1.1894489262522052,1.4153221062541754,0.8217739760875702,0.511552562312131,7011,0,0.4675124967030593,19.02801690442886,0.31311675596173366,10.82727057597097,14.828795548468497,19.80414062592828,23.603993671788274,35.47490148301679,2,6,0.0,0.2537303408851474,0
0.7324,0.7271,0.7116,1.0000356099656762,0.8334222393272712,0.7992972011501494,9.821452435404464e-127,8.302244525749991e-07,9.543942642783973e-12,2.3959517969597402e-35,1.3520297687344466e-49,3.3697271810798395e-61,3.0263622923431863e-74,8.597779637409132e-106,2.488742915509378e-112,0.1052978441219834,2,0.15329315747291006,0.06731341429792971,0.37423821783892774,0.4758902092196727,1.4153221062541754,0.7900587618350983,0.899890411820178,7116,0,0.10326444224136,20.853220808473434,0.18352134550398727,1.8741595686177654,3.575648277642543,7.103346540688044,11.260124476347864,12.246806028413427,2,7,0.0,0.21167608160202964,0
0.7324,0.7577,0.7515,1.000070092975389,0.6626778961916667,0.8032905401890231,9.821452435404464e-127,3.26621274701075e-09,7.928498603892037e-14,2.3996575102919266e-34,8.084211119964179e-44,1.4949453941799266e-57,3.949595685884759e-79,8.597779637409132e-106,2.488742915509378e-112,0.10674494878916163,2,0.14127726301644444,0.06161135438938427,0.4705113620353617,0.3342636356460305,1.4153221062541754,0.7657604515552521,0.9026343937843548,7515,0,0.10080953283318128,26.096635688050593,0.17089677202418524,2.28318650562558,4.123017964626197,8.121849034752625,13.430477927917801,13.24761370998098,2,8,0.0,0.19115345843501508,0
0.7324,0.7563,0.7511,1.0002258193436933,0.7187804279790888,0.7822273837245276,4.2218149273926776e-181,1.862884810379156e-10,2.995884242559116e-17,2.800040365717381e-35,1.2229079991755069e-55,2.358122235343167e-65,8.347046674314331e-117,1.800959584567782e-139,2.575223432273466e-161,0.1069003485582527,2,0.1386816552831468,0.060465613530127894,0.45192030461430593,0.3414716761030856,1.4153221062541754,0.7779180705547333,0.8970181836565163,7511,0,0.10958972442387993,26.096635688050593,0.16945397900137052,2.1199549769492014,3.9766531353780583,8.075058066300207,13.259716854208335,13.417864137583852,2,9,0.0,0.19032120917058495,0
0.7519,0.7217,0.7144,1.000272003782098,1.1529679293739392,0.6578513792775973,1.8348660202595993e-113,3.6390285518907375e-09,1.0746948280237451e-15,3.7116589246469307e-35,7.327989854031799e-56,1.8402162748271353e-66,2.1907367693523134e-73,7.724927168136943e-98,2.908924976833988e-112,0.23009824283869995,2,0.21866187942934498,0.09190530544607921,0.5828992943915428,0.9537429102694994,1.4123961264458242,0.8296948969364166,0.831323731083343,7144,0,0.1815500192777908,20.07533614114806,0.2746588510748411,3.9863034004550713,6.342196469866327,10.253742209861716,13.976128425431252,18.58429467504594,3,4,0.0,0.24339294965450436,0
0.7519,0.7457,0.7586,1.0005514909727196,0.6406705185040074,0.8080124603269352,1.8348660202595993e-113,5.7174441546605566e-09,2.3825932419292076e-10,3.5448759878727662e-37,4.779318602975878e-50,3.286720560631944e-63,4.226747082126934e-68,7.724927168136943e-98,8.606002722832947e-109,0.10579269335886177,2,0.14754613028736513,0.06402580865506347,0.36656950291931634,0.4863352629928987,1.4123961264458242,0.7910938262939453,0.9025807113021296,7586,0,0.09952027927714968,23.16582334762208,0.1840265176160523,1.8220018605726447,3.37054816675052,7.024743001918777,11.515284235930443,12.557647829514295,3,5,0.0,0.19551475643086264,0
0.7519,0.702,0.6963,1.000160411631149,1.5360833124718551,0.40292930034512536,1.3123691747819363e-115,5.595900066063627e-08,7.898398777015119e-11,7.621898122235169e-29,9.146441646039572e-35,1.4374362086379452e-46,4.226747082126934e-68,7.724927168136943e-98,8.606002722832947e-109,0.4285392604131486,2,0.2746884688404172,0.1119157787823204,0.9134216916567078,1.5106908040860796,1.4123961264458242,0.8280467987060547,0.47571205120954296,6963,0,0.4887230718117713,19.02801690442886,0.34518287255164015,12.313491312352859,16.507175896594802,21.39572381291677,25.364459099945424,35.42526910832288,3,6,0.0,0.2671314135858423,0
0.7519,0.7271,0.7301,1.0000500533067718,0.8362763212036047,0.7732592016685349,3.9529599368596346e-115,5.595900066063627e-08,9.543942642783973e-12,2.3959517969597402e-35,1.3520297687344466e-49,3.3697271810798395e-61,4.226747082126934e-68,8.835134685425689e-100,8.606002722832947e-109,0.12235714383818008,2,0.16415969582737838,0.07134537940995189,0.3559587778541394,0.6008340349267799,1.4123961264458242,0.7963315844535828,0.8861780989443211,7301,0,0.11759919734970192,20.853220808473434,0.20023987548118563,2.7422976667515884,4.986869568040763,9.254308546285776,13.78054637772441,13.043913002334849,3,7,0.0,0.2173872391578091,0
0.7519,0.7577,0.7731,1.0007472022056696,0.7003137546844872,0.7950475573774929,1.4181951574794484e-126,3.26621274701075e-09,7.928498603892037e-14,7.621898122235169e-29,8.084211119964179e-44,4.253785685928464e-56,3.949595685884759e-79,2.0643194318029887e-104,5.385023658220439e-110,0.10654511103499242,2,0.13349064511342149,0.05823600718708344,0.3757717100695028,0.37465722267644813,1.4123961264458242,0.7720332741737366,0.8993471390382087,7731,0,0.10484084698051199,25.52745699669033,0.1633917265279905,1.3890717153835035,2.8839514999079197,6.775266798832602,12.116352659028768,13.192503876313296,3,8,0.0,0.18162239521280915,0
0.7519,0.7563,0.7664,1.0001314802768118,0.7613525633337127,0.7929084025938107,4.2218149273926776e-181,1.862884810379156e-10,2.995884242559116e-17,2.800040365717381e-35,1.2229079991755069e-55,2.358122235343167e-65,8.347046674314331e-117,1.800959584567782e-139,2.575223432273466e-161,0.2653209271291168,2,0.13958844280646857,0.06069096285902905,0.38959223880003035,0.41012404865337865,1.4123961264458242,0.7841908931732178,0.8967230213083981,7664,0,0.10661771694984967,25.52745699669033,0.1738201258987283,1.3565477122604581,2.7914292344832283,6.650047004976688,11.963985322362184,13.768394125394668,3,9,0.0,0.18822503544170094,0
0.7217,0.7457,0.7266,1.0000395628006202,1.151209305650791,0.6614867482937405,1.2504641349207993e-112,3.6390285518907375e-09,1.0746948280237451e-15,3.5448759878727662e-37,7.327989854031799e-56,1.8402162748271353e-66,2.1907367693523134e-73,7.570816150557589e-95,2.908924976833988e-112,0.2059162657618605,2,0.18674936130928932,0.07941173630290553,0.6373927810547126,0.6194095225724255,1.7688287209733988,0.8225904405117035,0.8495546637703104,7266,0,0.17172619380851828,20.07533614114806,0.2273547415995994,3.973545359205756,6.027855627734268,9.771180219382687,14.186386739820241,17.116111034624552,4,5,0.0,0.22194018318879158,0
0.7217,0.702,0.6442,1.0000042300757737,1.4630603406474232,0.3205414551107851,1.3123691747819363e-115,3.6390285518907375e-09,1.0746948280237451e-15,3.7116589246469307e-35,7.327989854031799e-56,1.8402162748271353e-66,2.1907367693523134e-73,1.1381839115471015e-95,2.908924976833988e-112,0.46923291369242315,2,0.334677565311503,0.1351377674710799,1.4825919291215086,1.7448257768226012,1.7688287209733988,0.8595434129238129,0.4954397255069555,6442,0,0.515765463460878,19.02801690442886,0.4296773653599952,14.725844228446338,18.809941494008612,23.847238094290233,27.196958069414645,38.66963462402885,4,6,0.0,0.3051920577565341,0
0.7217,0.7271,0.69,1.0000833133303368,1.0100461755702703,0.6895896606410307,3.9529599368596346e-115,3.6390285518907375e-09,1.0746948280237451e-15,2.3959517969597402e-35,7.327989854031799e-56,1.8402162748271353e-66,2.1907367693523134e-73,8.835134685425689e-100,2.908924976833988e-112,0.1757975216388552,2,0.20770329859926215,0.08905816295333495,0.5903748354229017,0.6776023492230777,1.7688287209733988,0.8278281986713409,0.8567327809837865,6900,0,0.15820837529736753,20.07533614114806,0.25337277752552156,4.270452842068785,6.591160783726023,10.623475232318292,15.139340189087392,15.608438185365355,4,7,0.0,0.24769726319304772,0
0.7217,0.7577,0.7217,1.0000532887347615,1.2469755735375103,0.7220799678025549,1.4181951574794484e-126,3.26621274701075e-09,1.0746948280237451e-15,3.7116589246469307e-35,7.327989854031799e-56,1.8402162748271353e-66,3.949595685884759e-79,2.0643194318029887e-104,2.908924976833988e-112,0.16142753028205825,2,0.20098307077103084,0.08505355150091543,0.8229188105125148,0.5120315483773161,1.7688287209733988,0.8035298883914948,0.8698427746665358,7217,0,0.14219894232841468,20.07533614114806,0.24940011325409323,3.697373069702645,6.3071712662820225,10.785441764532663,15.389942320996523,17.72547783437181,4,8,0.0,0.2297248812939481,0
0.7217,0.7563,0.7079,1.000015989196223,1.505089520486123,0.6359958075083284,4.2218149273926776e-181,1.862884810379156e-10,2.995884242559116e-17,2.800040365717381e-35,7.327989854031799e-56,1.8402162748271353e-66,8.347046674314331e-117,1.800959584567782e-139,2.575223432273466e-161,0.21215145097220145,2,0.2163784555108487,0.09143285981031665,0.8267142081503048,0.5973769517439227,1.7688287209733988,0.815687507390976,0.84383419133999,7079,0,0.18227366472497908,20.07533614114806,0.2715752028319136,3.7333076305585506,6.566637642100944,11.545750037967448,16.323671593910454,20.50277832384505,4,9,0.0,0.24264086595162798,0
0.7457,0.702,0.6894,1.0000801501225058,1.47346817363972,0.3941502225942864,1.3123691747819363e-115,5.7174441546605566e-09,7.898398777015119e-11,3.5448759878727662e-37,4.779318602975878e-50,3.286720560631944e-63,8.356060628064936e-65,1.1381839115471015e-95,3.4820196643634923e-104,0.40565714259192753,2,0.27152366865619837,0.11112578516006802,1.0058755807193935,1.3414625975398495,1.6184450705154547,0.8209423422813416,0.46616535718156915,6894,0,0.501199714281714,19.02801690442886,0.33905497117790967,9.749575941632749,12.616565394097185,17.52184064993705,21.232230423796178,32.886864744734254,5,6,0.0,0.26719579777903485,0
0.7457,0.7271,0.7297,1.000110589578358,0.6927439109289119,0.8054455225465853,3.9529599368596346e-115,5.7174441546605566e-09,9.543942642783973e-12,3.5448759878727662e-37,4.779318602975878e-50,3.286720560631944e-63,1.7568636636505807e-67,8.835134685425689e-100,7.954611400942706e-108,0.09953295122618622,2,0.1406972593412052,0.061923141074866704,0.3372069424652443,0.4429134962191922,1.6184450705154547,0.7892271280288696,0.9022447550901153,7297,0,0.10041942640983548,20.853220808473434,0.1708219204375052,1.5964311961104587,2.9260503688018127,5.714188864872012,9.38128454424739,11.844761435977391,5,7,0.0,0.20027598204558686,0
0.7457,0.7577,0.7644,1.0003073239192166,0.871272066038405,0.7880094117428542,1.4181951574794484e-126,3.26621274701075e-09,7.928498603892037e-14,3.5448759878727662e-37,4.779318602975878e-50,3.286720560631944e-63,3.949595685884759e-79,2.0643194318029887e-104,5.385023658220439e-110,0.11063663874507823,2,0.13505694114259237,0.058949893244019676,0.4319704465917697,0.3291318091118598,1.6184450705154547,0.7649288177490234,0.902513021862383,7644,0,0.10577604001830487,23.16582334762208,0.16461532569117104,1.8013589507882781,3.8763168684456977,8.649520135480989,14.256968020617961,14.18932053317543,5,8,0.0,0.18518924834014414,0
0.7457,0.7563,0.7604,1.0008986488858342,0.943739562076831,0.7858827531007805,4.2218149273926776e-181,1.862884810379156e-10,2.995884242559116e-17,3.5448759878727662e-37,1.2229079991755069e-55,2.358122235343167e-65,8.347046674314331e-117,1.800959584567782e-139,2.575223432273466e-161,0.10566836988999162,2,0.13437768939062267,0.05862137612625695,0.4120117839947612,0.3478384995424281,1.6184450705154547,0.7770864367485046,0.906653012666959,7604,0,0.10431182047086929,23.16582334762208,0.16525540030989136,1.8455259343337158,3.9270640937840158,8.611141650171342,14.118292405009269,13.851799122070743,5,9,0.0,0.1849798883133752,0
0.702,0.7271,0.655,1.0000357943682974,1.383609220859132,0.4357373890375068,1.3123691747819363e-115,8.302244525749991e-07,9.543942642783973e-12,2.3959517969597402e-35,1.3520297687344466e-49,3.3697271810798395e-61,1.7568636636505807e-67,8.835134685425689e-100,7.954611400942706e-108,0.3970861598396265,2,0.28832282779576374,0.11838507132541272,1.1509959941907137,1.245705123494343,1.4421195214715694,0.826180100440979,0.48809085994080337,6550,0,0.46522252940682407,19.02801690442886,0.35833727172919766,10.334590270675426,13.19524289286389,16.514376255264857,18.99173217355013,33.08581955863071,6,7,0.0,0.28580137733968974,0
0.702,0.7577,0.685,1.0000358046709852,1.5548063284775469,0.37364700251473826,1.4181951574794484e-126,3.26621274701075e-09,7.928498603892037e-14,6.5119762384690825e-28,8.084211119964179e-44,4.253785685928464e-56,3.949595685884759e-79,2.0643194318029887e-104,5.385023658220439e-110,0.4198184035319684,2,0.28190384711743116,0.11498071351863118,1.5865647942806973,0.8791713306976909,1.4421195214715694,0.8018817901611328,0.48697515513440165,6850,0,0.5014153065197202,19.02801690442886,0.36005390178511754,14.58084780374502,19.25546218876683,24.81204074881486,29.112904097820074,37.66365860293617,6,8,0.0,0.2708555451802536,0
0.702,0.7563,0.6938,1.0000727805568699,1.6424042472395328,0.4603126515833721,4.2218149273926776e-181,1.862884810379156e-10,2.995884242559116e-17,2.800040365717381e-35,1.2229079991755069e-55,2.358122235343167e-65,8.347046674314331e-117,1.800959584567782e-139,2.575223432273466e-161,0.3904946391812051,2,0.26471499901833623,0.10833852924160203,1.4094768681934318,0.8080889247986642,1.4421195214715694,0.814039409160614,0.5054809902428241,6938,0,0.4456408060033057,19.02801690442886,0.3279009092522693,13.059483558218869,18.082012334439362,24.14950949872933,28.616069198774547,36.575540549557125,6,9,0.0,0.2611886163929399,0
0.7271,0.7577,0.7526,1.0000724526984266,1.0416725114399008,0.7921904029392427,1.4181951574794484e-126,3.26621274701075e-09,7.928498603892037e-14,2.3959517969597402e-35,1.3520297687344466e-49,3.3697271810798395e-61,3.949595685884759e-79,2.0643194318029887e-104,5.385023658220439e-110,0.1114078146841242,2,0.14113285931645908,0.06173993148824868,0.5057861665087062,0.2914226945530829,1.5847517527183552,0.7701665759086609,0.8975944573736458,7526,0,0.10649427720614857,20.853220808473434,0.1662235055726033,2.7006612289928666,5.420368863394472,10.631771242385195,16.286909805488587,13.867519097051664,7,8,0.0,0.1970109849862067,0
0.7271,0.7563,0.7504,1.0000725502279213,1.1606540387869908,0.7884191572579736,4.2218149273926776e-181,1.862884810379156e-10,2.995884242559116e-17,2.3959517969597402e-35,1.2229079991755069e-55,2.358122235343167e-65,8.347046674314331e-117,1.800959584567782e-139,2.575223432273466e-161,0.11348860606542654,2,0.13844138640579007,0.060439303014412124,0.4766980317201029,0.3083756053779083,1.5847517527183552,0.7823241949081421,0.8963179208355483,7504,0,0.10816918555915234,20.853220808473434,0.16641666147304704,2.5529270853904187,5.226526662749218,10.625142263561187,16.272245317000152,14.820152149432527,7,9,0.0,0.19324905455370964,0
0.7577,0.7563,0.7838,1.0009491107451303,0.6037904707917089,0.8158905020781153,4.2218149273926776e-181,1.862884810379156e-10,2.995884242559116e-17,2.800040365717381e-35,1.2229079991755069e-55,2.358122235343167e-65,8.347046674314331e-117,1.800959584567782e-139,2.575223432273466e-161,0.12790307588416983,2,0.11848304378728212,0.05200450618494898,0.305778524004734,0.3483459520586456,1.474923375577488,0.7580258846282959,0.908202857832009,7838,0,0.09446712461858053,27.256245349582656,0.14549784197807225,1.2612381857402974,2.4530481464096194,5.393597027926408,9.62320682991743,13.34886053205642,8,9,0.0,0.16911033695096067,0
0.7247,0.682,0.807,1.000077149910849,0.47906457142248804,0.8682261747161472,6.941079228928062e-24,0.012944601944302364,0.008112523392227634,7.4729396638583015e-06,1.322064645484814e-06,9.412776522887334e-10,1.5158771684076514e-12,1.505768703824873e-19,7.544289044797616e-21,0.060504828077634354,2,0.08385295348262299,0.038481705614514534,0.18713110926610915,0.20259420462046843,1.1914959037335144,0.8515456020832062,0.9416384116141244,8070,0,0.0633566535197041,5.293989141733302,0.09514000560348042,0.328217447842007,0.46018604870216734,0.9681206120541911,2.231763298612833,2.7060776815194316,0,1,0.05,0.16349807704305366,0
0.7247,0.7091,0.8002,1.0000715518706342,0.47584928537423116,0.8885518858721034,4.824179616509191e-19,0.03364446451248049,0.010462403767946547,0.00013307791081343238,9.279204551950168e-07,1.525882351360414e-08,3.583059845754854e-10,3.1893244070852e-15,1.768697365317471e-16,0.05232137741637222,2,0.09268995466821905,0.042862960071196075,0.20250055007407783,0.2227096693636745,1.1914959037335144,0.8403540551662445,0.9504661409136577,8002,0,0.053803155278322246,4.7406235989682886,0.10463354175269282,0.3721339925465069,0.5404702429588825,1.078518520124867,2.25692700175643,2.5161941639702814,0,2,0.05,0.18147253055405432,0
0.7247,0.7142,0.8126,1.0000750060942452,0.43357546439450345,0.8815808332252966,4.824179616509191e-19,0.02968428411904753,0.010462403767946547,0.00013307791081343238,2.3849884552697204e-07,1.525882351360414e-08,3.379158441748535e-11,3.1744675589120197e-15,4.666600936903834e-17,0.05843281331674688,2,0.09138205431106555,0.04196476339974664,0.21009321782029738,0.21525837933046424,1.1914959037335144,0.8467029333114624,0.9438209931137236,8126,0,0.05865306415544924,5.293989141733302,0.10456821821422753,0.3355854060641094,0.4723208789171852,0.9235476752605848,2.005961326122284,2.704190032081858,0,3,0.05,0.17357520718560873,0
0.7247,0.685,0.7738,1.0001016187490355,0.4740445107184122,0.8930404541787119,4.1189165503370117e-19,0.03364446451248049,0.009921298772080043,0.00012626507699514227,5.707426013518201e-07,1.525882351360414e-08,3.583059845754854e-10,1.0932565650779779e-15,1.768697365317471e-16,0.05347887497268955,2,0.08285819530153489,0.038246870026937475,0.18148597677746428,0.19993587048183864,1.1914959037335144,0.8610177636146545,0.9455535834654689,7738,0,0.054738113520173215,4.785718288592586,0.09352219991572183,0.3265193552410617,0.46961818420802537,0.98374625129212,2.2303285815894602,2.473824522047521,0,4,0.05,0.1686592702915874,0
0.7247,0.6824,0.7326,1.0000285420710127,1.2822607511019286,0.28170746290695736,2.4301455372501617e-22,0.018184200825103032,0.006612048455515217,1.7270037825136495e-05,2.998130388263916e-06,1.525882351360414e-08,2.5876509008485238e-11,4.942183851216519e-18,8.285472912174464e-19,0.5121330536917024,2,0.2889001052223116,0.11916965837422222,0.8045286339871475,1.1651343256165305,1.1914959037335144,0.8912744224071503,0.4576533223921839,7326,0,0.5632053438877752,5.181286713180993,0.33043191245231607,3.9782951008930407,5.312646553349822,6.900397435704692,8.084983477610349,9.11244480114695,0,5,0.05,0.2981013619947811,0
0.7247,0.6954,0.7977,1.0003781711224329,0.5338116157837818,0.8717761130814624,3.44642334513343e-19,0.03190817975845128,0.006855342177144054,0.00013307791081343238,1.8105809579046368e-06,1.525882351360414e-08,9.211330606629473e-11,3.1893244070852e-15,9.226424366670262e-17,0.06288231908493325,2,0.08843601821922861,0.04051352799391677,0.1912360658041829,0.22559166109566295,1.1914959037335144,0.8618139624595642,0.9371918440730006,7977,0,0.06460317941624949,4.705042940104282,0.10214184783058479,0.38169127213292414,0.5682537898924788,1.2021411804262871,2.610484368047118,2.8093442350826687,0,6,0.05,0.1731773707179542,0
0.7247,0.6826,0.8018,1.0001370363603144,0.527419829964594,0.8773994641511158,9.67409206955365e-22,0.018478453481365856,0.009141567577113879,0.00013307791081343238,4.611799426124863e-07,3.7648700550000835e-09,4.977183882217056e-11,1.355491156880286e-17,1.4973778999900677e-18,0.057454076546968436,2,0.08019836926385375,0.03678471554099363,0.17441500243255145,0.20663699628234108,1.1914959037335144,0.8573960959911346,0.942621047861049,8018,0,0.060428255952277854,4.562592978715764,0.09380593885412075,0.3580309692009448,0.5340209710072106,1.1027993398274243,2.4351424565941096,2.5907211560800016,0,7,0.05,0.16178223935210836,0
0.7247,0.6964,0.814,1.0000962255526955,0.49196652502489713,0.8686413848659615,2.2754530030552166e-20,0.02606436353866101,0.010462403767946547,5.181433922816169e-05,3.864326115982762e-08,1.525882351360414e-08,3.83388219388731e-11,4.769238665336377e-16,6.1786785874090375e-18,0.05890538794176936,2,0.08021697100118187,0.03674116090672932,0.183079441157765,0.19815052321296417,1.1914959037335144,0.8349839746952057,0.9390383678004646,8140,0,0.06469157906087664,4.830135913493904,0.09334181667016252,0.31418345448836915,0.43711673193330763,0.8454640018235373,2.0227523269295693,2.8565758708853917,0,8,0.05,0.15918166264398775,0
0.7247,0.6928,0.8045,1.0001327866947731,0.5285758130531426,0.8576145523913075,4.824179616509191e-19,0.03364446451248049,0.003908396297119259,8.885378337864574e-06,8.34974319077721e-07,1.2448948957647112e-08,1.7112146996422923e-10,2.27045583236501e-15,2.546495411036074e-17,0.06493091425028585,2,0.0843025336433072,0.03887193589921345,0.183157745254868,0.2063589086308623,1.1914959037335144,0.8429662585258484,0.9357793963565109,8045,0,0.06927942978969981,5.293989141733302,0.09436300608590034,0.35353916592946505,0.5286146179555781,1.0800476360995794,2.235135573002696,2.828013086729617,0,9,0.05,0.16733297385707493,0
0.682,0.7091,0.8001,1.0001495067178952,0.6334209742373743,0.8220426669504606,6.941079228928062e-24,0.012944601944302364,0.008112523392227634,7.4729396638583015e-06,9.279204551950168e-07,9.412776522887334e-10,1.5158771684076514e-12,1.505768703824873e-19,7.544289044797616e-21,0.0716628789898025,2,0.10789306052853376,0.04968267724751563,0.24734669815479735,0.25415977713402466,1.3598657679240196,0.8621758222579956,0.9409411219126496,8001,0,0.07689403960398833,4.7406235989682886,0.12133082299555616,0.4474309052674791,0.7067703660474633,1.5520291416281453,2.937712378937006,2.9696540919937715,1,2,0.05,0.20281465622205327,0
0.682,0.7142,0.8059,1.0002869036599162,0.46817836469952034,0.8834346574332962,6.941079228928062e-24,0.012944601944302364,0.008112523392227634,7.4729396638583015e-06,2.3849884552697204e-07,9.412776522887334e-10,1.5158771684076514e-12,1.505768703824873e-19,7.544289044797616e-21,0.06373779894507492,2,0.08574424247772584,0.03960187435272296,0.20192032641995405,0.19168266846216944,1.3598657679240196,0.8685247004032135,0.9482102458574695,8059,0,0.056002446865689004,5.500460297754563,0.09635447869767168,0.32320747565913677,0.45317198127886316,0.9885502175392649,2.2831687897205355,2.8954645972606206,1,3,0.05,0.17444937757298037,0
0.682,0.685,0.7778,1.0001640710624586,0.5519941920783092,0.8735947872271042,6.941079228928062e-24,0.012944601944302364,0.008112523392227634,7.4729396638583015e-06,5.707426013518201e-07,9.412776522887334e-10,1.5158771684076514e-12,1.505768703824873e-19,7.544289044797616e-21,0.0530415223395998,2,0.08611857146033995,0.039823799006176885,0.1929346284358706,0.2001700238866641,1.3598657679240196,0.8828395307064056,0.9457594933482774,7778,0,0.05986481386210141,4.785718288592586,0.09669836349718913,0.3260356791598885,0.4805856014335688,1.0636974244447828,2.3857292180091143,2.3817267604945704,1,4,0.05,0.17179816406551288,0
0.682,0.6824,0.7222,1.0002503265789713,1.314300830040953,0.3208166068436296,6.941079228928062e-24,0.012944601944302364,0.006612048455515217,7.4729396638583015e-06,1.322064645484814e-06,9.412776522887334e-10,1.5158771684076514e-12,1.505768703824873e-19,7.544289044797616e-21,0.5245820518091697,2,0.29504538258135965,0.12233569793462507,0.8514233043352568,1.0956761166227686,1.3598657679240196,0.9130961894989014,0.4339450136008537,7222,0,0.5543468696545004,5.181286713180993,0.33971788489032156,3.565913033207713,4.942240804695492,6.765287736133288,8.024260267996787,8.666377536780699,1,5,0.05,0.3070813592088812,0
0.682,0.6954,0.7935,1.0007557436517533,0.6254427857979006,0.8449954617090197,6.941079228928062e-24,0.012944601944302364,0.006855342177144054,7.4729396638583015e-06,1.322064645484814e-06,9.412776522887334e-10,1.5158771684076514e-12,1.505768703824873e-19,7.544289044797616e-21,0.07146593168356175,2,0.09286095486729253,0.04254000529756672,0.2066596177666863,0.22646791078073006,1.3598657679240196,0.8836357295513153,0.9336135516394299,7935,0,0.07368296871189894,4.705042940104282,0.10594995694710001,0.3936840724314619,0.62348791905005,1.4041439280633834,2.882628756585717,2.8075113379113406,1,6,0.05,0.1799984123370987,0
0.682,0.6826,0.8054,1.0000873674017663,0.6797074823966504,0.8424978895226726,6.941079228928062e-24,0.012944601944302364,0.008112523392227634,7.4729396638583015e-06,4.611799426124863e-07,9.412776522887334e-10,1.5158771684076514e-12,1.505768703824873e-19,7.544289044797616e-21,0.06974250602295617,2,0.09557402342684547,0.04338190728700124,0.2170543156697524,0.24631846908649385,1.3598657679240196,0.8792178630828857,0.9355992093870111,8054,0,0.0734490235769123,4.562592978715764,0.11206111519277233,0.4455994424481112,0.6888005340336133,1.4675439221690945,2.9541077336102726,2.714816890858084,1,7,0.05,0.17621887908511322,0
0.682,0.6964,0.8141,1.0005634899918376,0.6693072844925936,0.8258247770270246,6.941079228928062e-24,0.012944601944302364,0.008112523392227634,7.4729396638583015e-06,3.864326115982762e-08,9.412776522887334e-10,1.5158771684076514e-12,1.505768703824873e-19,7.544289044797616e-21,0.06220806989419925,2,0.08747029239151347,0.03985706730724703,0.21356262064152487,0.20430185465320438,1.3598657679240196,0.8568057417869568,0.9378551759654166,8141,0,0.07711770316497901,4.830135913493904,0.10231405602603585,0.3423553467182513,0.47979983556632266,0.9991662926618962,2.2233076787114143,3.0587920308644403,1,8,0.05,0.16606169718606062,0
0.682,0.6928,0.8189,1.0006582458637254,0.4934445785119815,0.855095451627081,6.941079228928062e-24,0.012944601944302364,0.003908396297119259,7.4729396638583015e-06,8.34974319077721e-07,9.412776522887334e-10,1.5158771684076514e-12,1.505768703824873e-19,7.544289044797616e-21,0.0653614815788558,2,0.08080218838174692,0.03739955474288845,0.17908348310107666,0.19272993175573702,1.3598657679240196,0.8647880256175995,0.9419438502457691,8189,0,0.06694979972285209,5.446440599195497,0.09029079526233448,0.34334476987725604,0.5401760729628644,1.156167846333161,2.30138970875144,2.4802044558698726,1,9,0.05,0.16541961467893768,0
0.7091,0.7142,0.7901,1.0002089476921137,0.4807954145116943,0.8710459179311439,5.476363193239448e-19,0.02968428411904753,0.011876538901360909,0.00015945456649483084,2.3849884552697204e-07,8.3287750161795e-08,3.379158441748535e-11,3.1744675589120197e-15,4.666600936903834e-17,0.058131361301179796,2,0.09191979388274603,0.04216226886688971,0.22311491180017184,0.2076753928257779,1.0465537093761783,0.8573331534862518,0.9420707453741456,7901,0,0.06265825644003165,4.7406235989682886,0.10590368869418007,0.37772219192886425,0.5565184615641223,1.11318735234196,2.2709086856678127,2.341183161178667,2,3,0.05,0.17839696569097804,0
0.7091,0.685,0.7613,1.000058309965173,0.38275511483017743,0.8757160319929314,4.1189165503370117e-19,0.037058781456106034,0.009921298772080043,0.00012626507699514227,5.707426013518201e-07,2.1376359440094332e-08,2.163170918679328e-09,1.0932565650779779e-15,5.91119096329644e-16,0.06256975293628753,2,0.11700461200312001,0.053612986766029574,0.2711331847046597,0.27912415236696636,1.0465537093761783,0.871647983789444,0.9439850383366213,7613,0,0.060453472041780865,4.7406235989682886,0.13530988570016125,0.4334857348333719,0.5893041012951312,1.1051287741662013,2.218995402151346,2.7725446703978935,2,4,0.05,0.20619017724879218,0
0.7091,0.6824,0.7236,1.0000748177356829,1.2184873531845528,0.24564993731570234,2.4301455372501617e-22,0.018184200825103032,0.006612048455515217,1.7270037825136495e-05,9.279204551950168e-07,1.9458645532947706e-08,2.5876509008485238e-11,4.942183851216519e-18,8.285472912174464e-19,0.5136443689987691,2,0.3059779093829752,0.1252764997761381,1.0013292168480747,1.1540618784342576,1.0465537093761783,0.9019046425819397,0.46041642216288187,7236,0,0.5841972535924529,4.7406235989682886,0.3544450060690702,3.86351382317325,5.113988589006108,6.532955706822275,7.644634153413772,9.214239041070565,2,5,0.05,0.3031370053693727,0
0.7091,0.6954,0.784,1.0003329754413623,0.38939069835696183,0.875892745153988,3.44642334513343e-19,0.03190817975845128,0.006855342177144054,0.00015945456649483084,9.279204551950168e-07,4.16566452333259e-08,9.211330606629473e-11,4.423751380896004e-15,9.226424366670262e-17,0.062783046262612,2,0.10422448350810334,0.047532441343948004,0.23823983403142387,0.2585322896751255,1.0465537093761783,0.8724441826343536,0.9388622212030355,7840,0,0.06282863030820196,4.705042940104282,0.12259552823669033,0.41077830400309095,0.5697878994257984,1.081526294301496,2.250520664745569,2.594674467522134,2,6,0.05,0.19113870475031772,0
0.7091,0.6826,0.7961,1.0000996553585517,0.37860140435100764,0.8866688376339978,9.67409206955365e-22,0.018478453481365856,0.009141567577113879,0.00015945456649483084,4.611799426124863e-07,3.7648700550000835e-09,4.977183882217056e-11,1.355491156880286e-17,1.4973778999900677e-18,0.055482270486809426,2,0.08954597097242888,0.041333187267019476,0.20034795132449726,0.2155814520964386,1.0465537093761783,0.8680263161659241,0.9456031404779499,7961,0,0.05655259120146994,4.562592978715764,0.10327329896406909,0.34466005998614857,0.48456405085368826,0.9728598302832564,2.142293274348974,2.5622443593647364,2,7,0.05,0.17816546661746877,0
0.7091,0.6964,0.8004,1.0005126515068292,0.4755032668865107,0.8736694361773324,2.2754530030552166e-20,0.02606436353866101,0.010749479445893408,5.181433922816169e-05,3.864326115982762e-08,1.5685882063899422e-08,3.83388219388731e-11,4.769238665336377e-16,6.1786785874090375e-18,0.06655364374532546,2,0.10013704872022199,0.04578566933442355,0.23892615471377102,0.23532513606651045,1.0465537093761783,0.8456141948699951,0.9373498997952672,8004,0,0.06408131828815045,4.7406235989682886,0.1160367081829103,0.3965301354049105,0.5793761131929027,1.1889419573028739,2.5606028630167246,2.9606980952794215,2,8,0.05,0.18470932015869462,0
0.7091,0.6928,0.8137,1.0001216510859698,0.5153972501873244,0.8840231095038811,5.250439110367677e-19,0.03647310589612789,0.003908396297119259,8.885378337864574e-06,8.34974319077721e-07,1.2448948957647112e-08,1.7112146996422923e-10,2.27045583236501e-15,2.546495411036074e-17,0.05233083849016806,2,0.08837433037956023,0.04095278952330743,0.2040556339405339,0.19712383981535958,1.0465537093761783,0.8535964787006378,0.9489810678486235,8137,0,0.05565841658964288,4.7406235989682886,0.09786331689184312,0.3369290266283149,0.503225712887881,1.0934604948566058,2.282363703584671,2.5605420806559946,2,9,0.05,0.17534259952765038,0
0.7142,0.685,0.7528,1.0000577655244847,0.4911775673080668,0.8825090363498883,4.1189165503370117e-19,0.02968428411904753,0.009921298772080043,0.00012626507699514227,2.3849884552697204e-07,2.1376359440094332e-08,3.379158441748535e-11,1.0932565650779779e-15,4.666600936903834e-17,0.06295319094261731,2,0.10713757817789758,0.04924688098378423,0.23598652550195448,0.2583386356559965,1.045285856059847,0.8779968619346619,0.9441079238059493,7528,0,0.05826865300312911,4.785718288592586,0.12135326035678495,0.426359557096999,0.6174821097662256,1.238165751971162,2.476166509720683,2.6926382974821865,3,4,0.05,0.19948784629218305,0
0.7142,0.6824,0.7324,1.0001856076925268,1.232917863730486,0.29082456044289723,2.4301455372501617e-22,0.018184200825103032,0.006612048455515217,1.7270037825136495e-05,2.3849884552697204e-07,1.9458645532947706e-08,2.5876509008485238e-11,4.942183851216519e-18,8.285472912174464e-19,0.5598790678400131,2,0.3020594797895293,0.1237428109206611,0.8990083239086849,1.2126020080828788,1.045285856059847,0.9082535207271576,0.4158920905975846,7324,0,0.5904826620329315,5.181286713180993,0.34870416590653774,4.114508911326952,5.468953738796615,7.003195320135518,8.15719923338294,9.520599821775484,3,5,0.05,0.30346822442735477,0
0.7142,0.6954,0.7934,1.0001641258132743,0.49840447425803014,0.8916645609859858,3.44642334513343e-19,0.02968428411904753,0.006855342177144054,0.00027815921440311694,2.3849884552697204e-07,4.16566452333259e-08,3.379158441748535e-11,3.1744675589120197e-15,4.666600936903834e-17,0.05691171788940308,2,0.09047261634874039,0.04147166015763938,0.1967812535840764,0.22749446489161881,1.045285856059847,0.8787930607795715,0.9446718139878769,7934,0,0.055536006771270685,4.705042940104282,0.10446735332627435,0.3841472432079067,0.5670279409053893,1.1837816332345357,2.5310546837329864,2.414012835225128,3,6,0.05,0.17830221972845567,0
0.7142,0.6826,0.7838,1.0001608014587422,0.5428270759779565,0.8782234036581495,9.67409206955365e-22,0.018478453481365856,0.009141567577113879,0.00023707237574317576,2.3849884552697204e-07,3.7648700550000835e-09,3.379158441748535e-11,1.355491156880286e-17,1.4973778999900677e-18,0.06344688785756847,2,0.09401233391405812,0.04304151169331302,0.20338428320397567,0.23918707220202823,1.045285856059847,0.874375194311142,0.9378714336776466,7838,0,0.06252421444931833,4.562592978715764,0.10762178066755257,0.42420358480643655,0.642555944694371,1.3003810428354279,2.5734265534937384,2.7242772917368216,3,7,0.05,0.1799658223915751,0
0.7142,0.6964,0.7975,1.0001541402059313,0.5341167249063544,0.8624871864148003,2.2754530030552166e-20,0.02606436353866101,0.010749479445893408,5.181433922816169e-05,3.864326115982762e-08,1.5685882063899422e-08,3.379158441748535e-11,4.769238665336377e-16,6.1786785874090375e-18,0.06101258454001535,2,0.09255096406949288,0.04225436543887482,0.2153940966411696,0.22503847775980662,1.045285856059847,0.851963073015213,0.9430503140700435,7975,0,0.06437395489994557,4.830135913493904,0.10826173227250929,0.35608955793783204,0.49642555026121465,0.9584500159156975,2.1417568694859743,2.950472268041107,3,8,0.05,0.17569642393327242,0
0.7142,0.6928,0.8022,1.0001651905409354,0.4466467804040155,0.8879381028735004,5.250439110367677e-19,0.02968428411904753,0.003908396297119259,8.885378337864574e-06,2.3849884552697204e-07,1.2448948957647112e-08,3.379158441748535e-11,2.27045583236501e-15,2.546495411036074e-17,0.05999557344246664,2,0.08406436249430967,0.03902312389549465,0.18342030826601327,0.19730241455226344,1.045285856059847,0.8599453568458557,0.9418857343791772,8022,0,0.05797813342197311,5.446440599195497,0.0932096271977626,0.33618220956518846,0.5089879532816208,1.0608897269385824,2.203993893659115,2.656085268799378,3,9,0.05,0.1738907340175969,0
0.685,0.6824,0.6943,1.0002889735547114,1.2895740470966053,0.2842768466277193,2.4301455372501617e-22,0.018184200825103032,0.006612048455515217,1.7270037825136495e-05,5.707426013518201e-07,1.9458645532947706e-08,2.5876509008485238e-11,4.942183851216519e-18,8.285472912174464e-19,0.5186688405115863,2,0.2995805353413254,0.12477582710156149,0.8577399850354919,1.112995708934996,1.282381575754131,0.9225683510303497,0.43923370953270224,6943,0,0.5856786845220969,4.785718288592586,0.34397165666982193,3.5155786058864296,4.7385864313984145,6.305867022712711,7.461994461107254,8.881659420032857,4,5,0.05,0.31066270305569743,0
0.685,0.6954,0.784,1.000272257010618,0.4199869609783473,0.8809666454420664,3.44642334513343e-19,0.03190817975845128,0.006855342177144054,0.00012626507699514227,5.707426013518201e-07,2.1376359440094332e-08,9.211330606629473e-11,1.0932565650779779e-15,9.226424366670262e-17,0.059733934895612406,2,0.08433115578188392,0.03878769747914027,0.19055412809496983,0.20154593319930522,1.282381575754131,0.8931078910827637,0.9418779841011629,7840,0,0.05979010380301619,4.705042940104282,0.09675126964682142,0.32400862909645484,0.4602331681005864,0.9259370645462707,2.0974033210515977,2.5456241657875056,4,6,0.05,0.16996433783686574,0
0.685,0.6826,0.7733,1.000062687627552,0.4282998476523529,0.8808334988600675,9.67409206955365e-22,0.018478453481365856,0.009141567577113879,0.00012626507699514227,4.611799426124863e-07,3.7648700550000835e-09,4.977183882217056e-11,1.355491156880286e-17,1.4973778999900677e-18,0.05745041322889888,2,0.09488176361690884,0.04342489764219579,0.21429877005526787,0.23250025418926853,1.282381575754131,0.8886900246143341,0.9446923091570161,7733,0,0.05847727517829959,4.562592978715764,0.10949227477401201,0.38321660147952863,0.5447305595059774,1.0369702390280362,2.1943700118035077,2.5006762163851937,4,7,0.05,0.17765996618931468,0
0.685,0.6964,0.7891,1.0000204644690307,0.46697174325076685,0.8963874770932796,2.2754530030552166e-20,0.02606436353866101,0.009921298772080043,5.181433922816169e-05,3.864326115982762e-08,1.5685882063899422e-08,3.83388219388731e-11,4.769238665336377e-16,6.1786785874090375e-18,0.054829396282082055,2,0.08161192547035244,0.03779384276497404,0.19036311288201127,0.18251963310589728,1.282381575754131,0.8662779033184052,0.9504482072967395,7891,0,0.05153753776754655,4.785718288592586,0.09158613228162948,0.304086064875154,0.43345980981779086,0.922600092775901,2.248201092174649,2.4855480312050693,4,8,0.05,0.164043970210678,0
0.685,0.6928,0.7914,1.0002172543396555,0.5684301488704324,0.8664948747542784,4.1189165503370117e-19,0.03647310589612789,0.003908396297119259,8.885378337864574e-06,5.707426013518201e-07,1.2448948957647112e-08,1.7112146996422923e-10,1.0932565650779779e-15,2.546495411036074e-17,0.06309575158732583,2,0.0870080763547438,0.040182945075359154,0.20216228747734896,0.1998481353625546,1.282381575754131,0.8742601871490479,0.9404107032110163,7914,0,0.06456590152329089,4.785718288592586,0.09776667508647947,0.3252928219920765,0.46925759448287196,1.030392382709389,2.2678298270851376,2.51116421187557,4,9,0.05,0.17356371636393955,0
0.6824,0.6954,0.724,1.0000934763754041,1.2576159043250592,0.3023726783251545,2.4301455372501617e-22,0.018184200825103032,0.006612048455515217,1.7270037825136495e-05,1.8105809579046368e-06,1.9458645532947706e-08,2.5876509008485238e-11,4.942183851216519e-18,8.285472912174464e-19,0.5401392531894611,2,0.29398837031530456,0.12156080244628574,1.080186957907053,0.8986862109741358,1.1857843609506862,0.9233645498752594,0.4278873895216274,7240,0,0.595524980401562,4.705042940104282,0.3378703962456054,3.436137759402662,4.574742845178725,5.986010759324886,7.10328520462513,9.274620822611281,5,6,0.05,0.3016650404839744,0
0.6824,0.6826,0.7247,1.0001666390347137,1.2722331950210657,0.3080151970849371,2.4301455372501617e-22,0.018184200825103032,0.006612048455515217,1.7270037825136495e-05,4.611799426124863e-07,3.7648700550000835e-09,2.5876509008485238e-11,4.942183851216519e-18,8.285472912174464e-19,0.4945814764015871,2,0.2813100280923137,0.11638696250047144,1.0164329912795584,0.8462738950821884,1.1857843609506862,0.9189466834068298,0.4756754268733174,7247,0,0.543033361255062,4.562592978715764,0.3224870947402126,3.314085206129614,4.488768691949425,5.908139963829232,7.0483914635896685,8.908121348519732,5,7,0.05,0.2911431651512624,0
0.6824,0.6964,0.7249,1.0001481293991452,1.4003307656368753,0.23088677025525117,2.4301455372501617e-22,0.018184200825103032,0.006612048455515217,1.7270037825136495e-05,3.864326115982762e-08,1.5685882063899422e-08,2.5876509008485238e-11,4.942183851216519e-18,8.285472912174464e-19,0.5231802470371123,2,0.29312913408374075,0.12127378490936194,1.177557217705532,0.8349168459015472,1.1857843609506862,0.8965345621109009,0.44238241500537084,7249,0,0.6056401935286397,4.830135913493904,0.3385869247106244,4.079065537284967,5.3922940472763745,7.056668733677609,8.254266319561005,9.546564961901428,5,8,0.05,0.29841929833639125,0
0.6824,0.6928,0.7387,1.0000940968691077,1.1675687037330984,0.31588817508301237,2.4301455372501617e-22,0.018184200825103032,0.003908396297119259,8.885378337864574e-06,8.34974319077721e-07,1.2448948957647112e-08,2.5876509008485238e-11,4.942183851216519e-18,8.285472912174464e-19,0.5081978125992722,2,0.28257222877877947,0.1169082878309271,1.0338638093897397,0.8153567293622358,1.1857843609506862,0.9045168459415436,0.45803637717067436,7387,0,0.5480287597280592,5.181286713180993,0.3228345992306216,3.5364331617332248,4.899300289211741,6.624118106779734,7.791141423147916,8.543711170361966,5,9,0.05,0.2925407752739226,0
0.6954,0.6826,0.7886,1.0003141600502656,0.4301552324829639,0.875731837090849,9.67409206955365e-22,0.018478453481365856,0.006855342177144054,0.00023707237574317576,4.611799426124863e-07,3.7648700550000835e-09,4.977183882217056e-11,1.355491156880286e-17,1.4973778999900677e-18,0.06399246910850209,2,0.09609076009395492,0.04337642429191516,0.23663146174780655,0.2347572557807388,1.1457923376354577,0.8894862234592438,0.936175291757279,7886,0,0.0640433880957677,4.562592978715764,0.1168231392898916,0.3691023654468089,0.5188319045749445,0.9813987561223013,2.012043513339758,2.753325107371943,6,7,0.05,0.17455320475178415,0
0.6954,0.6964,0.8007,1.0015886283538389,0.5172209418253113,0.865239626561721,2.2754530030552166e-20,0.02606436353866101,0.006855342177144054,5.181433922816169e-05,3.864326115982762e-08,1.5685882063899422e-08,3.83388219388731e-11,4.769238665336377e-16,6.1786785874090375e-18,0.06146686298012438,2,0.09453264735270973,0.04282095192721446,0.2456232354799672,0.2169002586303428,1.1457923376354577,0.8670741021633148,0.9382624659283084,8007,0,0.0659554643760839,4.705042940104282,0.11390701172887334,0.4041616489312432,0.5893438641946231,1.247722536203167,2.683492198371887,2.9131555522269097,6,8,0.05,0.175785378643024,0
0.6954,0.6928,0.8088,1.0002405773857257,0.5410188980960615,0.8807258406897829,3.44642334513343e-19,0.03190817975845128,0.003908396297119259,8.885378337864574e-06,8.34974319077721e-07,1.2448948957647112e-08,9.211330606629473e-11,2.27045583236501e-15,2.546495411036074e-17,0.060899041798096576,2,0.08392536472255135,0.038545866130194416,0.20111933861944076,0.190517000965043,1.1457923376354577,0.8750563859939575,0.9397692743965216,8088,0,0.0609481763840557,4.705042940104282,0.09547729751098148,0.336010871270742,0.5044743391869302,1.1155190147996978,2.485305338642001,2.500194492700524,6,9,0.05,0.16738184610707205,0
0.6826,0.6964,0.8058,1.0000833038298935,0.49618798536395536,0.8618438400025812,9.67409206955365e-22,0.018478453481365856,0.009141567577113879,5.181433922816169e-05,3.864326115982762e-08,3.7648700550000835e-09,3.83388219388731e-11,1.355491156880286e-17,1.4973778999900677e-18,0.06011519868753323,2,0.08643975964420965,0.03954129364825568,0.2156679580049261,0.19277996042046838,1.1376432643352357,0.8626562356948853,0.9396902448528828,8058,0,0.06620690096351844,4.562592978715764,0.0998074775740356,0.37224124678559717,0.5584688885480974,1.16960941116244,2.573707053655386,2.8271417456662875,7,8,0.05,0.16522660034570513,0
0.6826,0.6928,0.8124,1.000190036191337,0.5833049259215138,0.8866121302029741,9.67409206955365e-22,0.018478453481365856,0.003908396297119259,8.885378337864574e-06,4.611799426124863e-07,3.7648700550000835e-09,4.977183882217056e-11,1.355491156880286e-17,1.4973778999900677e-18,0.05918493569336292,2,0.0762654632545176,0.03517859326078836,0.18033512932864387,0.17238701713477708,1.1376432643352357,0.870638519525528,0.9413631280005288,8124,0,0.05853124631006623,4.562592978715764,0.0865427741931472,0.2991378946226049,0.45311603365528397,1.0503066893193624,2.4352217328071593,2.4509971113774536,7,9,0.05,0.15672657047251395,0
0.6964,0.6928,0.8177,1.0002642330128662,0.68448639829243,0.8413979417344523,2.2754530030552166e-20,0.02606436353866101,0.003908396297119259,8.885378337864574e-06,3.864326115982762e-08,1.2448948957647112e-08,3.83388219388731e-11,4.769238665336377e-16,6.1786785874090375e-18,0.06595129649915943,2,0.08315458056390289,0.038215826649070236,0.18613624464047349,0.20069346504294305,1.2433111109881607,0.848226398229599,0.9347593149529048,8177,0,0.07433642731991985,4.830135913493904,0.09438579164515527,0.34574417961706566,0.5251256777091067,1.115794438127623,2.3721686252385377,2.9936794249256695,8,9,0.05,0.16412626047026843,0
0.6818,0.6771,0.7996,1.0001103114181202,0.38266606499819317,0.8897816663210096,9.564415733664813e-14,0.041025652415431255,0.034249264303234155,0.0014310116651285835,0.00020695812505368112,4.077593132557549e-06,4.442845785680668e-07,1.8730236776131148e-11,5.3995680924459515e-12,0.06059852215159911,2,0.06493327613980518,0.030584631858295564,0.14161545064962655,0.14185978096671376,1.0344985425883806,0.9848556816577911,0.9435060734791777,7996,0,0.05660745237390885,3.1242552025755126,0.07063279649143214,0.21919889591229677,0.3097818829606993,0.6187452937132263,1.32611227940619,1.6557806936077433,0,1,0.1,0.15445254885690402,0
0.6818,0.6851,0.8211,1.0003082169648583,0.34425196551687876,0.8877182778225515,1.1305546825202229e-13,0.05962853250744998,0.03309835189433237,0.0025232096664313066,0.00020695812505368112,1.482683326360012e-05,2.0471294559372875e-07,5.657730357729056e-11,2.556645461733332e-11,0.05050942224377186,2,0.06151116898087555,0.029186539262874494,0.13174740820186492,0.1332083573065565,1.0344985425883806,0.9791055619716644,0.9497885398186834,8211,0,0.05413649093157469,3.0658974937505907,0.06614713302183135,0.20105129834995156,0.2693903574143988,0.5105950113828184,1.258494804430008,1.4463559801101813,0,2,0.1,0.15530905730152408,0
0.6818,0.6898,0.8201,1.0001179352953709,0.36886992951865905,0.8895332642808538,2.5636465071484612e-12,0.036389443414041656,0.03113845544460464,0.0026280702900347104,0.00020695812505368112,1.2589419630923867e-05,8.588149162815297e-07,3.1403536689804875e-10,1.2881497506697185e-10,0.05702408302391282,2,0.06461029803485792,0.030454200123483793,0.14400930015479768,0.13795197928944045,1.0344985425883806,0.981126457452774,0.9430866658927415,8201,0,0.05690670489850147,3.0622649100305903,0.07051127372205869,0.220115345695672,0.2992743886825696,0.563094598137758,1.2565942543387414,1.609884242142078,0,3,0.1,0.15404581520427646,0
0.6818,0.6679,0.7838,1.0003917583539501,0.4297682455974589,0.8852790162317875,5.1312211754097756e-11,0.0922672356343795,0.034571353226336754,0.002376501806154739,0.00017016768983742797,1.482683326360012e-05,1.0070911136891894e-05,2.438956491242691e-09,2.152782120507308e-09,0.053645119831552956,2,0.07341696681324097,0.034327358159363865,0.15694605937598677,0.16773223742162333,1.0344985425883806,1.0051963329315186,0.9497121120689656,7838,0,0.054834328826673495,2.761633982266124,0.08129405222268397,0.25662633382531036,0.34380677357942324,0.642295231068618,1.428682837998867,1.7078509513027853,0,4,0.1,0.16626699767231704,0
0.6818,0.6849,0.8114,1.000209679055768,0.4956225730333449,0.8639357639083837,2.8989381977351982e-11,0.05547838576355364,0.024685152122885846,0.0026280702900347104,4.356518933610387e-05,1.482683326360012e-05,3.2692218846718934e-06,1.2500098059312531e-09,1.1393632016187905e-09,0.046539096024581283,2,0.06966944044343829,0.03273762551017728,0.15433945852277417,0.1507251874746341,1.0344985425883806,0.9890585839748383,0.9540671706386945,8114,0,0.05975649595040855,2.795538935611093,0.07621385542339854,0.23336862079514487,0.31100558703115755,0.5738078432217788,1.2910015067607163,1.6579325698698413,0,5,0.1,0.16272848945354518,0
0.6818,0.6884,0.8193,1.000822630294024,0.4408910042133166,0.8918629066656043,1.1345256083774238e-12,0.048204502161600014,0.026772949841096603,0.0026280702900347104,0.00020695812505368112,9.065743571960962e-06,8.282489807555298e-07,1.5027629759667983e-10,8.411876018025443e-11,0.05550248500523958,2,0.06323309671983288,0.029818424981757193,0.1348411909678828,0.14071461702777793,1.0344985425883806,0.9961221814155579,0.9450528696184897,8193,0,0.055341093577212286,2.7641087352217566,0.06873491910296238,0.21573202761141128,0.29233682074192346,0.5729401488659609,1.390957949066162,1.4824997589748325,0,6,0.1,0.15631594214879943,0
0.6818,0.6875,0.8253,1.0002852725733427,0.5172641538730451,0.888014572802383,3.2335765443132933e-13,0.04050625679141001,0.03546251078210808,0.0026280702900347104,0.00020695812505368112,5.198874066758513e-06,1.1330153229775661e-06,6.361788172648182e-11,3.2193272594596226e-11,0.05852620098765493,2,0.05980650160238913,0.028148489067676804,0.12469526676070927,0.136897157535451,1.0344985425883806,1.0026443600654602,0.9434633436651187,8253,0,0.05711929883322964,2.6767023543173947,0.0651455382247184,0.21695783688235343,0.30350108728353237,0.6473968718056552,1.6449893665254116,1.6849714079183729,0,7,0.1,0.14823584416843633,0
0.6818,0.6992,0.8152,1.000252809446918,0.5533088134957277,0.8732620502111001,4.745128329914461e-13,0.03815792811655414,0.031231631970913838,0.0016814869592738152,2.0692565351208124e-05,3.650003356785177e-06,5.648253505941941e-07,1.3326546780708924e-10,3.052838538440383e-11,0.0608977596412843,2,0.07200459154093292,0.03348518414185443,0.16861804559017102,0.15447998109612635,1.0344985425883806,0.9555971622467041,0.9412654702574713,8152,0,0.062236927246371865,3.1242552025755126,0.08045641588299841,0.2682698376603204,0.38058590611855,0.7830579305475834,1.7845380819916725,2.0469102449059444,0,8,0.1,0.16095591678135063,0
0.6818,0.6943,0.8316,1.000344319418238,0.36541682728005015,0.8933585769251937,1.240290352932815e-11,0.08411497393277191,0.03602013962265317,0.0024761626713853606,0.0001863885654115384,1.1887999891668322e-05,1.0070911136891894e-05,2.152470079065777e-09,7.007266847826335e-10,0.04603597193983422,2,0.054585871342898884,0.025771579725182375,0.1228700193462901,0.1146922919205406,1.0344985425883806,0.966001957654953,0.9538833182906555,8316,0,0.050661818624056165,3.1242552025755126,0.05926636971092397,0.18981438192611064,0.2600950182907043,0.5177356787839521,1.2881920436948537,1.5836809733901014,0,9,0.1,0.1388576922021092,0
0.6771,0.6851,0.8059,1.000352166728371,0.40420566433195476,0.8857396602780592,9.564415733664813e-14,0.041025652415431255,0.03309835189433237,0.0014310116651285835,0.0003340050394496778,4.077593132557549e-06,2.0471294559372875e-07,1.8730236776131148e-11,5.3995680924459515e-12,0.05384430410514063,2,0.06752318658300442,0.03179241800386386,0.15076642350115207,0.14570036287315452,1.2216693118795423,0.9776833057403564,0.9471341942560614,8059,0,0.05598038577977882,3.0658974937505907,0.0740288796864035,0.2268276231713382,0.3091458511377149,0.6057406738548773,1.345777054579556,1.613504774249086,1,2,0.1,0.16518272238148038,0
0.6771,0.6898,0.7985,1.0002825008386744,0.39301908717968803,0.899683212885141,9.564415733664813e-14,0.036389443414041656,0.03113845544460464,0.0014310116651285835,0.000307910627125367,4.077593132557549e-06,4.442845785680668e-07,1.8730236776131148e-11,5.3995680924459515e-12,0.05250101010209329,2,0.06851740460472938,0.032195967066901934,0.15336184431951752,0.14646417313468468,1.2216693118795423,0.9797042012214661,0.9510920075980105,7985,0,0.05024026215400634,3.0622649100305903,0.07541504595685906,0.2312023568970917,0.3073712591598152,0.5586055797841524,1.2860249794960021,1.6234345664472956,1,3,0.1,0.15958776148098,0
0.6771,0.6679,0.8067,1.0001820639914716,0.4847606878912542,0.8950153068329635,9.564415733664813e-14,0.041025652415431255,0.034249264303234155,0.0014310116651285835,0.00017016768983742797,4.077593132557549e-06,4.442845785680668e-07,1.8730236776131148e-11,5.3995680924459515e-12,0.04811095436355051,2,0.05716561286635871,0.026932716351669946,0.12167387913980185,0.12832034893373148,1.2216693118795423,1.0037740767002106,0.951303688130176,8067,0,0.05139706746714734,2.761633982266124,0.0629449221444714,0.19620250126187253,0.2729952628291476,0.571362971936348,1.3742843799352646,1.5139918426964267,1,4,0.1,0.14440011058581909,0
0.6771,0.6849,0.7971,1.0001988117910474,0.5707431529263027,0.8532942632511331,9.564415733664813e-14,0.041025652415431255,0.024685152122885846,0.0014310116651285835,4.356518933610387e-05,4.077593132557549e-06,4.442845785680668e-07,1.8730236776131148e-11,5.3995680924459515e-12,0.06346708822978409,2,0.07545320649841274,0.03511984929377336,0.16878033833706188,0.16893934903864322,1.2216693118795423,0.9876363277435303,0.9449511611076804,7971,0,0.06711067699920936,2.795538935611093,0.0836303048975974,0.2685275576726318,0.37685925624341593,0.7107523376180896,1.4803050555884838,1.9067297990036522,1,5,0.1,0.1648305964278467,0
0.6771,0.6884,0.8156,1.0005291959512561,0.5005976434039424,0.8908157892290343,9.564415733664813e-14,0.041025652415431255,0.026772949841096603,0.0014310116651285835,0.0004697530742544356,4.077593132557549e-06,4.442845785680668e-07,1.8730236776131148e-11,5.3995680924459515e-12,0.054213269038135614,2,0.05810028571952995,0.027401976366299142,0.12319994228411811,0.12975314485912282,1.2216693118795423,0.9946999251842499,0.9474994050670352,8156,0,0.05441426747374334,2.7641087352217566,0.06343939030496192,0.20060306536618985,0.2779627059631538,0.5745533363117715,1.406651565170288,1.5597220834705803,1,6,0.1,0.14764779344940465,0
0.6771,0.6875,0.8032,1.0002367835908972,0.5859228174281191,0.8891247974661293,9.564415733664813e-14,0.04050625679141001,0.034249264303234155,0.0014310116651285835,0.0004241971667816801,4.077593132557549e-06,4.442845785680668e-07,1.8730236776131148e-11,5.3995680924459515e-12,0.05411839981890609,2,0.06152921314292194,0.028788773621537086,0.13010392403286417,0.14220182055734246,1.2216693118795423,1.0012221038341522,0.9453159221544718,8032,0,0.05590722130299275,2.6767023543173947,0.06798266598618115,0.2300405442333405,0.33400890686205487,0.7026204375039322,1.6957250621587039,1.6384731532841934,1,7,0.1,0.14576908969718702,0
0.6771,0.6992,0.8198,1.0005747857779126,0.516133472997354,0.8900929741679924,9.564415733664813e-14,0.03815792811655414,0.031231631970913838,0.0014310116651285835,2.0692565351208124e-05,3.650003356785177e-06,4.442845785680668e-07,1.8730236776131148e-11,5.3995680924459515e-12,0.04887517019112342,2,0.0656179777592904,0.030511378196098605,0.15465349293852493,0.13955651737910957,1.2216693118795423,0.9541749060153961,0.9499232978774504,8198,0,0.053430685205445916,3.1563707130798755,0.07384730902200574,0.2396040538212811,0.3284199270343878,0.6618824222423274,1.6441114721000194,1.8900678681835288,1,8,0.1,0.1504533330708708,0
0.6771,0.6943,0.8069,1.000172399859925,0.37634173316969594,0.8936182635736224,9.564415733664813e-14,0.041025652415431255,0.034249264303234155,0.0014310116651285835,0.0001863885654115384,4.077593132557549e-06,4.442845785680668e-07,1.8730236776131148e-11,5.3995680924459515e-12,0.050605135866400586,2,0.06615285584523824,0.031060877913527365,0.1497750831627452,0.14066185835527417,1.2216693118795423,0.964579701423645,0.95329872260337,8069,0,0.05088516432577983,3.1563707130798755,0.07260195906524827,0.22874186542418928,0.3062025032942688,0.564749255211075,1.3443551184892655,1.5904745594723948,1,9,0.1,0.1553330415467439,0
0.6851,0.6898,0.8011,1.0004061143511491,0.373405323737708,0.8672901830741256,1.1305546825202229e-13,0.036389443414041656,0.03113845544460464,0.0025232096664313066,0.000307910627125367,1.2589419630923867e-05,2.0471294559372875e-07,5.657730357729056e-11,2.556645461733332e-11,0.06115187684879331,2,0.07098380305498836,0.033430740143122396,0.15535624643000578,0.15425516566881656,1.1063642970509848,0.9739540815353394,0.9391998354779354,8011,0,0.06489565141305542,3.0622649100305903,0.07774090870807039,0.23412244302132795,0.31675178943304355,0.5933459766450319,1.3015191952854395,1.531837327210075,2,3,0.1,0.1677747840706371,0
0.6851,0.6679,0.7933,1.000739403937045,0.43155010166815194,0.9003369437239188,1.1305546825202229e-13,0.05962853250744998,0.03309835189433237,0.002376501806154739,0.00017016768983742797,1.488043556961896e-05,2.0471294559372875e-07,5.657730357729056e-11,2.556645461733332e-11,0.04950587936119555,2,0.07273109549872048,0.03411997698324645,0.15347805380277924,0.16746156950340743,1.1063642970509848,0.9980239570140839,0.9507196545880368,7933,0,0.05026811676049392,2.761633982266124,0.08053713058345555,0.25831023059450553,0.34834420775628305,0.6494973676087137,1.4216028074264526,1.6031200364035054,2,4,0.1,0.16789545895679345,0
0.6851,0.6849,0.8258,1.000133544722073,0.49914256110559474,0.89982433641624,1.1305546825202229e-13,0.05547838576355364,0.024685152122885846,0.0025232096664313066,4.356518933610387e-05,1.488043556961896e-05,2.0471294559372875e-07,5.657730357729056e-11,2.556645461733332e-11,0.04828126115072917,2,0.06709298057441863,0.031683311405578105,0.14508111813343144,0.14840042851763868,1.1063642970509848,0.9818862080574036,0.9540074313164051,8258,0,0.049389023586544845,2.795538935611093,0.07321037787478905,0.22608460199550273,0.3040807833106582,0.5824875105360102,1.3648736455917359,1.5888223121225429,2,5,0.1,0.1643562147801965,0
0.6851,0.6884,0.8191,1.0004127041623738,0.43068636453555537,0.8862396145944201,1.1305546825202229e-13,0.048204502161600014,0.026772949841096603,0.0025232096664313066,0.0003340050394496778,9.065743571960962e-06,2.0471294559372875e-07,5.657730357729056e-11,2.556645461733332e-11,0.05197120137465039,2,0.06279527191149772,0.029502405587242486,0.13382858526343588,0.14342235750264182,1.1063642970509848,0.9889498054981232,0.9477547187408828,8191,0,0.05552531175060804,2.7641087352217566,0.069304998581305,0.21916748834991737,0.29336910411944117,0.5458572221781657,1.3563862510859965,1.5115881626395602,2,6,0.1,0.1541295648499272,0
0.6851,0.6875,0.8166,1.000640500739534,0.4976327408603909,0.8816782669514657,1.1305546825202229e-13,0.04050625679141001,0.03309835189433237,0.0025232096664313066,0.0003340050394496778,5.198874066758513e-06,2.0471294559372875e-07,5.657730357729056e-11,2.556645461733332e-11,0.04715966090296364,2,0.06070037248320168,0.02885735139797859,0.12311974853632837,0.13767048452178002,1.1063642970509848,0.9954719841480255,0.9531594039493916,8166,0,0.05411373817466292,2.6767023543173947,0.065057423030097,0.21892244443972358,0.30865781322385905,0.6728114469828262,1.7240185829848051,1.5411988640228769,2,7,0.1,0.16014424342585357,0
0.6851,0.6992,0.816,1.0006451607331168,0.5560258637689175,0.8948946635431542,1.1305546825202229e-13,0.03815792811655414,0.031231631970913838,0.0016814869592738152,2.0692565351208124e-05,3.650003356785177e-06,2.0471294559372875e-07,5.657730357729056e-11,2.556645461733332e-11,0.05592061592416908,2,0.07520475981986366,0.03526009524715424,0.17167916262933133,0.16108674021641267,1.1063642970509848,0.9484247863292694,0.943873515389487,8160,0,0.05507212196033873,3.0658974937505907,0.08311635448933433,0.26911271713661356,0.3793569020349637,0.7848974121177733,1.8309652989372611,1.9128349746354723,2,8,0.1,0.17317906526940754,0
0.6851,0.6943,0.8273,1.0005985458280047,0.3924416096391965,0.9087007118928011,1.1305546825202229e-13,0.05962853250744998,0.03309835189433237,0.0024761626713853606,0.0001863885654115384,1.1887999891668322e-05,2.0471294559372875e-07,5.657730357729056e-11,2.556645461733332e-11,0.047140278719308926,2,0.06012476974862478,0.028382469578010057,0.1339606757654381,0.12779088857930573,1.1063642970509848,0.9588295817375183,0.9532721254480168,8273,0,0.046742740515490655,3.0658974937505907,0.06554533199905381,0.20493160126649587,0.2789305540164486,0.5453778134898443,1.3345643472194673,1.4905760811389883,2,9,0.1,0.15048916047119182,0
0.6898,0.6679,0.785,1.0003835769481426,0.4288555456881295,0.8874247033598753,2.5636465071484612e-12,0.036389443414041656,0.03113845544460464,0.002376501806154739,0.00017016768983742797,1.2589419630923867e-05,8.588149162815297e-07,3.1403536689804875e-10,1.2881497506697185e-10,0.05299837748696801,2,0.0780231971505267,0.036797288879720995,0.16374914668009083,0.1756513177276714,1.0412737316381795,1.0000448524951935,0.951054858662969,7850,0,0.053568154087391906,2.761633982266124,0.0853141412447699,0.26907762351382464,0.36339916743543565,0.6842559631558528,1.490281628471613,1.679044588273731,3,4,0.1,0.18296384818836983,0
0.6898,0.6849,0.7983,1.0003911476502996,0.5020383802285151,0.8515526221963041,2.5636465071484612e-12,0.036389443414041656,0.024685152122885846,0.0033288903059861433,4.356518933610387e-05,1.2589419630923867e-05,8.588149162815297e-07,3.1403536689804875e-10,1.2881497506697185e-10,0.05685325821487908,2,0.07312014226742264,0.034148244921407535,0.15945546365740235,0.1649079096109656,1.0412737316381795,0.9839071035385132,0.9438596067901929,7983,0,0.06796919989902217,2.795538935611093,0.08096241912718959,0.2557015199244422,0.35028292547417056,0.6399561177345576,1.3534639733672142,1.834152452084466,3,5,0.1,0.16250360468403155,0
0.6898,0.6884,0.8069,1.0005695044205707,0.4206327850032761,0.8935159717239795,1.1345256083774238e-12,0.036389443414041656,0.026772949841096603,0.0046994688554410115,0.000307910627125367,9.065743571960962e-06,8.282489807555298e-07,1.5027629759667983e-10,8.411876018025443e-11,0.052613962918675705,2,0.06548987922146084,0.030746694102740606,0.13906002652713623,0.14886056916718707,1.0412737316381795,0.9909707009792328,0.9472503660988035,8069,0,0.0537799634382361,2.7641087352217566,0.07246791920957267,0.22702322463810423,0.30625869524728844,0.5854229292104152,1.4090249298900366,1.5310776968453819,3,6,0.1,0.15756009313630356,0
0.6898,0.6875,0.8276,1.0006023039588328,0.49959930907850625,0.8983638190735113,3.2335765443132933e-13,0.036389443414041656,0.03113845544460464,0.00416064872111097,0.000307910627125367,5.198874066758513e-06,8.588149162815297e-07,6.361788172648182e-11,3.2193272594596226e-11,0.05227568855805287,2,0.06251648806199465,0.029479972321873493,0.12691556637098328,0.14553817501558533,1.0412737316381795,0.9974928796291351,0.9495665529281321,8276,0,0.051330272228755636,2.6767023543173947,0.0677204995560954,0.23549598412550868,0.33529545384417614,0.7108256538049884,1.6964298838198184,1.6443125069674933,3,7,0.1,0.15569808724313683,0
0.6898,0.6992,0.825,1.000693225748028,0.5145460933936751,0.8910752130001914,4.745128329914461e-13,0.036389443414041656,0.03113845544460464,0.0016814869592738152,2.0692565351208124e-05,3.650003356785177e-06,5.648253505941941e-07,1.3326546780708924e-10,3.052838538440383e-11,0.048351428832644094,2,0.06853621084613666,0.03209707944063864,0.15626388626000703,0.1473665089371649,1.0412737316381795,0.950445681810379,0.9534822676582231,8250,0,0.051413170316335854,3.0622649100305903,0.07625783914411409,0.23951663210998436,0.32693158890676743,0.6605893647963442,1.6714590553492308,1.9711716306233251,3,8,0.1,0.16201108500241204,0
0.6898,0.6943,0.8265,1.0000320383434895,0.373263194646366,0.8910223629686355,2.5636465071484612e-12,0.036389443414041656,0.03113845544460464,0.0024761626713853606,0.0001863885654115384,1.1887999891668322e-05,8.588149162815297e-07,3.1403536689804875e-10,1.2881497506697185e-10,0.0468452310903289,2,0.05941194477922438,0.028027835084458354,0.13149328154318574,0.12716337973354158,1.0412737316381795,0.9608504772186279,0.9530687432750131,8265,0,0.051668090960847346,3.0622649100305903,0.06480005417788377,0.1989109075203314,0.2663880629171512,0.5021425755642549,1.2756762866199016,1.5880344524948846,3,9,0.1,0.14786900414780996,0
0.6679,0.6849,0.803,1.000288845575242,0.5139350480056041,0.8881521469758807,2.8989381977351982e-11,0.05547838576355364,0.024685152122885846,0.002376501806154739,4.356518933610387e-05,1.5855133786004176e-05,3.2692218846718934e-06,1.2500098059312531e-09,1.1393632016187905e-09,0.05598154299089808,2,0.07226478584781326,0.03380459900430234,0.16377719928806542,0.15671887969077605,1.232358584836497,1.0079769790172577,0.9524545726441398,8030,0,0.05348098817292746,2.761633982266124,0.08002741092469903,0.2501529630202178,0.3360674335551205,0.6319646976796716,1.4755430699944496,1.8877441218823954,4,5,0.1,0.16382854540906946,0
0.6679,0.6884,0.8034,1.0004663563490457,0.3817065770553165,0.8772861121153485,1.1345256083774238e-12,0.048204502161600014,0.026772949841096603,0.002376501806154739,0.00017016768983742797,9.065743571960962e-06,8.282489807555298e-07,1.5027629759667983e-10,8.411876018025443e-11,0.05664864292094718,2,0.06927928039708206,0.0325675977624638,0.1540228193222415,0.1512867805536703,1.232358584836497,1.0150405764579773,0.9447075440669814,8034,0,0.059460179084317555,2.761633982266124,0.07706873139362326,0.22910491679920592,0.3026364641144575,0.5596690209080477,1.2561897680997849,1.6525400244798096,4,6,0.1,0.16773864660583376,0
0.6679,0.6875,0.7861,1.0011760374330212,0.4177286643394484,0.8765822754574982,3.2335765443132933e-13,0.04050625679141001,0.034571353226336754,0.002376501806154739,0.00017016768983742797,5.198874066758513e-06,1.1330153229775661e-06,6.361788172648182e-11,3.2193272594596226e-11,0.04885534012034709,2,0.06519457501560655,0.030615179051283598,0.13862761611484245,0.14693334339226927,1.232358584836497,1.0215627551078796,0.9500843350167498,7861,0,0.05699082163633573,2.6767023543173947,0.07176905131882684,0.22409658011740138,0.3016913761200513,0.5700102748363349,1.422103546500206,1.5221714683878147,4,7,0.1,0.15396624275648285,0
0.6679,0.6992,0.8035,1.0003320365114865,0.6524490478940685,0.9040199349327867,4.745128329914461e-13,0.03815792811655414,0.031231631970913838,0.0016814869592738152,2.0692565351208124e-05,3.650003356785177e-06,5.648253505941941e-07,1.3326546780708924e-10,3.052838538440383e-11,0.046202655332924336,2,0.0671545682838171,0.031556857871389184,0.1564066953677499,0.138488702982805,1.232358584836497,0.9745155572891235,0.9522987912533987,8035,0,0.048491983614259215,2.761633982266124,0.07393061576809998,0.24730239544340538,0.3478205582265397,0.7441768595000076,1.8603504747509956,1.8972554810621542,4,8,0.1,0.15779646634354622,0
0.6679,0.6943,0.7945,1.0008311178485296,0.5105520506150439,0.9037411659222035,1.240290352932815e-11,0.08411497393277191,0.034571353226336754,0.002376501806154739,0.00017016768983742797,1.1887999891668322e-05,1.0947227650000588e-05,2.152470079065777e-09,7.007266847826335e-10,0.049550834196887106,2,0.07026381867324452,0.03289425013951392,0.16312466528503697,0.14754890346770808,1.232358584836497,0.9849203526973724,0.9545957458298764,7945,0,0.04748370198656171,2.761633982266124,0.07795910334987972,0.25223207529906916,0.3413949747993913,0.6484567065773734,1.5327758558690547,1.665407587338122,4,9,0.1,0.1606415480516872,0
0.6849,0.6884,0.8148,1.0020554346856543,0.4525471887261699,0.8721822699658015,1.1345256083774238e-12,0.048204502161600014,0.024685152122885846,0.0033288903059861433,4.356518933610387e-05,9.065743571960962e-06,8.282489807555298e-07,1.5027629759667983e-10,8.411876018025443e-11,0.05248691104134595,2,0.0679496109415934,0.03186868504045102,0.14693576496976715,0.15265197601516284,1.0415349215858656,0.998902827501297,0.9492617756639188,8148,0,0.05948214091282433,2.7641087352217566,0.07451999759277689,0.23525939666994486,0.32068989543980103,0.6332996850135302,1.503165613001585,1.7901581316257318,5,6,0.1,0.15986365330002486,0
0.6849,0.6875,0.8095,1.0004632153985789,0.5666104416025824,0.8365971698100317,3.2335765443132933e-13,0.04050625679141001,0.024685152122885846,0.0033288903059861433,4.356518933610387e-05,5.198874066758513e-06,1.1330153229775661e-06,6.361788172648182e-11,3.2193272594596226e-11,0.05682508496084604,2,0.07031686711357657,0.032953451986182214,0.14564489242187598,0.16539643194272316,1.0415349215858656,1.0054250061511993,0.9484436245939899,8095,0,0.07015359465296922,2.6767023543173947,0.07710330613495671,0.2680827372908936,0.37801108255987437,0.7626331507368519,1.7548193939566612,1.969953393721102,5,7,0.1,0.16271265155221876,0
0.6849,0.6992,0.8115,1.0011600733031827,0.4893359704443055,0.8954206364355096,4.745128329914461e-13,0.03815792811655414,0.024685152122885846,0.0016814869592738152,2.0692565351208124e-05,3.650003356785177e-06,5.648253505941941e-07,1.3326546780708924e-10,3.052838538440383e-11,0.0548244382258003,2,0.06716878752140064,0.03128491025869591,0.15721796531599497,0.14338062119705527,1.0415349215858656,0.9583778083324432,0.9510997553028844,8115,0,0.05199316899869055,2.795538935611093,0.07467689819658792,0.25362859281396943,0.3591590274531654,0.7089571812449021,1.6575726787656546,1.7819179284548023,5,8,0.1,0.1532867840808263,0
0.6849,0.6943,0.8243,1.0000340539141568,0.45178011291810716,0.898857346083698,1.240290352932815e-11,0.05547838576355364,0.024685152122885846,0.0024761626713853606,4.356518933610387e-05,1.1887999891668322e-05,3.2692218846718934e-06,1.2500098059312531e-09,7.007266847826335e-10,0.046672054735453106,2,0.06100101475707361,0.028515163522297392,0.13905972463732583,0.13103756630234203,1.0415349215858656,0.9687826037406921,0.9538932714781787,8243,0,0.049628490308240014,2.795538935611093,0.06740250280827453,0.21652064038205326,0.2966894376950061,0.5716535600025254,1.3835019883066415,1.7007123895176777,5,9,0.1,0.14270481778240238,0
0.6884,0.6875,0.8088,1.0008070822322046,0.4249724108966138,0.8797404767066521,3.2335765443132933e-13,0.04050625679141001,0.026772949841096603,0.00416064872111097,0.0004241971667816801,5.198874066758513e-06,8.282489807555298e-07,6.361788172648182e-11,3.2193272594596226e-11,0.05666448542711877,2,0.06565158165735802,0.030580987870892157,0.14234805204097634,0.15164127107039868,1.0826100714017952,1.012488603591919,0.9433611059626845,8088,0,0.059437233473062956,2.6767023543173947,0.07386257514932852,0.2358895740051595,0.3263116294608728,0.6472814909555105,1.5028382383227348,1.6178819843258556,6,7,0.1,0.15384873696056237,0
0.6884,0.6992,0.8257,1.0009196931134006,0.6237268174556747,0.8868533669312382,4.745128329914461e-13,0.03815792811655414,0.026772949841096603,0.0016814869592738152,2.0692565351208124e-05,3.650003356785177e-06,5.648253505941941e-07,1.3326546780708924e-10,3.052838538440383e-11,0.05315533745187584,2,0.06699621112259631,0.03117737061595018,0.1602055445128018,0.13988784106834265,1.0826100714017952,0.9654414057731628,0.9475181745042794,8257,0,0.05547015332309113,2.7641087352217566,0.07503699386996875,0.25635526026805494,0.3641867954456259,0.7977618134563832,1.9289527995049953,1.9721804804903278,6,8,0.1,0.15559076130054864,0
0.6884,0.6943,0.8181,1.000962576379433,0.48046589072257795,0.8931261416278589,1.1345256083774238e-12,0.048204502161600014,0.026772949841096603,0.0024761626713853606,0.0001863885654115384,9.065743571960962e-06,8.282489807555298e-07,1.5027629759667983e-10,8.411876018025443e-11,0.04988395830321324,2,0.06323103156877881,0.029674140869395824,0.1463010852275183,0.13175543962728556,1.0826100714017952,0.9758462011814117,0.9502387053084422,8181,0,0.052460787798700004,2.7641087352217566,0.06935164833561488,0.22890050617802377,0.3147251184738443,0.6287783082472677,1.5319344749599695,1.5253671186344353,6,9,0.1,0.15291803614260902,0
0.6875,0.6992,0.8246,1.0013485958008503,0.7708394205447361,0.869439722712229,3.2335765443132933e-13,0.03815792811655414,0.031231631970913838,0.0016814869592738152,2.0692565351208124e-05,3.650003356785177e-06,5.648253505941941e-07,6.361788172648182e-11,3.052838538440383e-11,0.05228429486775854,2,0.06861031859136874,0.03198828310945762,0.1684608915684208,0.13750524604098183,1.177472317584545,0.9719635844230652,0.9463734377555525,8246,0,0.06077411449614578,2.6767023543173947,0.07585461944541728,0.28525139395239846,0.4251557080637545,0.9553577344990405,2.2435720397889614,2.1114296666017833,7,8,0.1,0.15970192225962052,0
0.6875,0.6943,0.8286,1.0000328709486557,0.5819471530574228,0.8815061459032609,3.2335765443132933e-13,0.04050625679141001,0.03546251078210808,0.0024761626713853606,0.0001863885654115384,5.198874066758513e-06,1.1330153229775661e-06,6.361788172648182e-11,3.2193272594596226e-11,0.04811648289647519,2,0.05884053355765569,0.027642563914676368,0.14015620996166972,0.11909484550822344,1.177472317584545,0.9823683798313141,0.9540262704391155,8286,0,0.05379994385231812,2.6767023543173947,0.0643121523571985,0.22967577995974453,0.3286500719114544,0.7107104016693296,1.8059176849871874,1.6368926284813208,7,9,0.1,0.14743470948753706,0
0.6992,0.6943,0.8221,1.0002895801088423,0.47298670210863314,0.9040592363160329,4.745128329914461e-13,0.03815792811655414,0.031231631970913838,0.0016814869592738152,2.0692565351208124e-05,3.650003356785177e-06,5.648253505941941e-07,1.3326546780708924e-10,3.052838538440383e-11,0.04991376142301962,2,0.06467691921444528,0.030101573944441407,0.14233519306475517,0.14780716616227293,1.185032385593725,0.935321182012558,0.9522732403407324,8221,0,0.04849443837810874,3.159391929189305,0.07245942719566623,0.22641946793758844,0.3075328979316505,0.5996432433056479,1.5177185479462147,1.8139046643857824,8,9,0.1,0.14730024230121316,0
0.6632,0.648,0.6987,1.0000586912890599,1.8324889034297027,0.3827031221874822,4.255149816359273e-05,0.10419140580421947,0.06597717084042817,0.013125047130197952,0.00992010667103881,0.0032979611453797485,0.002022272959662374,0.0002658459542289745,0.00016799986304010325,0.5383487434873426,2,0.2316717987955084,0.10275079635297547,0.5353194641064032,0.5760214059610603,1.2222616369945918,1.2029995322227478,0.5210867896026994,6987,0,0.5008187196827911,1.804028002317329,0.25224804052729644,1.0514137080421324,1.485028273365087,2.2300741193310807,2.9134923058092594,4.1571407687297155,0,1,0.2,0.29334948758336277,0
0.6632,0.656,0.8095,1.0005017607944187,0.3549572188464558,0.9061846338741159,6.2586597411726595e-06,0.10419140580421947,0.051751799135222,0.010024127771198677,0.0047223274778424185,0.0013282743448228803,0.0008386593927010471,0.00011842923890724068,4.578132189567991e-05,0.03662485685400152,2,0.03730770329488088,0.01805765017909351,0.07673230326368333,0.07846518382829129,1.2222616369945918,1.177203118801117,0.9628467607327205,8095,0,0.04289491832285819,1.804028002317329,0.039164077941461366,0.11612676787479381,0.15163418334136808,0.2707993579688926,0.7829110280752182,0.6831665960385142,0,2,0.2,0.1254112298013708,0
0.6632,0.6249,0.7764,1.0007569456312155,0.3664360460369963,0.907409911948606,3.878897962281808e-05,0.10311642382204497,0.06983611978611348,0.0182669354627333,0.008223382809196055,0.003512121408530358,0.001783839667069452,0.0002658459542289745,0.0001875437988328983,0.038335030239066814,2,0.03598296367490615,0.01744965644875859,0.07348694829283177,0.0757467641674957,1.2222616369945918,1.2018592953681946,0.963074589984305,7764,0,0.04254906404281,1.7772694506598574,0.037629032452447704,0.1126262235975682,0.147346149272839,0.26207088364328174,0.7088354399085045,0.739537423192044,0,3,0.2,0.11750335815653577,0
0.6632,0.5885,0.7328,1.0,0.3252257196330124,0.9150482682672618,2.992193439891744e-05,0.10419140580421947,0.07259342429743842,0.01692298555694517,0.010637545811205315,0.003265375571987117,0.002022272959662374,0.00020797212561320715,0.00011531638428634578,0.03625081249482487,2,0.03616766929342448,0.01750999612338095,0.07439751806268376,0.07602136813362916,1.2222616369945918,1.2012582421302795,0.961100618111605,7328,0,0.041252760357390894,1.800994355745763,0.03805392961107529,0.11183230357813473,0.14468937181427258,0.24826056083509165,0.6656842249512672,0.7109692566030404,0,4,0.2,0.12112978121720068,0
0.6632,0.644,0.8025,1.0,0.3845175316483392,0.9114030432732999,8.93439816634695e-06,0.1023817043550362,0.06369004810955557,0.0182669354627333,0.008242147591443944,0.003512121408530358,0.0016916780701701885,9.271244156676437e-05,3.4118973219248044e-05,0.03500799466113291,2,0.03285375473303123,0.015915162317316652,0.06790036094629183,0.06860693523845225,1.2222616369945918,1.1879206895828247,0.96672173144116,8025,0,0.039735525978669806,1.804028002317329,0.03448723419822876,0.10058648781759398,0.12984752589046897,0.22303954621031688,0.6369119333565235,0.726475656468272,0,5,0.2,0.11114474714316028,0
0.6632,0.5968,0.7221,1.0008903061650718,0.4365665155540439,0.8823380446714033,2.90441514949481e-05,0.10419140580421947,0.06389884780546393,0.01713815162167561,0.00934590284396847,0.003512121408530358,0.002022272959662374,0.0002658459542289745,9.744641098011424e-05,0.051115134908753745,2,0.04855268032107625,0.023173092144574085,0.09815633730000606,0.10788282392390186,1.2222616369945918,1.2111856341362,0.9463158810561514,7221,0,0.05734129747687189,1.804028002317329,0.05221851823603183,0.16083489703626996,0.2082922724815845,0.35020447165101326,0.8256217815160751,0.7738048231631466,0,6,0.2,0.1339736563250211,0
0.6632,0.6214,0.7526,1.0,0.37010655693795863,0.9005253615083436,1.142713848710039e-05,0.10419140580421947,0.07178820368735872,0.0182669354627333,0.010668125390692717,0.0034715879821581217,0.0011324261570860323,0.00011164787654027119,3.0691134835478884e-05,0.042487127582991224,2,0.039142518606664,0.01893671605836249,0.08040638273446983,0.08245854145166828,1.2222616369945918,1.1934686303138733,0.9547477363678727,7526,0,0.04828961533635234,1.804028002317329,0.04111864264533118,0.12216418708643553,0.1596030176010307,0.2855027597879277,0.7853689109444618,0.7559828793053309,0,7,0.2,0.12663421309152412,0
0.6632,0.6701,0.8036,1.0,0.44222278938538123,0.9138572602322887,2.694485938441644e-05,0.10419140580421947,0.07162066620252812,0.01574594136642048,0.00838306378636893,0.0018058311649929478,0.001478832460801069,0.00015984601231127277,6.594402934178469e-05,0.03538210938453268,2,0.03422456485373905,0.016533827576828385,0.0732124067608179,0.06952983157919239,1.2222616369945918,1.1719319224357605,0.9617600934864803,8036,0,0.041235588659426115,1.804028002317329,0.036086724022820954,0.10921430110027204,0.1430752016344426,0.25645117456405153,0.7856664735972881,0.7436244017090985,0,8,0.2,0.11318963505255134,0
0.6632,0.6122,0.7713,1.000947306098283,0.34274379301013713,0.9153949643097652,1.113317159328842e-05,0.10419140580421947,0.06289259150689888,0.013777328346535514,0.006545425709967417,0.0025727595942298233,0.0016236531629910543,0.00013651598657963895,5.2049737096087294e-05,0.0364221412397987,2,0.03350744993905229,0.016245660561246208,0.06952340330505193,0.06957956964569469,1.2222616369945918,1.1890865564346313,0.9613389346763487,7713,0,0.041024911226351435,1.804028002317329,0.0351170201302998,0.10191115232376467,0.1318762631501903,0.23007869412465098,0.6771244413852692,0.7120331325755395,0,9,0.2,0.11516971201109054,0
0.648,0.656,0.6825,1.000054378012639,1.9299059602377946,0.3021128955760762,6.2586597411726595e-06,0.1076173731871039,0.051751799135222,0.010024127771198677,0.0047223274778424185,0.0013282743448228803,0.0008386593927010471,0.00011842923890724068,4.578132189567991e-05,0.5752364044944437,2,0.25578442051970185,0.11248677972788641,0.6513983105067144,0.5968603743559081,1.4951011727967667,1.1933356523513794,0.4996850482737004,6825,0,0.5501924125484843,1.8738505117767028,0.28076294873425967,1.1884961231557913,1.6519781137263205,2.3890360935236545,3.028319536846876,4.123303616887901,1,2,0.2,0.31267271547515135,0
0.648,0.6249,0.6898,1.000053164791932,2.1425385026129002,0.35835063375698006,3.878897962281808e-05,0.10311642382204497,0.06597717084042817,0.013125047130197952,0.008223382809196055,0.0032979611453797485,0.001783839667069452,0.00030296553110988766,0.00016799986304010325,0.5733862579785405,2,0.2481778021361882,0.10984251732148835,0.6006072836896155,0.5925765501041232,1.4951011727967667,1.217991828918457,0.49886019624697436,6898,0,0.5286544092090102,1.7772694506598574,0.2719997035479436,1.0558623480702356,1.474398471566949,2.1972449574596102,2.8730236278176307,4.058407079376509,1,3,0.2,0.30196649456824914,0
0.648,0.5885,0.6194,1.0,2.095011389932305,0.3537688802680993,2.992193439891744e-05,0.10672552304044111,0.06597717084042817,0.013125047130197952,0.00992010667103881,0.003265375571987117,0.002453408996467534,0.00020797212561320715,0.00011531638428634578,0.5147540733251224,2,0.22913663322135963,0.101715766151242,0.562655806898131,0.5331815656802149,1.4951011727967667,1.217390775680542,0.5353524004736562,6194,0,0.5007584354786844,1.800994355745763,0.24942948651003907,1.0125356767860876,1.4244768637090996,2.1459857116717322,2.8277562758028507,4.129281322602643,1,4,0.2,0.2875551235730968,0
0.648,0.644,0.6691,1.0000507387650184,1.8784670891811088,0.2991726797536765,8.93439816634695e-06,0.1023817043550362,0.06369004810955557,0.013125047130197952,0.008242147591443944,0.0032979611453797485,0.0016916780701701885,9.271244156676437e-05,3.4118973219248044e-05,0.537934232711591,2,0.25047108134693874,0.11017909993415337,0.6338302668660661,0.5870929857734134,1.4951011727967667,1.2040532231330872,0.5275612028856563,6691,0,0.5340134230124638,1.8731511411079518,0.27489630132807863,1.154103331607772,1.6077619647219685,2.3407636445236433,2.977142595809698,4.369077479784719,1,5,0.2,0.3030332662977621,0
0.648,0.5968,0.607,1.0000382192176591,2.2305805521509985,0.30897354841529445,2.90441514949481e-05,0.10528926661286774,0.06389884780546393,0.013125047130197952,0.00934590284396847,0.0032979611453797485,0.0026583087809472442,0.00026958778559857996,9.744641098011424e-05,0.5428913190229907,2,0.24374926826335686,0.1083582273777306,0.591577052923477,0.5693985632115799,1.4951011727967667,1.2273181676864624,0.5197542365036826,6070,0,0.5245520446396561,1.8382096456713803,0.26605557217395015,1.0420144071697524,1.4497904310614562,2.1713414394225583,2.858146570086479,4.060306495054139,1,6,0.2,0.3058526422783118,0
0.648,0.6214,0.6655,1.0000528295906084,2.1245132338449344,0.38052368297974415,1.142713848710039e-05,0.10784527743366902,0.06597717084042817,0.013125047130197952,0.00992010667103881,0.0032979611453797485,0.0011324261570860323,0.00011164787654027119,3.0691134835478884e-05,0.5349952442154977,2,0.24612414378670375,0.10931904147391493,0.5903561440285988,0.5840103990984943,1.4951011727967667,1.2096011638641357,0.5365529584970599,6655,0,0.4826315971007148,1.85473027621186,0.2699580423592425,1.026984701287953,1.429158644245426,2.150088749952174,2.836041039609909,4.144164476131145,1,7,0.2,0.30309136530702296,0
0.648,0.6701,0.697,1.0000413966529051,1.7920924273808017,0.3458567597888067,2.694485938441644e-05,0.10757809798641405,0.06597717084042817,0.013125047130197952,0.00838306378636893,0.0018058311649929478,0.001478832460801069,0.00015984601231127277,6.594402934178469e-05,0.5518099499365002,2,0.24262194104651275,0.10686411261361217,0.6298597259422535,0.5491870150843701,1.4951011727967667,1.188064455986023,0.5113639853765257,6970,0,0.5251320679721827,2.0069115774645616,0.2654366850688183,1.1737165079958667,1.650954667511509,2.434777447914864,3.1290575862765313,4.251548604703918,1,8,0.2,0.29616815477126446,0
0.648,0.6122,0.6437,1.0000612281492043,2.0475182886614998,0.3721270642783307,1.113317159328842e-05,0.10460461120771035,0.06289259150689888,0.013125047130197952,0.006545425709967417,0.0025727595942298233,0.0016236531629910543,0.00013651598657963895,5.2049737096087294e-05,0.5258397910304824,2,0.2403492258050738,0.10618517047045163,0.6109651824574769,0.548227042266597,1.4951011727967667,1.2052190899848938,0.537522754009248,6437,0,0.4907505473088002,1.8974422375987858,0.2623347106202151,1.1248152935682267,1.5829156030597478,2.3379092189800095,3.0160778416574003,4.175754107958234,1,9,0.2,0.29998953930067396,0
0.656,0.6249,0.7674,1.0005910127517426,0.464334628618818,0.8534296561093575,6.2586597411726595e-06,0.10311642382204497,0.051751799135222,0.010024127771198677,0.0047223274778424185,0.0013282743448228803,0.0008386593927010471,0.00011842923890724068,4.578132189567991e-05,0.04826010395809954,2,0.04205160539586322,0.020249318243386584,0.08700828892533843,0.08922422160435176,1.2631144139589885,1.1921954154968262,0.9550691465522624,7674,0,0.061350827925926055,1.7772694506598574,0.04462536369269595,0.13166847182669894,0.17191938458933018,0.3128285327666765,0.8178048298239708,0.7578418049695116,2,3,0.2,0.13001717123715137,0
0.656,0.5885,0.7215,1.0,0.4245932159816346,0.8997130588265413,6.2586597411726595e-06,0.10672552304044111,0.051751799135222,0.010024127771198677,0.0047223274778424185,0.0013282743448228803,0.0008386593927010471,0.00011842923890724068,4.578132189567991e-05,0.044020766416481116,2,0.04436394784982416,0.021428719300139915,0.09281368280585421,0.09223071063887928,1.2631144139589885,1.1915943622589111,0.9552757283364115,7215,0,0.04828832088666479,1.800994355745763,0.04677289904215568,0.13624591120651852,0.1765581933668824,0.3076543374983194,0.8466282420516014,0.7958373835333074,2,4,0.2,0.1365496697964365,0
0.656,0.644,0.7923,1.0006323426278505,0.37585693745885435,0.9143588763704767,6.2586597411726595e-06,0.1023817043550362,0.051751799135222,0.010024127771198677,0.0047223274778424185,0.0013282743448228803,0.0008386593927010471,9.271244156676437e-05,3.4118973219248044e-05,0.045289357692758214,2,0.03716220855386214,0.017960176778154306,0.07646706267900699,0.07851049355741989,1.2631144139589885,1.1782568097114563,0.9591025838385112,7923,0,0.04243246959869218,1.8731511411079518,0.0391722781817162,0.11601574327159524,0.15157856685344315,0.2784200126559369,0.7307626349866391,0.7365306364909108,2,5,0.2,0.12252249153184619,0
0.656,0.5968,0.7326,1.00064301384371,0.47800848203713003,0.8928270012837057,6.2586597411726595e-06,0.10528926661286774,0.051751799135222,0.010024127771198677,0.0047223274778424185,0.0013282743448228803,0.0008386593927010471,0.00011842923890724068,4.578132189567991e-05,0.04767573653899104,2,0.047456124019780783,0.0227348682452094,0.09754601440244007,0.10277606980082435,1.2631144139589885,1.2015217542648315,0.9501662619623887,7326,0,0.05263002215217627,1.8382096456713803,0.050820791850034956,0.15127589434264982,0.19481274778719043,0.33060429271319897,0.8521311980426312,0.8125059954339959,2,6,0.2,0.1357845043742029,0
0.656,0.6214,0.7571,1.0002826997294765,0.3893824181327322,0.8723145942993995,6.2586597411726595e-06,0.1076173731871039,0.051751799135222,0.010024127771198677,0.0047223274778424185,0.0013282743448228803,0.0008386593927010471,0.00011164787654027119,3.0691134835478884e-05,0.03941315842612747,2,0.03789117850361622,0.018337344488925933,0.07814390500952038,0.07951903884249457,1.2631144139589885,1.1838047504425049,0.9582504080672931,7571,0,0.0543962653527289,1.85473027621186,0.03983557661289106,0.11731812339692332,0.15307265256323485,0.2800514570245863,0.8371540643453598,0.7347932651583425,2,7,0.2,0.12680899558169126,0
0.656,0.6701,0.8033,1.0006135934144411,0.3960325818054219,0.9169884225025078,6.2586597411726595e-06,0.10757809798641405,0.051751799135222,0.010024127771198677,0.0047223274778424185,0.0013282743448228803,0.0008386593927010471,0.00011842923890724068,4.578132189567991e-05,0.037670172584621575,2,0.03960284931621837,0.019048520942010972,0.08593438681802602,0.08046169147088071,1.2631144139589885,1.162268042564392,0.9606909465694837,8033,0,0.04098953732295829,1.8738505117767028,0.042115463099302204,0.1288381690553338,0.16943749366438746,0.3043906210276912,0.7590912094116211,0.735643492528923,2,8,0.2,0.12400916230683329,0
0.656,0.6122,0.7565,1.0005671676647705,0.38932242426942254,0.904770442310268,6.2586597411726595e-06,0.10460461120771035,0.051751799135222,0.010024127771198677,0.0047223274778424185,0.0013282743448228803,0.0008386593927010471,0.00011842923890724068,4.578132189567991e-05,0.0442177163278743,2,0.04137602715056298,0.019986123600571774,0.08723296853090019,0.08557751509049176,1.2631144139589885,1.179422676563263,0.956008519444008,7565,0,0.04658316901260495,1.8738505117767028,0.043510377444917175,0.1295747891630863,0.16950073504168967,0.30088398404909844,0.767225254252553,0.7600869410046551,2,9,0.2,0.12909548300190654,0
0.6249,0.5885,0.7305,1.0,0.36387073608430176,0.8891350568373314,2.992193439891744e-05,0.10311642382204497,0.06983611978611348,0.01692298555694517,0.008223382809196055,0.003265375571987117,0.001783839667069452,0.00020797212561320715,0.00011531638428634578,0.04777484610315286,2,0.04969129472171049,0.024054910837738017,0.10388230964539116,0.10259918493484288,1.0703570413663088,1.2162505388259888,0.9570265575708383,7305,0,0.05040695526813499,1.7772694506598574,0.05215868143552219,0.15275169395055613,0.19791039102227093,0.3395076610084393,0.7781713424444199,0.83631909645226,3,4,0.2,0.14446077030368634,0
0.6249,0.644,0.7752,1.00098805073146,0.44614115061745657,0.8795634860717507,8.93439816634695e-06,0.1023817043550362,0.06369004810955557,0.01834917154960645,0.008223382809196055,0.003734386189867759,0.0016916780701701885,9.271244156676437e-05,3.4118973219248044e-05,0.03745777672680828,2,0.03939571181749453,0.0190492972378133,0.08262194124853273,0.0815228472589717,1.0703570413663088,1.202912986278534,0.9619430735664085,7752,0,0.05082020813454202,1.7772694506598574,0.041551810463622926,0.12115280369262309,0.15687102910998837,0.2735645207560672,0.7412115238904953,0.8156865915196307,3,5,0.2,0.1255908554244481,0
0.6249,0.5968,0.7325,1.0010049534094085,0.3794987487751731,0.8617883053183106,2.90441514949481e-05,0.10311642382204497,0.06389884780546393,0.01713815162167561,0.008223382809196055,0.003617655305348788,0.001783839667069452,0.00026958778559857996,9.744641098011424e-05,0.05221095483046234,2,0.05120043545666135,0.024550763214031157,0.10537480321153525,0.1103492009321604,1.0703570413663088,1.2261779308319092,0.9487012979673257,7325,0,0.06201538179382926,1.7772694506598574,0.05467200865192046,0.16219919743212544,0.2082563040062294,0.342817068484236,0.7694349855542183,0.7501425849524676,3,6,0.2,0.14181370329558232,0
0.6249,0.6214,0.7874,1.0001641766540799,0.3557187036592069,0.9000071503658017,1.142713848710039e-05,0.10311642382204497,0.06983611978611348,0.021514967485295335,0.008223382809196055,0.0034715879821581217,0.0011324261570860323,0.00011164787654027119,3.0691134835478884e-05,0.046605877252702044,2,0.039442875372520655,0.018999753516185762,0.08264398209306496,0.08251201136237817,1.0703570413663088,1.2084609270095825,0.9537331720561935,7874,0,0.04900142547543784,1.7772694506598574,0.041884074283132,0.1199011571382312,0.1533675873896124,0.2575239446674265,0.6752052470505238,0.7537204078414445,3,7,0.2,0.12403544746058341,0
0.6249,0.6701,0.7593,1.000574761322798,0.5117625034181614,0.875287890922044,2.694485938441644e-05,0.10311642382204497,0.06983611978611348,0.01574594136642048,0.008223382809196055,0.0018058311649929478,0.001478832460801069,0.00015984601231127277,6.594402934178469e-05,0.043088670380438954,2,0.04523714971747595,0.021770624468776055,0.0986539023859509,0.09094692241031489,1.0703570413663088,1.1869242191314697,0.9584513935335743,7593,0,0.05352831411377157,1.7772694506598574,0.04797647927863881,0.14874107174034684,0.19659345407082546,0.35672206083436575,0.9219708667755127,0.8557335793866666,3,8,0.2,0.1342146664061099,0
0.6249,0.6122,0.7699,1.0004347958747788,0.3848124896938431,0.8782706842115899,1.113317159328842e-05,0.10311642382204497,0.06289259150689888,0.013777328346535514,0.006545425709967417,0.0025727595942298233,0.0016236531629910543,0.00013651598657963895,5.2049737096087294e-05,0.042918895462044304,2,0.04343409611649472,0.021042591945982094,0.09115693466443743,0.08925451287257943,1.0703570413663088,1.2040788531303406,0.9573730824997682,7699,0,0.05322535046975041,1.7772694506598574,0.045542656040684026,0.13488288966041467,0.17615614413802785,0.3150404657221968,0.8314086945772171,0.7681768127950962,3,9,0.2,0.1369052715031307,0
0.5885,0.644,0.7454,1.0,0.463377617366121,0.9097003961386495,8.93439816634695e-06,0.1023817043550362,0.06369004810955557,0.01692298555694517,0.008242147591443944,0.003265375571987117,0.0016916780701701885,9.271244156676437e-05,3.4118973219248044e-05,0.04367293975574649,2,0.0404689733136705,0.019540354108422968,0.08485566282303751,0.08410604001826748,1.3018300908108602,1.202311933040619,0.960976315510444,7454,0,0.04292596725623499,1.800994355745763,0.042834375098423645,0.12362747390043682,0.1587545057530243,0.26950060753901517,0.7079193577349185,0.8294835868574341,4,5,0.2,0.12733023153808895,0
0.5885,0.5968,0.7439,1.0,0.4247515871883409,0.8949040515047539,2.90441514949481e-05,0.10528926661286774,0.06389884780546393,0.01692298555694517,0.00934590284396847,0.003265375571987117,0.002453408996467534,0.00020797212561320715,9.744641098011424e-05,0.050744575518278046,2,0.04169099967432319,0.020088990813887635,0.08479707296418891,0.08952276192475679,1.3018300908108602,1.2255768775939941,0.9478805533818857,7439,0,0.053127224765654235,1.800994355745763,0.04424218586296381,0.1322401703536857,0.17120092320493727,0.2927111125155938,0.712418290257454,0.7240400813288055,4,6,0.2,0.12373103146411163,0
0.5885,0.6214,0.7508,1.0,0.37515248317370886,0.8935502841706626,1.142713848710039e-05,0.10672552304044111,0.07178820368735872,0.01692298555694517,0.010637545811205315,0.003265375571987117,0.0011324261570860323,0.00011164787654027119,3.0691134835478884e-05,0.04461372003637165,2,0.043640821749674555,0.021074655685273027,0.09069173345290514,0.09139598308490882,1.3018300908108602,1.2078598737716675,0.9540274780365956,7508,0,0.05050427650904643,1.800994355745763,0.04608779176612503,0.1338551496983243,0.17314600099108038,0.300105532211064,0.7673811116337776,0.7901731020454957,4,7,0.2,0.12961723497684713,0
0.5885,0.6701,0.7246,1.0,0.4861332320786732,0.9191996939881567,2.694485938441644e-05,0.10672552304044111,0.07162066620252812,0.01574594136642048,0.00838306378636893,0.0018058311649929478,0.001478832460801069,0.00015984601231127277,6.594402934178469e-05,0.03461645397390112,2,0.034979197241339,0.016958299412794902,0.0749237913993289,0.07031633093373645,1.3018300908108602,1.1863231658935547,0.9629202116670195,7246,0,0.0392443735048037,1.800994355745763,0.0366773719280293,0.11254413362361415,0.14835351163572072,0.2718779351451426,0.8154467423200608,0.7654240741845233,4,8,0.2,0.11831688282366126,0
0.5885,0.6122,0.7799,1.0,0.3480380695012231,0.9232766915004768,1.113317159328842e-05,0.10460461120771035,0.06289259150689888,0.013777328346535514,0.006545425709967417,0.0025727595942298233,0.0016236531629910543,0.00013651598657963895,5.2049737096087294e-05,0.03449071995284614,2,0.03263241719032402,0.015824983222896986,0.06860242876881893,0.06681776428354383,1.3018300908108602,1.2034777998924255,0.9644841542460529,7799,0,0.0373889086838457,1.800994355745763,0.034242978345766395,0.1013779669818266,0.13179403761758016,0.2325832425668419,0.6759118442177773,0.6559687302487855,4,9,0.2,0.11248950493724849,0
0.644,0.5968,0.7504,1.0000969204191676,0.5036661794191496,0.889808045346431,8.93439816634695e-06,0.1023817043550362,0.06369004810955557,0.01713815162167561,0.008242147591443944,0.003617655305348788,0.0016916780701701885,9.271244156676437e-05,3.4118973219248044e-05,0.05393567761519091,2,0.04785330878444415,0.02285302207595997,0.09864215957177556,0.1042152558621022,1.067674454640366,1.2122393250465393,0.9474256342106196,7504,0,0.05481732949338658,1.8382096456713803,0.05156373273491511,0.1529934523767006,0.19658817782350788,0.32940780911749346,0.8041664371550084,0.8905495306701185,5,6,0.2,0.13224680711687242,0
0.644,0.6214,0.7703,1.0001383836786335,0.41606494317228043,0.8801193249358387,8.93439816634695e-06,0.1023817043550362,0.06369004810955557,0.01834917154960645,0.008242147591443944,0.0034715879821581217,0.0011324261570860323,9.271244156676437e-05,3.0691134835478884e-05,0.04359263200186303,2,0.03834034562695581,0.018548544748227546,0.07963159079113154,0.08008162232728519,1.067674454640366,1.1945223212242126,0.9569041681571131,7703,0,0.05298909821355524,1.85473027621186,0.040405030361217176,0.11763775643445437,0.1529390604100047,0.27340192374317324,0.7630913838684559,0.8036386385939649,5,7,0.2,0.127968272169786,0
0.644,0.6701,0.7873,1.000258827494081,0.34893759173994454,0.9110255345266639,8.93439816634695e-06,0.1023817043550362,0.06369004810955557,0.01574594136642048,0.008242147591443944,0.0018058311649929478,0.001478832460801069,9.271244156676437e-05,3.4118973219248044e-05,0.04119214952220718,2,0.038182690766985994,0.018395913291325245,0.08289271052052818,0.07714001887276102,1.067674454640366,1.1729856133460999,0.9610461407064508,7873,0,0.04251360173924357,1.8731511411079518,0.04046803342903108,0.12397577447542944,0.1622445420011924,0.2881279188190627,0.781786708676815,0.7753007018212078,5,8,0.2,0.12118656114076495,0
0.644,0.6122,0.7955,1.0003899664997282,0.377775884291704,0.9064292220745214,8.93439816634695e-06,0.1023817043550362,0.06289259150689888,0.013777328346535514,0.006545425709967417,0.0025727595942298233,0.0016236531629910543,9.271244156676437e-05,3.4118973219248044e-05,0.039881054321583065,2,0.03441561815201093,0.016603021673546353,0.07315304065095925,0.07089568938021441,1.067674454640366,1.1901402473449707,0.9607455996527909,7955,0,0.04394795934042994,1.8731511411079518,0.03643351204377209,0.10765564200694605,0.1390472703100706,0.2388967715347344,0.6744967830657959,0.7940833699633126,5,9,0.2,0.11135099485987691,0
0.5968,0.6214,0.7807,1.0002323628341303,0.3973174484911454,0.8633294897624476,1.142713848710039e-05,0.10528926661286774,0.06389884780546393,0.01713815162167561,0.00934590284396847,0.0034715879821581217,0.0011324261570860323,0.00011164787654027119,3.0691134835478884e-05,0.05148980427432237,2,0.049553814706105835,0.023615401906853777,0.10832185097136143,0.10229095886681555,1.224231771625274,1.217787265777588,0.944639370345629,7807,0,0.06343112729254119,1.8382096456713803,0.0537224614916812,0.15733637456827243,0.19928066307185782,0.31656425024867757,0.6988912109434605,0.760517311117579,6,7,0.2,0.1319937691099614,0
0.5968,0.6701,0.7302,1.0009954183484238,0.5728468064733014,0.8935085712765561,2.694485938441644e-05,0.10528926661286774,0.06389884780546393,0.01574594136642048,0.00838306378636893,0.0018058311649929478,0.001478832460801069,0.00015984601231127277,6.594402934178469e-05,0.05008335626185012,2,0.04761624414587277,0.02273981524849279,0.10738996116777676,0.09424055455831026,1.224231771625274,1.196250557899475,0.9475127989629414,7302,0,0.05369155158802397,1.8382096456713803,0.05121420828207131,0.1621887264978059,0.21264618767160565,0.37208270263493093,0.9389385976552963,0.8585275347374969,6,8,0.2,0.12995434818805537,0
0.5968,0.6122,0.764,1.000082980665505,0.4316567582460929,0.8920104915717298,1.113317159328842e-05,0.10460461120771035,0.06289259150689888,0.013777328346535514,0.006545425709967417,0.0025727595942298233,0.0016236531629910543,0.00013651598657963895,5.2049737096087294e-05,0.051258418424149244,2,0.046385551317085404,0.02218363811012553,0.10250335682825772,0.09367791675324251,1.224231771625274,1.213405191898346,0.9472967236022471,7640,0,0.054208732260290104,1.8382096456713803,0.04985720635162496,0.15235736215048562,0.19739080513840954,0.3371259895652457,0.8269717907547951,0.7372554663237804,6,9,0.2,0.12941854280656984,0
0.6214,0.6701,0.7679,1.0014192449616803,0.47038395669401256,0.8888397746388963,1.142713848710039e-05,0.10757809798641405,0.07162066620252812,0.01574594136642048,0.00838306378636893,0.0018058311649929478,0.0011324261570860323,0.00011164787654027119,3.0691134835478884e-05,0.03916262689772887,2,0.037792622538922974,0.018188218580473783,0.08238608183095958,0.07606982924115678,1.1962714761361846,1.1785335540771484,0.9579777585859344,7679,0,0.04985272351219483,1.85473027621186,0.04008781685230321,0.12456677255962474,0.16533971826239133,0.3070853317253886,0.8981150839567185,0.8169995304965244,7,8,0.2,0.11654685616960268,0
0.6214,0.6122,0.7807,1.0001193866935003,0.3655115846145829,0.8839431548478027,1.113317159328842e-05,0.10460461120771035,0.06289259150689888,0.013777328346535514,0.006545425709967417,0.0025727595942298233,0.0011324261570860323,0.00011164787654027119,3.0691134835478884e-05,0.045401239174658437,2,0.04254329200795555,0.020543401635176282,0.09020634816085323,0.08746537911266741,1.1962714761361846,1.1956881880760193,0.952459075769496,7807,0,0.0538535241046636,1.85473027621186,0.04489423910903335,0.13396463708258202,0.17551390389335997,0.3179426916106173,0.8569651600480079,0.7634446908563706,7,9,0.2,0.13331510141389005,0
0.6701,0.6122,0.768,1.0004518967772624,0.4230213341303001,0.9207112834730318,1.113317159328842e-05,0.10460461120771035,0.06289259150689888,0.013777328346535514,0.006545425709967417,0.0018058311649929478,0.001478832460801069,0.00013651598657963895,5.2049737096087294e-05,0.036452180993220784,2,0.035460154652070495,0.017166552116483966,0.0718985461378603,0.07559601109849141,1.235884437340322,1.1741514801979065,0.9616324237163121,7680,0,0.03946976700997962,1.8974422375987858,0.03729074925177169,0.11281642913835303,0.14809269712110726,0.27021508323781707,0.7843729280471802,0.7493508348324034,8,9,0.2,0.1192646216402497,0
0.8497,0.8396,0.8356,1.0008067029135683,1.2604658178491581,0.625881513825437,2.4682207813466238e-49,9.149694097511632e-11,3.505922860665371e-11,4.642964601846526e-18,9.030094127842577e-20,4.188530264039823e-23,1.3599979041686669e-31,2.819644065004149e-43,1.3044100591718662e-45,0.26871603510592623,3,0.15408312692490464,0.06549403307611551,0.48504854101270983,0.4150330043332355,1.8555280380292665,0.5052193850278854,0.7292622690458851,8356,0,0.26124750504179994,8.984983440111572,0.19645497359338235,1.8618841508767783,3.610811876048123,7.1574285356003795,10.709393303351105,13.169895769509955,0,1,0.0,0.17016121235561568,0
0.8497,0.841,0.8504,1.0008514405776632,0.6228070164785742,0.8944104075577716,4.921467766645261e-49,5.076669334853962e-10,3.505922860665371e-11,9.588124061870672e-14,9.030094127842577e-20,4.188530264039823e-23,4.119889781686353e-27,2.819644065004149e-43,1.3044100591718662e-45,0.04620700720621895,3,0.1086156315821176,0.04811540571135456,0.26456115852942497,0.27674244508712464,1.8555280380292665,0.4795383810997009,0.9508195628278671,8504,0,0.05170985234324721,8.984983440111572,0.1306548357777511,0.4732233038231141,0.7442301617304907,1.941021539649046,4.460345891189575,5.30451368571253,0,2,0.0,0.14680709706845554,0
0.8497,0.8457,0.8464,1.0003858625165818,0.5352504881194621,0.875503166996564,4.921467766645261e-49,2.1711143875363614e-10,3.505922860665371e-11,2.514467439996319e-13,9.030094127842577e-20,4.188530264039823e-23,7.430420284033136e-27,2.819644065004149e-43,1.3044100591718662e-45,0.0626676276108542,3,0.1194103871220736,0.05250984978042958,0.3046196083981555,0.30074588883521103,1.8555280380292665,0.4755740910768509,0.9440251121062103,8464,0,0.06061661433478638,8.984983440111572,0.1459244690852462,0.5212059043687032,0.8506311581306565,2.1871171215335927,4.69517182572037,5.446083719531397,0,3,0.0,0.1527637245044331,0
0.8497,0.8386,0.845,1.0003160424804365,0.5485234870016242,0.8914157026957181,4.921467766645261e-49,5.076669334853962e-10,2.4399916115886903e-11,2.514467439996319e-13,9.030094127842577e-20,4.188530264039823e-23,1.6339466181765026e-28,2.819644065004149e-43,1.3044100591718662e-45,0.06124234182960331,3,0.11366832703890986,0.05030767232718573,0.28903868766980967,0.2844215171353999,1.8555280380292665,0.4946330338716507,0.9466657915779421,8450,0,0.05466644572709334,8.510933683937491,0.13827498832374768,0.48476687153483344,0.7669446602922663,1.9594180059006634,4.340303044140339,5.315505071453644,0,4,0.0,0.14964740174013114,0
0.8497,0.8334,0.831,1.0001044744168872,0.6845104175705032,0.8467956781280498,4.921467766645261e-49,5.076669334853962e-10,3.505922860665371e-11,1.2138286014678446e-14,9.030094127842577e-20,4.188530264039823e-23,7.430420284033136e-27,2.819644065004149e-43,1.3044100591718662e-45,0.0698741240154862,3,0.14486419608036455,0.06276188528629185,0.3764406363753709,0.38983102071181425,1.8555280380292665,0.5009277909994125,0.938384870610926,8310,0,0.07039960343584228,8.873395830239765,0.18115842909364793,0.722125750039099,1.250730256600793,3.139108996418785,5.928791575594246,5.713343356319003,0,5,0.0,0.1748095032529081,0
0.8497,0.8461,0.8429,1.000252803741943,0.584886889274471,0.8828526120567042,4.921467766645261e-49,5.076669334853962e-10,3.505922860665371e-11,1.9185723016851743e-14,9.030094127842577e-20,4.188530264039823e-23,7.430420284033136e-27,2.819644065004149e-43,1.3044100591718662e-45,0.058436493142737245,3,0.12006121210535543,0.052767725927381,0.3120471040671053,0.2966750441270924,1.8555280380292665,0.4817217290401459,0.9476645612185722,8429,0,0.05629142407503063,8.984983440111572,0.1465337188352982,0.5234204546362816,0.8059975163547167,1.9535715683052164,4.351641384804249,5.426020749184375,0,6,0.0,0.15350917317644194,0
0.8497,0.8348,0.8364,1.0003087997592721,0.7368966734725095,0.8426640627264785,4.921467766645261e-49,5.076669334853962e-10,1.4270910195717649e-12,8.845195386084095e-15,3.4707237485559376e-20,4.188530264039823e-23,9.527963512006831e-29,2.819644065004149e-43,1.3044100591718662e-45,0.054229733703944905,3,0.13647884942449953,0.059452492260297175,0.37312937363800003,0.3401479900763969,1.8555280380292665,0.5039811581373215,0.9441236361694783,8364,0,0.06862942963064322,8.984983440111572,0.17112964432936095,0.6709124220806271,1.1196724326277698,2.7914443964076985,5.6454671666787934,5.392336606209572,0,7,0.0,0.16520312086810454,0
0.8497,0.827,0.8228,1.0003662364418056,1.549757549307911,0.5962820338741025,4.921467766645261e-49,5.076669334853962e-10,3.505922860665371e-11,2.514467439996319e-13,9.030094127842577e-20,4.188530264039823e-23,7.160711585076902e-29,2.819644065004149e-43,1.3044100591718662e-45,0.26731541633582534,3,0.1593523263635277,0.06827214384516996,0.4172286311138236,0.4816001655616697,1.8555280380292665,0.5085551291704178,0.7530491702256757,8228,0,0.25680688884193104,8.666491697368798,0.19991471185054616,2.0168458259084407,3.765623849050632,6.818011832188604,9.72417738458123,13.52185148974287,0,8,0.0,0.18048062091071937,0
0.8497,0.8462,0.8477,1.000183891464758,0.5241966278114735,0.8876566029613355,4.921467766645261e-49,5.076669334853962e-10,3.383203309076069e-14,1.2686394728696413e-16,5.809766026713072e-23,1.7849010715156512e-26,7.193064615602939e-31,2.819644065004149e-43,1.3044100591718662e-45,0.05231535255557074,3,0.11890460483826991,0.05207714973233205,0.31748848059818857,0.2976260288272907,1.8555280380292665,0.4833059757947922,0.9466131935136285,8477,0,0.056411490983279355,8.92531621678022,0.1488068309132103,0.5322712660069656,0.8112036552356009,2.0280482208749016,4.636342065283656,5.153045625245484,0,9,0.0,0.1511568336249239,0
0.8396,0.841,0.8395,1.0013538504129837,1.252941321901356,0.6676603936478416,2.4682207813466238e-49,9.149694097511632e-11,5.869815483020058e-11,4.642964601846526e-18,4.201629212065209e-19,6.389920508727002e-21,1.3599979041686669e-31,6.552868516494531e-43,6.367657296438724e-43,0.2733546135401178,3,0.15073007069348066,0.06447507218653518,0.38724645703005983,0.4765273959722397,2.0327528979498632,0.5128033310174942,0.724613354898846,8395,0,0.24970624431078237,9.405035440182772,0.1871222939128759,1.7372016188767208,3.6139572456887166,7.444581277630762,10.977460511778295,11.239450690466414,1,2,0.0,0.170669162031908,0
0.8396,0.8457,0.8361,1.0004994877366304,1.3924780754979653,0.5866131557113572,2.4682207813466238e-49,9.149694097511632e-11,5.869815483020058e-11,4.642964601846526e-18,4.201629212065209e-19,6.389920508727002e-21,1.3599979041686669e-31,6.552868516494531e-43,6.367657296438724e-43,0.3350335893256119,3,0.1615220645172466,0.06815935906763063,0.44523215000239486,0.5423604617742261,2.0327528979498632,0.5088390409946442,0.7387936159976981,8361,0,0.27090137312087936,9.38830902135737,0.20909423502299979,1.9991112687011052,4.040112119218935,8.16492238832875,11.709101926787197,12.806046264639695,1,3,0.0,0.173076146173378,0
0.8396,0.8386,0.8284,1.0003239702573279,1.504885892854952,0.620559682682307,2.4682207813466238e-49,9.149694097511632e-11,2.4399916115886903e-11,4.642964601846526e-18,4.201629212065209e-19,6.389920508727002e-21,1.3599979041686669e-31,6.552868516494531e-43,6.367657296438724e-43,0.3494694466384255,3,0.16788062259040332,0.07117400442291905,0.4647751645370063,0.5315816777165607,2.0327528979498632,0.527897983789444,0.7018790372644091,8284,0,0.2826038016007998,8.510933683937491,0.21567661896724552,1.6872597209261926,3.6142782606194293,7.794014729978443,11.445110338895024,13.591512306369337,1,4,0.0,0.1788449909036783,0
0.8396,0.8334,0.8307,1.0000807104612004,1.467904853861552,0.6460570094945289,2.4682207813466238e-49,9.149694097511632e-11,5.869815483020058e-11,4.642964601846526e-18,4.201629212065209e-19,6.389920508727002e-21,1.3599979041686669e-31,6.552868516494531e-43,6.367657296438724e-43,0.35656485542319716,3,0.16915101906116947,0.07154295020901778,0.45881272706452164,0.5412185136776717,2.0327528979498632,0.5341927409172058,0.6977485092857897,8307,0,0.2786165814096072,8.873395830239765,0.2166688569359083,1.776127899212563,4.298556683026262,8.687343044372621,12.114655598241836,12.375614365233094,1,5,0.0,0.1826859522882177,0
0.8396,0.8461,0.8418,1.0008474891005463,1.2870291409384516,0.6746979288625602,2.4682207813466238e-49,9.149694097511632e-11,5.869815483020058e-11,4.642964601846526e-18,4.201629212065209e-19,6.389920508727002e-21,1.3599979041686669e-31,6.552868516494531e-43,6.367657296438724e-43,0.30117512938584345,3,0.14699040982935282,0.06277020890031604,0.402232374499602,0.4545282027315803,2.0327528979498632,0.5149866789579391,0.7215996829395831,8418,0,0.24924915193747021,9.352367845254825,0.18730550474088623,1.412009665279218,2.8882646789546214,6.5284419712014685,10.10876866074279,11.97700351563058,1,6,0.0,0.16612301823135336,0
0.8396,0.8348,0.8221,1.0001230771455139,1.3900960154005055,0.6643072905235273,2.4682207813466238e-49,9.149694097511632e-11,1.4270910195717649e-12,4.642964601846526e-18,3.4707237485559376e-20,1.2718336681739487e-22,1.3599979041686669e-31,6.552868516494531e-43,6.367657296438724e-43,0.3218181109245949,3,0.169897921525914,0.07198839913104006,0.49698855332094755,0.5103064623099661,2.0327528979498632,0.5372461080551147,0.7025675627393423,8221,0,0.2656038879707834,10.511328830832484,0.2211007934352431,1.359006801743256,2.8757339608021164,6.122665478268687,9.53694588388605,13.565143505723952,1,7,0.0,0.18134005150138433,0
0.8396,0.827,0.8297,1.0002573489599962,0.9719701623983188,0.8356638504371029,2.4682207813466238e-49,9.149694097511632e-11,5.869815483020058e-11,4.642964601846526e-18,4.201629212065209e-19,6.389920508727002e-21,1.3599979041686669e-31,6.552868516494531e-43,6.367657296438724e-43,0.08086548107060965,3,0.1507111617918253,0.06510553704879873,0.34633162540536877,0.46506940502269045,2.0327528979498632,0.5418200790882111,0.9292293923915019,8297,0,0.07871164176430279,8.666491697368798,0.1898315805334092,1.0317360861720364,1.93548569198252,4.309153739434146,7.7048697621993725,5.904665501127655,1,8,0.0,0.1762620460364696,0
0.8396,0.8462,0.8387,1.000117913464526,1.3587858588146342,0.6311180828332138,2.4682207813466238e-49,9.149694097511632e-11,3.383203309076069e-14,4.642964601846526e-18,5.809766026713072e-23,1.7849010715156512e-26,1.3599979041686669e-31,6.552868516494531e-43,6.367657296438724e-43,0.2753664545429483,3,0.15798843471980298,0.06687556322490089,0.44192703819236123,0.5314510347380654,2.0327528979498632,0.5165709257125854,0.7300597228486564,8387,0,0.2548840037824436,8.92531621678022,0.20481551525664082,1.9734424781531616,3.518825724163073,6.585018127891881,10.010500326763838,12.875576732027355,1,9,0.0,0.17201355801669585,0
0.841,0.8457,0.8436,1.0006585328814646,0.5990842003033005,0.8598929901454289,4.1421861168172936e-43,2.1711143875363614e-10,6.002965633525733e-11,9.588124061870672e-14,3.609718745539333e-16,6.399995570998765e-21,4.119889781686353e-27,5.983313434621278e-38,9.94483192543143e-40,0.057118112227826257,3,0.11897215941392761,0.0521937367957443,0.3122576579317329,0.29866260033833353,1.8553992800865164,0.48315803706645966,0.9469414537995968,8436,0,0.06346388822488946,9.38830902135737,0.14516627647587146,0.5235192337712895,0.8210582168179397,1.9701756723951722,4.275980941724777,5.203250893198909,2,3,0.0,0.15286140940026965,0
0.841,0.8386,0.8436,1.0010573705630683,0.6693667064892612,0.8746684694125381,4.1421861168172936e-43,2.247094868615807e-09,2.4399916115886903e-11,9.588124061870672e-14,6.169643832034619e-15,6.399995570998765e-21,1.6339466181765026e-28,5.983313434621278e-38,9.94483192543143e-40,0.06182906201297189,3,0.12399038300031538,0.05449982905364575,0.32713943673651974,0.3052149378341685,1.8553992800865164,0.5022169798612595,0.9437473332693855,8436,0,0.06055646786401381,8.510933683937491,0.15148070846619652,0.5603495302986751,0.864612358086187,2.0051742873309157,4.318234350180626,5.217782024395736,2,4,0.0,0.15764677146147782,0
0.841,0.8334,0.827,1.0001620269901828,0.5439773363151625,0.8489290446358346,4.1421861168172936e-43,2.247094868615807e-09,6.002965633525733e-11,1.2138286014678446e-14,4.968501993303505e-16,6.399995570998765e-21,4.119889781686353e-27,5.983313434621278e-38,9.94483192543143e-40,0.0662414536214263,3,0.1512052184182981,0.06562685449154555,0.401824857877054,0.3906493238649995,1.8553992800865164,0.5085117369890213,0.9409171854444468,8270,0,0.06860792978136732,8.873395830239765,0.18631241219729244,0.7028476517563932,1.1128642480803785,2.6944489915355376,5.1969816148400305,5.119588873477343,2,5,0.0,0.1809936004946727,0
0.841,0.8461,0.8503,1.000159224708738,0.5304939173758879,0.8717269696245143,4.1421861168172936e-43,1.4176467219637183e-09,6.002965633525733e-11,1.9185723016851743e-14,3.1320381432288334e-18,6.399995570998765e-21,4.119889781686353e-27,5.983313434621278e-38,9.94483192543143e-40,0.05734714482718173,3,0.11583005470649407,0.051122470019032584,0.30771092648257165,0.2783340743562101,1.8553992800865164,0.48930567502975464,0.9432440927352758,8503,0,0.061646087080724166,9.352367845254825,0.1411006467310864,0.537711616733804,0.8426158809143875,2.010129844662313,4.444684741556644,4.862447380901488,2,6,0.0,0.15173007753386308,0
0.841,0.8348,0.8273,1.0002592025862709,0.7635525663011413,0.8445674140119522,2.55068951496345e-44,8.168857672710304e-10,1.4270910195717649e-12,8.845195386084095e-15,3.4707237485559376e-20,1.2718336681739487e-22,9.527963512006831e-29,1.0909685505615783e-39,1.9366040825536683e-42,0.05769690553841711,3,0.14338043924935448,0.06233261757919103,0.39935856324487656,0.3523908565636225,1.8553992800865164,0.5115651041269302,0.9410082761035051,8273,0,0.06970722766485327,9.405035440182772,0.17903186963238713,0.7439706638920994,1.2376559323425913,3.037332998064184,6.080346195000597,5.675939630818704,2,7,0.0,0.17172708803892153,0
0.841,0.827,0.8246,1.000452388248861,1.3267507566324714,0.6446735946309686,4.1421861168172936e-43,2.247094868615807e-09,6.002965633525733e-11,9.588124061870672e-14,6.991998939528989e-16,6.399995570998765e-21,7.160711585076902e-29,5.983313434621278e-38,9.94483192543143e-40,0.2668091182557112,3,0.15088202358486463,0.0651370554509581,0.39134286466068646,0.4354091302027683,1.8553992800865164,0.5161390751600266,0.7548399800814686,8246,0,0.23992680075896944,8.666491697368798,0.18496727338682528,1.2532034601968614,2.6515772859019733,5.602696442741902,8.58275724850595,11.207581052222075,2,8,0.0,0.17684683415350913,0
0.841,0.8462,0.8528,1.0001903587573724,0.7160049881412937,0.8751960533897256,4.1421861168172936e-43,5.786315338517227e-10,3.383203309076069e-14,1.2686394728696413e-16,5.809766026713072e-23,1.7849010715156512e-26,7.193064615602939e-31,5.983313434621278e-38,9.94483192543143e-40,0.0517006337780509,3,0.11393973675829502,0.050151336229104844,0.3041501890424408,0.27741827139551944,1.8553992800865164,0.49088992178440094,0.9502857698447021,8528,0,0.05785237796043308,8.92531621678022,0.13934100984286465,0.5305355632612643,0.8693765969015527,2.5120117551190453,5.23846569558233,5.845169088717494,2,9,0.0,0.14829234154610285,0
0.8457,0.8386,0.8462,1.0001476817560362,0.5706801367308731,0.8635095258913604,1.6410631294962546e-41,2.1711143875363614e-10,2.4399916115886903e-11,5.447813484673095e-13,3.609718745539333e-16,1.4972678514405263e-20,1.6339466181765026e-28,3.518071419147053e-35,2.109013686918807e-36,0.061106081268112344,3,0.12350051271514059,0.05394484143429831,0.3167011470670572,0.3247245891926206,1.9789341893006478,0.4982526898384094,0.9425545231259033,8462,0,0.06529446924664473,8.510933683937491,0.15361487193245876,0.5480113513913226,0.8625318122556437,2.0215678626650244,4.291579423907399,5.281022110493733,3,4,0.0,0.15322047807743433,0
0.8457,0.8334,0.8295,1.000117327681481,0.6745610551857653,0.8435622481146277,2.3041092427824477e-37,2.1711143875363614e-10,9.334231785437124e-11,1.2138286014678446e-14,3.609718745539333e-16,1.4972678514405263e-20,1.4840708176253543e-26,1.92764946118996e-34,2.1939978811947782e-36,0.06594520785414648,3,0.15090855318795557,0.06516085300203085,0.3892220617291207,0.41848165189025066,1.9789341893006478,0.5045474469661713,0.936396571236943,8295,0,0.07298812825965495,8.873395830239765,0.19061748824129712,0.7983124267206213,1.2609059024454876,2.7658674608639595,5.303840585798025,5.365731025118307,3,5,0.0,0.17635930205476702,0
0.8457,0.8461,0.8494,1.0006777827318427,0.5777153846302824,0.8708654866518091,2.3041092427824477e-37,2.1711143875363614e-10,9.334231785437124e-11,1.9185723016851743e-14,3.1320381432288334e-18,1.4972678514405263e-20,1.4840708176253543e-26,1.92764946118996e-34,2.1939978811947782e-36,0.06466077461384401,3,0.11771094402443862,0.05164646262735698,0.3050199040051717,0.299735140087033,1.9789341893006478,0.4853413850069046,0.9462919763284116,8494,0,0.060880832684948705,9.352367845254825,0.14236295311054106,0.5442306621178601,0.8720945412813504,2.1637857190565746,4.650322924795747,5.523854816613543,3,6,0.0,0.15079785338664142,0
0.8457,0.8348,0.8336,1.000228794634608,0.7691071276092708,0.8167788298366333,2.55068951496345e-44,2.1711143875363614e-10,1.4270910195717649e-12,8.845195386084095e-15,3.4707237485559376e-20,1.2718336681739487e-22,9.527963512006831e-29,1.0909685505615783e-39,1.9366040825536683e-42,0.06760581281519629,3,0.14130241248393483,0.06114459376386179,0.3876410854599226,0.36738126765582124,1.9789341893006478,0.5076008141040802,0.9363271478968743,8336,0,0.08067766866721571,9.38830902135737,0.17806791077780032,0.7085396493997616,1.184455014532837,3.007937410008377,6.13701540452838,6.357600159944889,3,7,0.0,0.16561597645647771,0
0.8457,0.827,0.8302,1.0001773224239177,1.6524136148077053,0.5711626437335648,2.3041092427824477e-37,2.1711143875363614e-10,9.334231785437124e-11,1.984239254281082e-12,3.609718745539333e-16,1.4972678514405263e-20,7.160711585076902e-29,1.3360487808905648e-34,2.1939978811947782e-36,0.3100039595488221,3,0.15684342964746242,0.06726817135531371,0.40158503719559036,0.47374064935611165,1.9789341893006478,0.5121747851371765,0.7694623362047057,8302,0,0.25542939942044773,8.666491697368798,0.19263526521293237,1.7730894188537496,3.5680589010966752,6.787293798972852,9.504327628378757,12.723032783336523,3,8,0.0,0.17701152471804268,0
0.8457,0.8462,0.8516,1.0002452214154047,0.6212102907257673,0.863530521013127,1.2995268899134453e-39,2.1711143875363614e-10,3.383203309076069e-14,1.2686394728696413e-16,5.809766026713072e-23,1.7849010715156512e-26,7.193064615602939e-31,4.209327519238016e-35,9.553609972285785e-39,0.060295858997556295,3,0.11697418359636998,0.05116159244810436,0.30731904087796263,0.29864696906736693,1.9789341893006478,0.4869256317615509,0.9435974856087386,8516,0,0.06572257765403688,8.92531621678022,0.14480329851480828,0.5384439573999483,0.8842586308383438,2.4616316190066723,5.157398471601307,5.262358238906196,3,9,0.0,0.14823715775505344,0
0.8386,0.8334,0.8237,1.0000759403869914,0.6488095968844653,0.8585924292653829,1.6410631294962546e-41,7.761580156859018e-09,2.4399916115886903e-11,1.2138286014678446e-14,4.968501993303505e-16,8.53499656616292e-18,1.6339466181765026e-28,3.518071419147053e-35,2.109013686918807e-36,0.0650706187007195,3,0.15654419911404946,0.0674844008249386,0.40297680201632846,0.43535594698309726,1.904261177117044,0.5236063897609711,0.9367068713745627,8237,0,0.06852201815165682,8.510933683937491,0.19822815039858743,0.7974774469492495,1.2607643811204352,2.7081384454042534,5.289829845976829,5.281584848985219,4,5,0.0,0.1808808262522795,0
0.8386,0.8461,0.8453,1.0000851214771789,0.587506564618761,0.8867904546446599,1.6410631294962546e-41,1.4176467219637183e-09,2.4399916115886903e-11,1.9185723016851743e-14,3.1320381432288334e-18,2.2007238138844977e-18,1.6339466181765026e-28,3.518071419147053e-35,2.109013686918807e-36,0.05762552497653617,3,0.12357658053365217,0.05419335498637183,0.32002420220935246,0.31199844680024197,1.904261177117044,0.5044003278017044,0.9457947844422828,8453,0,0.05643174731010492,8.510933683937491,0.15239899423143483,0.5316378356841629,0.7961341260296821,1.9144794968067902,4.398767814654112,5.377829569305268,4,6,0.0,0.1548970368974522,0
0.8386,0.8348,0.8342,1.000236746506442,0.8383805589392578,0.8616399628087368,2.55068951496345e-44,8.168857672710304e-10,1.4270910195717649e-12,8.845195386084095e-15,3.4707237485559376e-20,1.2718336681739487e-22,9.527963512006831e-29,1.0909685505615783e-39,1.9366040825536683e-42,0.06264358047431673,3,0.1385377632581664,0.06010789151051722,0.37726746866615074,0.35724719264418553,1.904261177117044,0.52665975689888,0.939658678918481,8342,0,0.06612827880386618,8.510933683937491,0.17486031571497507,0.6798842206489922,1.1275993850374477,3.038652967797198,6.060432548797131,5.896867816541803,4,7,0.0,0.16554534686239752,0
0.8386,0.827,0.8287,1.000298759406511,1.616980565961374,0.6118310111883738,1.6410631294962546e-41,7.761580156859018e-09,2.4399916115886903e-11,5.447813484673095e-13,6.991998939528989e-16,8.53499656616292e-18,7.160711585076902e-29,3.518071419147053e-35,2.109013686918807e-36,0.32208474205874393,3,0.15311802279955614,0.06564471944527943,0.38851248675511413,0.47733225454936645,1.904261177117044,0.5312337279319763,0.7363303703767717,8287,0,0.2672271357472372,8.510933683937491,0.19025754830894404,1.6261206991335309,3.305689562585618,6.4184718574107915,9.361887171307579,13.542504966474764,4,8,0.0,0.1756848693011437,0
0.8386,0.8462,0.8426,1.000305208820885,0.6363494063394582,0.8772787161209619,1.6410631294962546e-41,5.786315338517227e-10,3.383203309076069e-14,1.2686394728696413e-16,5.809766026713072e-23,1.7849010715156512e-26,7.193064615602939e-31,3.518071419147053e-35,9.553609972285785e-39,0.06354990839395847,3,0.1254050530270583,0.054702362458060386,0.3383571933308304,0.3219263561958824,1.904261177117044,0.5059845745563507,0.9406518833163459,8426,0,0.06185987477683619,8.510933683937491,0.15921716495012903,0.5862312481926009,0.9650862527678333,2.4966059488110406,5.108029819521121,5.728550051509861,4,9,0.0,0.15479042244294047,0
0.8334,0.8461,0.8248,1.000044067945078,0.5737645317649344,0.8755863663911987,1.021386361065094e-36,1.4176467219637183e-09,1.648008626137474e-10,1.2138286014678446e-14,3.1320381432288334e-18,2.2007238138844977e-18,3.2727322896556646e-26,5.5351184742058756e-30,1.3768948083565193e-32,0.06150425522252678,3,0.15939178183531974,0.06875069029110663,0.46083543517458675,0.3985767528795219,1.9196698509108039,0.5106950849294662,0.941145604529733,8248,0,0.0616654266374107,8.873395830239765,0.20308379701571935,0.831082658377208,1.3038221128611285,2.943788450415744,5.632586775887012,5.00792943995805,5,6,0.0,0.18379488916063788,0
0.8334,0.8348,0.841,1.000135414998497,0.8164217267785758,0.8917809083120507,2.55068951496345e-44,8.168857672710304e-10,1.4270910195717649e-12,8.845195386084095e-15,3.4707237485559376e-20,1.2718336681739487e-22,9.527963512006831e-29,1.0909685505615783e-39,1.9366040825536683e-42,0.05669712657348425,3,0.12463188142868262,0.05471132154094648,0.3326569705382045,0.3029346539951551,1.9196698509108039,0.5329545140266418,0.9475150903767279,8410,0,0.054069784747142524,8.873395830239765,0.15315388703483354,0.5955285116430816,1.0194065621083301,2.9217937877286597,6.359313681262732,5.745598210177568,5,7,0.0,0.15849769812659784,0
0.8334,0.827,0.814,1.0000867869179335,1.4745075928325282,0.6336937313052912,2.6534099445205705e-37,1.6257198836059653e-07,7.739062383232959e-10,1.2138286014678446e-14,4.968501993303505e-16,1.339265561935836e-16,7.160711585076902e-29,1.3360487808905648e-34,2.6525827732908006e-35,0.3464676670460539,3,0.17631250447724864,0.07516427777125022,0.4785208235207423,0.522465593094846,1.9196698509108039,0.5375284850597382,0.7247936356849173,8140,0,0.2670895408289804,8.666491697368798,0.21895533970230768,1.3426498713427775,2.6749079984019137,5.537107621627057,8.24596875332743,11.988332097931126,5,8,0.0,0.19485066158661865,0
0.8334,0.8462,0.8309,1.0000430947181649,0.7909085240306509,0.8320011258926611,1.2995268899134453e-39,5.786315338517227e-10,3.383203309076069e-14,1.2686394728696413e-16,5.809766026713072e-23,1.7849010715156512e-26,7.193064615602939e-31,4.209327519238016e-35,9.553609972285785e-39,0.07001173750430212,3,0.15728567871035615,0.06752055997152497,0.44737495824281215,0.4053094201866153,1.9196698509108039,0.5122793316841125,0.9386267345879622,8309,0,0.07553539889916294,8.873395830239765,0.20096219781242383,0.8722348452586332,1.5353063588254618,3.519703429212887,6.360233574573695,6.806108182212828,5,9,0.0,0.18051224907730176,0
0.8461,0.8348,0.8335,1.000154938645434,0.6811626674942689,0.864784354138078,2.55068951496345e-44,8.168857672710304e-10,1.4270910195717649e-12,8.845195386084095e-15,3.4707237485559376e-20,1.2718336681739487e-22,9.527963512006831e-29,1.0909685505615783e-39,1.9366040825536683e-42,0.05973818139541087,3,0.14550677677281038,0.06312346141553248,0.38975814032137385,0.38306364927200603,1.7881048664861585,0.5137484520673752,0.9388795058690009,8335,0,0.06574520741944734,9.352367845254825,0.18437780450245955,0.6771812002288558,1.0630673305475398,2.657643903082342,5.674608442401886,5.550329496420569,6,7,0.0,0.17153722428231907,0
0.8461,0.827,0.8314,1.0002114790779746,1.4099245842322448,0.6555475315722308,2.6534099445205705e-37,1.4176467219637183e-09,1.648008626137474e-10,1.9185723016851743e-14,3.1320381432288334e-18,2.2007238138844977e-18,7.160711585076902e-29,1.3360487808905648e-34,2.6525827732908006e-35,0.279793181630001,3,0.14618734592758317,0.06326516230994998,0.35825534970591905,0.4434699525287471,1.7881048664861585,0.5183224231004715,0.752903322463771,8314,0,0.2392105478893639,8.666491697368798,0.17804315672433257,1.6529771759270735,3.4201608419697447,6.586996310828147,9.547426525476016,11.649634274601736,6,8,0.0,0.1735352365958046,0
0.8461,0.8462,0.855,1.000564666233428,0.6619555693248979,0.874381775098117,1.2995268899134453e-39,5.786315338517227e-10,3.383203309076069e-14,1.2686394728696413e-16,5.809766026713072e-23,1.7849010715156512e-26,7.193064615602939e-31,4.209327519238016e-35,9.553609972285785e-39,0.05603124231421985,3,0.11131295066594746,0.049099992201677684,0.2802161741915678,0.2835069573824306,1.7881048664861585,0.4930732697248459,0.9450858741043895,8550,0,0.06057174525331477,8.92531621678022,0.13499622645825032,0.4899606330257313,0.7726427231282627,2.097585940175836,4.822689169167354,5.984759625443726,6,9,0.0,0.1463968075810496,0
0.8348,0.827,0.827,1.000254778595156,1.7912057071297711,0.6689491359639733,2.55068951496345e-44,8.168857672710304e-10,1.4270910195717649e-12,8.845195386084095e-15,3.4707237485559376e-20,1.2718336681739487e-22,7.160711585076902e-29,1.0909685505615783e-39,1.9366040825536683e-42,0.31182783892727395,3,0.1558919642279005,0.06692762421020325,0.38363337404448433,0.4848541338721938,1.9187459599579708,0.5405818521976471,0.7295712572212927,8270,0,0.2523219631894281,8.666491697368798,0.19184928532574927,1.5945452706751566,3.6459121137781425,7.568325671752656,10.833462865615077,13.247913728650005,7,8,0.0,0.17854858011535116,0
0.8348,0.8462,0.8374,1.0002186455112847,0.8916779490573827,0.8273937243543732,2.55068951496345e-44,5.786315338517227e-10,3.383203309076069e-14,1.2686394728696413e-16,5.809766026713072e-23,1.7849010715156512e-26,7.193064615602939e-31,1.0909685505615783e-39,1.9366040825536683e-42,0.06150980679704121,3,0.14019486764202288,0.060707257239436464,0.36696455436982667,0.3774562700943538,1.9187459599579708,0.5153326988220215,0.9418732065774161,8374,0,0.07500875913612481,8.92531621678022,0.1773780512761361,0.6699327465527931,1.07862909365345,2.5403431732692896,5.2248325619596985,6.862029420069532,7,9,0.0,0.1657582381215498,0
0.827,0.8462,0.8292,1.0003056624709274,1.5576667681800846,0.601798745088609,1.2995268899134453e-39,5.786315338517227e-10,3.383203309076069e-14,1.2686394728696413e-16,5.809766026713072e-23,1.7849010715156512e-26,7.193064615602939e-31,4.209327519238016e-35,9.553609972285785e-39,0.26409828895140974,3,0.1528946701404061,0.06545045500269464,0.4722935740279576,0.39475189872338695,1.8329525860590619,0.5199066698551178,0.7618210715364921,8292,0,0.2483747237737921,8.666491697368798,0.18955038374363872,2.3159953026974143,4.1722883758990665,7.453691632667521,10.473946019862964,13.403549783895897,8,9,0.0,0.17335356904707633,0
0.8687,0.8679,0.8765,1.0001865837822126,1.3601438489074924,0.8130409794074022,1.8708438052415248e-28,2.8532635308692208e-12,5.561235577292171e-15,8.058124638809415e-16,1.3003050940309816e-17,6.080633553038415e-19,5.370683852956334e-20,6.056432971853691e-22,6.696901073061859e-24,0.08831623430617552,5,0.10915180946084783,0.047729489566995645,0.2764220170298514,0.2788318334143496,3.458435784606626,0.410999596118927,0.9143306828750586,8765,0,0.09318607036351456,7.967073800446022,0.13179824862522985,0.4957813113198007,0.9138751970880862,3.1587695433966947,6.4042509757015855,5.266951001345496,0,1,0.0,0.13110089666901295,0
0.8687,0.8656,0.8666,1.0000952404654244,1.0643844641392113,0.6829867941620982,1.0239564594466518e-30,2.8532635308692208e-12,5.561235577292171e-15,7.679003482079907e-16,1.3003050940309816e-17,2.5626348456363243e-23,9.639454872399514e-24,4.224044560785237e-28,2.5093540641132238e-29,0.09618114194453076,5,0.13304331646498632,0.05695420831893664,0.3540258856380664,0.36525435993325983,3.458435784606626,0.4162801504135132,0.7834700414306033,8666,0,0.20236265785056773,9.125813395134525,0.16956113495632394,0.6423785831253473,1.2059161878974427,3.6117018757930976,6.848573535426706,5.901945289974539,0,2,0.0,0.14549521351733166,0
0.8687,0.874,0.879,1.0002364539792827,0.9305121290166255,0.8598532975924085,1.7756419735264418e-29,2.8532635308692208e-12,5.561235577292171e-15,8.058124638809415e-16,1.3003050940309816e-17,6.080633553038415e-19,2.980775278535281e-20,4.217293058889578e-23,5.124900027061148e-27,0.06629401550783187,5,0.10982748430007067,0.047787721413022836,0.28888755083362044,0.2810450843204595,3.458435784606626,0.3976251482963562,0.9285978454990531,8790,0,0.07213628850076126,8.263718447865553,0.1350256089797957,0.49474147677326674,0.7535338346733064,1.9381648368527309,4.2520364372076465,4.869083668733636,0,3,0.0,0.13194038752813134,0
0.8687,0.8698,0.8745,1.0015447239074267,1.123343553313013,0.753046353744989,1.8708438052415248e-28,2.8532635308692208e-12,5.561235577292171e-15,8.058124638809415e-16,1.3003050940309816e-17,6.080633553038415e-19,5.370683852956334e-20,1.2378120347903094e-21,1.5400514769785542e-23,0.07285263042184398,5,0.11257178087099433,0.04884505680317821,0.2948555364898872,0.2950792508344504,3.458435784606626,0.41081109642982483,0.8960885179638629,8745,0,0.12170743498296299,7.536906734085516,0.1401891397576603,0.5219125685848994,0.8882431886513888,2.865184315292447,6.035179532176815,5.077844748533529,0,4,0.0,0.13372527208174476,0
0.8687,0.864,0.8735,1.000948964200657,1.0637781180737247,0.7050623641083749,1.7985063725287705e-29,2.8532635308692208e-12,5.561235577292171e-15,8.058124638809415e-16,1.3003050940309816e-17,4.25289981534294e-23,1.2095290447693354e-23,2.1733920603069803e-26,1.0229000190665071e-27,0.10318821118537203,5,0.12048566223840125,0.05198021943104742,0.30323312787968915,0.34127622476883646,3.458435784606626,0.41179628670215607,0.7857960507407289,8735,0,0.19469812179213208,9.573785450375361,0.15121784891679824,0.660820903996203,1.2346218341832857,3.595245899689925,6.8652145292563365,7.613709390187027,0,5,0.0,0.14059627735040825,0
0.8687,0.8619,0.8639,1.0014787428368501,1.5624633283695042,0.6963707234762767,1.8708438052415248e-28,2.8532635308692208e-12,5.561235577292171e-15,8.058124638809415e-16,1.3003050940309816e-17,6.080633553038415e-19,5.370683852956334e-20,1.2378120347903094e-21,8.823514796139479e-25,0.10484806427021809,5,0.11963808843930077,0.052308711110091916,0.27602772696749334,0.3365656860672163,3.458435784606626,0.4150714576244354,0.769483169768517,8639,0,0.20760725064410834,7.176420818699805,0.14402948584381112,0.6859132930416737,1.4554269499287347,4.214891932020995,7.574883858870343,6.111647803829311,0,6,0.0,0.14450089330366891,0
0.8687,0.8561,0.8613,1.0002436322756447,1.1344105850766615,0.828568465862749,1.8708438052415248e-28,2.8532635308692208e-12,5.561235577292171e-15,8.058124638809415e-16,1.3003050940309816e-17,6.080633553038415e-19,5.370683852956334e-20,6.2946195387078625e-22,1.9034869375680667e-24,0.06992483659189208,5,0.12658021510564255,0.054742435411706154,0.3152786743208792,0.3464714619748399,3.458435784606626,0.4265872687101364,0.888241367756746,8613,0,0.09980611714561338,8.101022621020151,0.1587970282798619,0.5876957526767492,0.9322565770425186,2.558288223218185,5.483259727407992,4.9553805499404815,0,7,0.0,0.14570143717257353,0
0.8687,0.8674,0.8686,1.0001020730576369,1.000039753503263,0.7122392751367512,1.09041546182104e-31,2.8532635308692208e-12,5.561235577292171e-15,8.058124638809415e-16,1.3003050940309816e-17,6.080633553038415e-19,1.73826451985122e-22,1.5604043912667865e-25,7.833894131653006e-31,0.08664593127561149,5,0.12410462094973353,0.053407423167619185,0.342753009994528,0.3220178369420482,3.458435784606626,0.41201381385326385,0.81567201944677,8686,0,0.1761906811759214,9.573785450375361,0.15565758366652593,0.6366409902131445,1.1674218748979226,3.5812014246199455,7.151343457442522,5.745676638037576,0,8,0.0,0.13998875663297977,0
0.8687,0.8722,0.8779,1.0003416124440097,0.933438221435813,0.7734510109402124,1.6171125546201314e-34,2.8532635308692208e-12,5.561235577292171e-15,8.058124638809415e-16,1.3003050940309816e-17,6.080633553038415e-19,4.02630145351729e-24,2.545422546635719e-28,5.291430406227465e-29,0.08873160377719691,5,0.10505840746057424,0.0459068718468076,0.26600458111216946,0.27132725981238653,3.458435784606626,0.4017917960882187,0.7656731321224495,8779,0,0.18282099332985524,9.300292747779448,0.12740457989694237,0.4982954003517594,1.075734060130446,2.883929211126166,5.586200827257335,5.821413788320508,0,9,0.0,0.12905978606693005,0
0.8679,0.8656,0.8585,1.0000065793279784,1.7255261470596033,0.730905637824124,1.0239564594466518e-30,4.00056691047849e-12,2.1769193573799567e-14,7.679003482079907e-16,1.1390332169302745e-16,2.5626348456363243e-23,9.639454872399514e-24,4.224044560785237e-28,2.5093540641132238e-29,0.14937164235099465,5,0.1432896916371766,0.061204239648956764,0.38596727325656477,0.39171451305396465,3.1707708420834058,0.42314133048057556,0.8392947875369833,8585,0,0.15582132964702777,7.967073800446022,0.18362176637954336,0.7210860202227996,1.3847517566751533,4.175492337156705,7.591378242767416,7.315014110189947,1,2,0.0,0.15255679200683214,0
0.8679,0.874,0.8678,1.000763080964168,1.2196640999342683,0.7860720914850003,1.7756419735264418e-29,4.00056691047849e-12,2.1769193573799567e-14,3.967225618730496e-15,1.5436455795191902e-15,9.923153408496087e-18,2.980775278535281e-20,4.217293058889578e-23,5.124900027061148e-27,0.11602476587162358,5,0.12138774209344486,0.052544160831684214,0.32112197241874685,0.3126589608246084,3.1707708420834058,0.4044863283634186,0.8942351986904356,8678,0,0.11067600325358473,7.967073800446022,0.1507139806627504,0.6036001954086259,1.237512214125127,4.005604411864591,7.366415563423559,5.777986174189321,1,3,0.0,0.13929539303212138,0
0.8679,0.8698,0.8634,1.0003450035430004,0.909930031580671,0.8339000739072026,6.250290005941358e-27,4.00056691047849e-12,2.1769193573799567e-14,3.967225618730496e-15,1.5436455795191902e-15,1.4877442460891818e-18,1.2369589285852905e-19,6.056432971853691e-22,6.696901073061859e-24,0.07230735881849226,5,0.12386522057991811,0.053676560905935956,0.3229875562283625,0.32283984322694215,3.1707708420834058,0.4176722764968872,0.9335522899459054,8634,0,0.077259597763362,7.536906734085516,0.15432825799575325,0.5554442261003072,0.8879663081007572,2.4027227286826403,5.107053254104964,4.646033897393142,1,4,0.0,0.14220680287050583,0
0.8679,0.864,0.859,1.0004102840159026,1.8202406860150762,0.658356997650225,1.7985063725287705e-29,4.00056691047849e-12,2.1769193573799567e-14,1.0151550389103816e-15,1.8758924515674396e-17,4.25289981534294e-23,1.2095290447693354e-23,2.1733920603069803e-26,1.0229000190665071e-27,0.18745603248456733,5,0.1423361076890024,0.06055470706699291,0.3785233176025408,0.41212402616477173,3.1707708420834058,0.41865746676921844,0.7160210523004582,8590,0,0.265783280497603,7.967073800446022,0.18280418893229944,0.7881146257857042,1.7694398565557266,5.399257568952605,8.960134034751356,9.22474411147096,1,5,0.0,0.15311967974628077,0
0.8679,0.8619,0.8535,1.0001016317977147,1.3539691388188293,0.7313956295813776,2.823134072993828e-26,4.00056691047849e-12,2.1769193573799567e-14,3.967225618730496e-15,1.5436455795191902e-15,2.197714273935334e-16,7.466030846281187e-17,6.056432971853691e-22,8.823514796139479e-25,0.14432453977303017,5,0.13576659712079275,0.05887502512215605,0.3250140001317277,0.37956144842134926,3.1707708420834058,0.4219326376914978,0.8223040968507755,8535,0,0.16525744038903611,7.176420818699805,0.16749296915961803,0.6971578386051038,1.1788129797630564,3.02308617151689,5.645606987102516,5.9970520124750015,1,6,0.0,0.15434161228225432,0
0.8679,0.8561,0.8553,1.0002438344292839,1.0851961644208776,0.7060734594226293,2.823134072993828e-26,4.00056691047849e-12,2.1769193573799567e-14,1.7178685147996427e-15,8.749877143359688e-17,2.4744170649234735e-17,1.607830588595766e-19,6.056432971853691e-22,1.9034869375680667e-24,0.13705265191955252,5,0.1394407686666296,0.05976079812088789,0.35621707563585375,0.3944262989654192,3.1707708420834058,0.4334484487771988,0.8183562249147986,8553,0,0.17803397167540225,7.967073800446022,0.17822889282642082,0.6903479902219875,1.185292987914339,4.20907231478131,7.645181132616289,6.515493914410449,1,7,0.0,0.15281720035139879,0
0.8679,0.8674,0.8617,1.000562174309195,1.6138132631868771,0.7575357964213506,1.09041546182104e-31,4.00056691047849e-12,2.1769193573799567e-14,1.7223830024194984e-15,7.030562883039868e-17,3.203475924971399e-18,1.73826451985122e-22,1.5604043912667865e-25,7.833894131653006e-31,0.1180475968064536,5,0.13409903486360086,0.05742294225481435,0.3787053243472888,0.34594380050272183,3.1707708420834058,0.41887499392032623,0.8647437958301806,8617,0,0.13576804244231755,7.967073800446022,0.1704616119398191,0.7520229194038373,1.5444146661044487,4.513928137747928,8.221017081189435,6.705025713920672,1,8,0.0,0.14567259557943643,0
0.8679,0.8722,0.8702,1.000428319656726,1.5523127887115404,0.6755978660568833,1.6171125546201314e-34,4.00056691047849e-12,2.1769193573799567e-14,3.967225618730496e-15,1.5436455795191902e-15,2.197714273935334e-16,4.02630145351729e-24,2.545422546635719e-28,5.291430406227465e-29,0.1428716073248557,5,0.12330517736199315,0.0531649065508172,0.3353737965398336,0.32068143908251384,3.1707708420834058,0.40865297615528107,0.735174565671855,8702,0,0.2492824350917311,7.967073800446022,0.15362801979222301,0.7382689623122313,1.8414056111746242,5.20963824540106,8.689875260446593,7.2320519852446825,1,9,0.0,0.14057606870643022,0
0.8656,0.874,0.8627,1.0000578437678762,1.4484343113118552,0.6533536426924217,1.0239564594466518e-30,4.634584601379922e-11,9.56344892074346e-14,7.679003482079907e-16,1.1390332169302745e-16,2.5626348456363243e-23,9.639454872399514e-24,4.224044560785237e-28,2.5093540641132238e-29,0.12488401979600439,5,0.13489117331238623,0.057583374941913096,0.38430148330605723,0.3547112641049621,3.6090909480740976,0.40976688265800476,0.758922331464229,8627,0,0.2256717443920767,8.263718447865553,0.17490688299984805,0.6879290674375034,1.208816988531533,3.8876539359905133,7.00409830037104,6.521228935592157,2,3,0.0,0.14552668833239737,0
0.8656,0.8698,0.8639,1.000007582709383,1.3917834431062535,0.8012207197839056,1.0239564594466518e-30,3.089372387937395e-11,2.647692832747476e-14,7.679003482079907e-16,1.1390332169302745e-16,2.5626348456363243e-23,9.639454872399514e-24,4.224044560785237e-28,2.5093540641132238e-29,0.09413862844387799,5,0.1342774144614331,0.057466846590818146,0.3598286494154317,0.36478512719169914,3.6090909480740976,0.4229528307914734,0.8818745583965761,8639,0,0.10923218333192009,7.536906734085516,0.1714627095529197,0.6185558667626597,0.9616367674154138,2.7198946295398323,5.736415738009103,5.980170110836973,2,4,0.0,0.14646512169528422,0
0.8656,0.864,0.8526,1.0000051738784437,0.9549560878055434,0.7364104648426963,1.0239564594466518e-30,1.5621554036318467e-10,1.9349157872773504e-13,7.679003482079907e-16,1.8758924515674396e-17,2.5626348456363243e-23,9.639454872399514e-24,4.224044560785237e-28,2.5093540641132238e-29,0.08362027564313101,5,0.1495348566066266,0.06378372175784612,0.39783611059207635,0.4138491060608013,3.6090909480740976,0.4239380210638046,0.7816137832135961,8526,0,0.1929467893673279,9.125813395134525,0.1904016066623839,0.7671168346120111,1.387796465523199,3.494339603476216,6.485353560980968,5.681304808170724,2,5,0.0,0.15953694522507308,0
0.8656,0.8619,0.8564,1.0000198095685682,1.5016976373771145,0.8309431252520102,1.0239564594466518e-30,3.5131205663815635e-10,1.9349157872773504e-13,7.679003482079907e-16,1.1390332169302745e-16,2.5626348456363243e-23,9.639454872399514e-24,4.224044560785237e-28,2.5093540641132238e-29,0.08597654725423332,5,0.13831586553376793,0.05960802808914191,0.3395597511174255,0.3893450951697707,3.6090909480740976,0.427213191986084,0.9076813778007192,8564,0,0.08711789747182697,7.176420818699805,0.17447770860178866,0.6923731208277448,1.1243427016286909,2.931949715838054,5.870745272163674,6.305928233469083,2,6,0.0,0.1542959155106923,0
0.8656,0.8561,0.8543,1.0002071672528683,1.572078306420916,0.6487341527828375,1.0239564594466518e-30,4.448278145071684e-12,6.997969875092556e-14,7.679003482079907e-16,8.749877143359688e-17,2.5626348456363243e-23,9.639454872399514e-24,4.224044560785237e-28,2.5093540641132238e-29,0.11363707785854071,5,0.14055458563852075,0.06029204179815298,0.36657805380152625,0.3881677955482386,3.6090909480740976,0.438729003071785,0.7151921004564212,8543,0,0.25825790988564357,8.101022621020151,0.17929313210160075,0.7073388005581849,1.3386957264476234,4.026862119698506,7.289931842862069,6.939084980022202,2,7,0.0,0.15449758631137325,0
0.8656,0.8674,0.8658,1.00004294826301,0.8800606561682484,0.8371875945411046,1.09041546182104e-31,2.0282483096838156e-11,7.401938425653188e-14,7.679003482079907e-16,7.030562883039868e-17,2.5626348456363243e-23,9.639454872399514e-24,4.224044560785237e-28,7.833894131653006e-31,0.0745635440095983,5,0.12913279141776196,0.055445313232881994,0.3627275285686335,0.3285624855034278,3.6090909480740976,0.4241555482149124,0.8918684318098375,8658,0,0.0928821429409924,9.125813395134525,0.1639667312900651,0.6481289491993617,1.0870698127739638,2.8824380437502697,5.839235116321081,5.400705648817258,2,8,0.0,0.141957777855016,0
0.8656,0.8722,0.8698,1.0000060276035143,1.1207569585092714,0.5836980608680912,1.6171125546201314e-34,9.727397005768805e-11,1.9349157872773504e-13,7.679003482079907e-16,1.1390332169302745e-16,2.5626348456363243e-23,4.02630145351729e-24,2.545422546635719e-28,2.5093540641132238e-29,0.13240987977669616,5,0.12110616826487176,0.05235046488112017,0.3199276870667074,0.3141721088061823,3.6090909480740976,0.41393353044986725,0.707941449866817,8698,0,0.31031689770751003,9.125813395134525,0.15144567654726115,0.6518280330024714,1.5546813277893654,3.8714782558430327,7.202763030921109,8.270007468054676,2,9,0.0,0.13821216134020375,0
0.874,0.8698,0.8803,1.001441842443356,1.0256145044797447,0.7512972553716639,1.7756419735264418e-29,3.089372387937395e-11,2.647692832747476e-14,2.230082764184108e-14,1.7151511097729245e-15,1.4877442460891818e-18,2.980775278535281e-20,4.217293058889578e-23,5.124900027061148e-27,0.0955667490270461,5,0.10768312188213786,0.04678955987860517,0.27302985814481967,0.2849603454590564,3.420820680072346,0.4042978286743164,0.877867370476985,8803,0,0.13066027949063375,7.536906734085516,0.13373522046760422,0.5065046629821088,0.8933675019369799,3.0564913680254002,6.475533647039905,5.110146307949593,3,4,0.0,0.12867878331547603,0
0.874,0.864,0.8656,1.0018791724765714,1.3108243813854084,0.6955466010013841,1.7756419735264418e-29,4.634584601379922e-11,9.56344892074346e-14,1.0151550389103816e-15,1.8758924515674396e-17,4.25289981534294e-23,1.2095290447693354e-23,2.1733920603069803e-26,1.0229000190665071e-27,0.12113500309147862,5,0.12636387124181966,0.05436556065083246,0.3213066777354289,0.3558087420803785,3.420820680072346,0.40528301894664764,0.772875953407295,8656,0,0.20748696670350686,8.263718447865553,0.15870879964971213,0.6932953857443527,1.3323547151023565,3.506214321538924,6.7383417024145835,7.983703796862554,3,5,0.0,0.143961151456731,0
0.874,0.8619,0.8652,1.0009676449607767,1.4027805469430243,0.6809761276683582,1.7756419735264418e-29,4.634584601379922e-11,9.56344892074346e-14,2.319295146611488e-14,5.7756491816028e-15,9.923153408496087e-18,2.980775278535281e-20,4.217293058889578e-23,5.124900027061148e-27,0.11757454433192083,5,0.1206269690117997,0.0522638086413221,0.2851543581272305,0.35264997025508193,3.420820680072346,0.408558189868927,0.7455977162297971,8652,0,0.22586224710397917,7.176420818699805,0.1485694091271147,0.7369424535712052,1.488256965609449,4.383348224740414,7.848165178559721,6.416870822832662,3,6,0.0,0.14144877897522667,0
0.874,0.8561,0.8602,1.0011759052040343,0.9421898926203484,0.826239564495137,1.7756419735264418e-29,4.448278145071684e-12,6.997969875092556e-14,1.7178685147996427e-15,8.749877143359688e-17,9.923153408496087e-18,2.980775278535281e-20,4.217293058889578e-23,5.124900027061148e-27,0.07199952710819879,5,0.12786387998714982,0.05530877281060184,0.3101743682603442,0.35491881168920664,3.420820680072346,0.420074000954628,0.8871608764756962,8602,0,0.10129268371197475,8.101022621020151,0.16092548981089555,0.6129957118749673,0.9581102426960472,2.4923348731390305,5.279975596459396,4.806247402697963,3,7,0.0,0.14606248347085238,0
0.874,0.8674,0.866,1.0011230876533395,1.3606551044287474,0.6795628556148728,1.09041546182104e-31,2.0282483096838156e-11,7.401938425653188e-14,1.7223830024194984e-15,7.030562883039868e-17,3.203475924971399e-18,1.73826451985122e-22,1.5604043912667865e-25,7.833894131653006e-31,0.1148807842833326,5,0.12627882872675072,0.054047807532934505,0.34309431359810905,0.341032386323366,3.420820680072346,0.40550054609775543,0.7851129767332208,8660,0,0.20392896761417734,8.263718447865553,0.16217751440996267,0.6277525429849792,1.2648607178381794,3.8566471167182987,7.367156115105655,6.58330880049316,3,8,0.0,0.13882763694787223,0
0.874,0.8722,0.8758,1.0001514450519682,1.082694139322705,0.7796091986696352,1.6171125546201314e-34,4.634584601379922e-11,9.56344892074346e-14,2.319295146611488e-14,5.7756491816028e-15,9.923153408496087e-18,4.02630145351729e-24,2.545422546635719e-28,5.291430406227465e-29,0.09298502718705048,5,0.107111563409479,0.046625778593763906,0.2734432435885488,0.28166735232851986,3.420820680072346,0.39527852833271027,0.7762010937832546,8758,0,0.1746801293027581,8.263718447865553,0.13226310672106548,0.5054261684198798,0.9127190547803653,2.5780512685380224,5.267248160941898,5.605801652265975,3,9,0.0,0.12949021040471317,0
0.8698,0.864,0.8658,1.0005158953847724,1.453334269817372,0.6754968998325597,1.7985063725287705e-29,3.089372387937395e-11,2.647692832747476e-14,1.0151550389103816e-15,1.8758924515674396e-17,4.25289981534294e-23,1.2095290447693354e-23,2.1733920603069803e-26,1.0229000190665071e-27,0.12369320707546494,5,0.12416555532384899,0.05355145732012016,0.3171711781765658,0.3435918928843393,3.4013883291647393,0.41846896708011627,0.7377942117540531,8658,0,0.2526401818894418,7.536906734085516,0.15584120695256304,0.6843075931615564,1.435378884091948,3.7666471186366195,7.3771650475606325,8.065061568696974,4,5,0.0,0.1434932690865151,0
0.8698,0.8619,0.868,1.0002476822968054,1.0970210711647963,0.7836229394239597,6.250290005941358e-27,3.089372387937395e-11,2.647692832747476e-14,2.230082764184108e-14,1.7151511097729245e-15,1.4877442460891818e-18,1.2369589285852905e-19,3.73115004174709e-20,8.823514796139479e-25,0.1024593434132266,5,0.11842162485113049,0.05154600966868484,0.28192607255736546,0.33123903187448345,3.4013883291647393,0.42174413800239563,0.8659295750242444,8680,0,0.12326500219074821,7.176420818699805,0.145672613350259,0.6407035863649617,1.1178284281790698,2.918394690254534,5.6764011114791035,5.31705983838197,4,6,0.0,0.14152643188898015,0
0.8698,0.8561,0.858,1.000065597730614,1.009017847972052,0.665893237026693,6.250290005941358e-27,4.448278145071684e-12,2.647692832747476e-14,1.7178685147996427e-15,8.749877143359688e-17,1.4877442460891818e-18,1.2369589285852905e-19,6.2946195387078625e-22,1.9034869375680667e-24,0.10149217340909833,5,0.13193421833532534,0.05716709262431496,0.32938796634287426,0.35616336901740353,3.4013883291647393,0.4332599490880966,0.7999153451107477,8580,0,0.2073391124840428,7.536906734085516,0.1635098359671876,0.6645050063219147,1.2954830349016109,3.3242382274035176,6.7085489049308,5.81345352310288,4,7,0.0,0.15075925002163795,0
0.8698,0.8674,0.871,1.0004556764003254,1.3482839057462914,0.7856367453113682,1.09041546182104e-31,2.0282483096838156e-11,2.647692832747476e-14,1.7223830024194984e-15,7.030562883039868e-17,1.4877442460891818e-18,1.73826451985122e-22,1.5604043912667865e-25,7.833894131653006e-31,0.0850785004693636,5,0.12236684476254123,0.05253746970461007,0.33866778319775037,0.3280142145636993,3.4013883291647393,0.41868649423122406,0.8935696696828433,8710,0,0.11098109050176908,7.536906734085516,0.15511095903783748,0.6173426677566523,1.0823670269784575,3.3885993848635088,6.991016052057407,5.933627473518648,4,8,0.0,0.1378697277028491,0
0.8698,0.8722,0.8797,1.0002754479090339,1.293311780200548,0.6430967358091584,1.6171125546201314e-34,3.089372387937395e-11,2.647692832747476e-14,2.230082764184108e-14,1.7151511097729245e-15,1.4877442460891818e-18,4.02630145351729e-24,2.545422546635719e-28,5.291430406227465e-29,0.12172419725418226,5,0.10763045448401526,0.04685242995207486,0.28055185691001766,0.2767633226604255,3.4013883291647393,0.4084644764661789,0.7351862301452965,8797,0,0.26963498417963383,7.536906734085516,0.13155046995967667,0.5237214803197691,1.0805716942705308,3.9558918976231214,7.7062098920665685,6.682170792700151,4,9,0.0,0.12970819719942614,0
0.864,0.8619,0.8505,1.0000793494749844,1.6491525403810456,0.7194127916904087,1.7985063725287705e-29,1.5621554036318467e-10,1.2375108176934942e-12,1.0151550389103816e-15,1.8758924515674396e-17,4.25289981534294e-23,1.2095290447693354e-23,2.1733920603069803e-26,1.0229000190665071e-27,0.10274034166020785,5,0.14202487140742096,0.06103363803110278,0.36206073321365395,0.4026545859338409,3.745632229077182,0.42272932827472687,0.7784019541615187,8505,0,0.20346416768372078,7.176420818699805,0.17873953735107384,0.8348740046456269,1.6827050890227868,4.615707585435719,7.929450722000748,6.1792716818908575,5,6,0.0,0.15938857380275454,0
0.864,0.8561,0.8572,1.0007068832362045,1.3965201685921673,0.7901042863144986,1.7985063725287705e-29,4.448278145071684e-12,6.997969875092556e-14,1.0151550389103816e-15,1.8758924515674396e-17,4.25289981534294e-23,1.2095290447693354e-23,2.1733920603069803e-26,1.0229000190665071e-27,0.08609399971001674,5,0.12905131261236052,0.056065248153465565,0.3314966759395341,0.3342209337373461,3.745632229077182,0.43424513936042786,0.8736457339866053,8572,0,0.11861949917117065,8.101022621020151,0.16025533258447813,0.5757505146221352,0.9944273492012213,3.1871987168986418,6.525505868279375,5.736580944460926,5,7,0.0,0.15059914483380368,0
0.864,0.8674,0.8666,1.0005282806669853,1.0015333997241396,0.7403852469261567,1.09041546182104e-31,2.0282483096838156e-11,7.401938425653188e-14,1.0151550389103816e-15,1.8758924515674396e-17,4.25289981534294e-23,1.2095290447693354e-23,2.1733920603069803e-26,7.833894131653006e-31,0.10000371816568221,5,0.12696452525076543,0.054641860100004054,0.3610580357269053,0.31766987427578924,3.745632229077182,0.4196716845035553,0.7641701810035104,8666,0,0.20470120986778584,9.580252747876084,0.15961364571902464,0.7029855458678691,1.2908557467664206,3.6039610319801416,6.857081963714306,7.166439904837549,5,8,0.0,0.14431399997617256,0
0.864,0.8722,0.8675,1.0001733165503202,1.1303335525566,0.6977641486726947,1.6171125546201314e-34,9.727397005768805e-11,1.2375108176934942e-12,1.0151550389103816e-15,1.8758924515674396e-17,4.25289981534294e-23,4.02630145351729e-24,2.545422546635719e-28,5.291430406227465e-29,0.11607713220656013,5,0.12795616709321994,0.05497756680993284,0.35707988172457095,0.33279303376592534,3.745632229077182,0.40944966673851013,0.8174013559628012,8675,0,0.17564415650723275,9.300292747779448,0.16266309168091228,0.6730072106900689,1.2493834977971099,3.5805976687328496,6.6612602226637305,6.45663884693214,5,9,0.0,0.14566462123915694,0
0.8619,0.8561,0.8387,1.0015994645434942,1.2089325839141696,0.6788627163500707,2.932349207341117e-26,4.448278145071684e-12,6.997969875092556e-14,1.7178685147996427e-15,8.749877143359688e-17,2.4744170649234735e-17,1.607830588595766e-19,6.2946195387078625e-22,8.823514796139479e-25,0.11607564396210823,5,0.15446844255773545,0.06643368195234087,0.4323667722042536,0.38922887707329473,3.2855665265187337,0.4375203102827072,0.7134259893952268,8387,0,0.25399323890379844,7.176420818699805,0.1952880647757388,0.8086834799157968,1.4125142307967649,3.8735685683876464,7.103930088706687,5.437178143864485,6,7,0.0,0.16983203411663156,0
0.8619,0.8674,0.8587,1.0009265256742783,1.5056336390299094,0.8220198949650912,1.09041546182104e-31,2.0282483096838156e-11,7.401938425653188e-14,1.7223830024194984e-15,7.030562883039868e-17,3.203475924971399e-18,1.73826451985122e-22,1.5604043912667865e-25,7.833894131653006e-31,0.07455937596013151,5,0.13767585290645032,0.05901466018301329,0.4129689415810829,0.3298596443945816,3.2855665265187337,0.42294685542583466,0.9031679151538026,8587,0,0.0936083106980159,7.176420818699805,0.1740017513612619,0.8048255234559661,1.3940320157463804,3.631728763336058,6.969994702549279,6.26222601215631,6,8,0.0,0.15175528242742492,0
0.8619,0.8722,0.8692,1.0001827965168062,1.4565321884592188,0.6444248739748323,1.6171125546201314e-34,9.727397005768805e-11,7.771730511629339e-12,3.5737465515588685e-12,1.303140661941922e-13,1.3684030546334425e-15,4.02630145351729e-24,2.545422546635719e-28,5.291430406227465e-29,0.12870660236373865,5,0.11010040895136206,0.04825792598543152,0.3055554795854207,0.2556018450166505,3.2855665265187337,0.4127248376607895,0.7300798217959632,8692,0,0.2773378332381591,7.176420818699805,0.13316261255946557,0.6683211964505501,1.5509705684658257,4.783177390318017,8.317237905999646,6.8374950334011135,6,9,0.0,0.13608033385822987,0
0.8561,0.8674,0.8567,1.0001162083218451,1.5170162864919836,0.6907401276195498,1.09041546182104e-31,4.448278145071684e-12,6.997969875092556e-14,1.7178685147996427e-15,7.030562883039868e-17,3.203475924971399e-18,1.73826451985122e-22,1.5604043912667865e-25,7.833894131653006e-31,0.10638343643222348,5,0.13436727361595743,0.05783045463858782,0.3850708770320768,0.33212009555680827,3.4735845867645505,0.43446266651153564,0.7288607324883878,8567,0,0.23917582696671136,8.101022621020151,0.1697678083399169,0.7226912692074476,1.3269737799850627,4.015982278034089,7.736542126945406,6.452280900706653,7,8,0.0,0.15002166615218424,0
0.8561,0.8722,0.8606,1.0002390381139437,1.2255417812530787,0.8049328561234556,1.6171125546201314e-34,4.448278145071684e-12,6.997969875092556e-14,1.7178685147996427e-15,8.749877143359688e-17,2.4744170649234735e-17,4.02630145351729e-24,2.545422546635719e-28,5.291430406227465e-29,0.08120017948013791,5,0.13157004036836967,0.05677731227761599,0.3640429103808772,0.33009648518807816,3.4735845867645505,0.4242406487464905,0.8407989548283087,8606,0,0.12315731314663558,8.101022621020151,0.16537174029940035,0.6470807512530131,1.1082334709801729,2.9962457467082015,5.8087600037384775,5.419199629758623,7,9,0.0,0.14952511618106715,0
0.8674,0.8722,0.8735,1.0001450903942368,1.0617989313707479,0.654591652422632,1.6171125546201314e-34,2.0282483096838156e-11,7.401938425653188e-14,1.7223830024194984e-15,7.030562883039868e-17,3.203475924971399e-18,4.02630145351729e-24,2.545422546635719e-28,7.833894131653006e-31,0.10739452984136533,5,0.12125757120748999,0.05204354005606724,0.32046108184048616,0.3336099422917759,3.511110574092385,0.4096671938896179,0.7486811218413923,8735,0,0.26097932756712117,9.300292747779448,0.15389080459991913,0.6333062131107765,1.324904857429325,3.8773846641769096,7.040789866077155,6.415160947343068,8,9,0.0,0.13642843139752678,0
0.8564,0.8817,0.8566,1.0000148455131366,1.5529905227859275,0.7440313990672766,1.8827187465550848e-23,5.836025709894929e-14,8.905697864495472e-15,4.834967107189291e-15,3.1716956639123086e-15,1.1006086439782188e-15,2.357407521017365e-16,4.2223282985294175e-17,6.84292120876369e-21,0.10130082471488033,8,0.14293882795214444,0.06124166998427747,0.42535811665648526,0.34218984974190536,4.578180809175522,0.39769457280635834,0.8446372507391419,8566,0,0.14261230963669458,4.412859462670146,0.17939517144454634,0.7822658883450756,1.2292107733548396,2.4472506056160364,4.353254461338557,4.228085766404356,0,1,0.0,0.15537596053833694,0
0.8564,0.8649,0.8482,1.00004174781398,1.370468972571019,0.8031601380904285,6.543651053326034e-28,5.2527442754403455e-11,3.116354667409205e-14,5.816597575805387e-15,1.1167600363868956e-15,2.1970688304069652e-16,8.05510865129498e-17,1.8502849556155112e-18,6.84292120876369e-21,0.10490686779967073,8,0.1457257908919943,0.06295268003461715,0.3773718563010191,0.38303599001786504,4.578180809175522,0.4270520508289337,0.7961608128102771,8482,0,0.11903975644010512,4.412859462670146,0.1813406913912899,0.6414949563781395,0.9530043655342672,2.219390588436265,4.385589576856419,4.225239841245986,0,2,0.0,0.16049396623454287,0
0.8564,0.875,0.8492,1.000016532281263,1.467245855354969,0.7518600324947768,1.8827187465550848e-23,5.0974501074935054e-11,5.53406848188624e-13,4.8861226535231894e-15,2.629468181584041e-15,5.32199261816044e-16,1.3927220890495766e-16,2.5291856831511434e-17,6.84292120876369e-21,0.11096731661764558,8,0.14886556304733278,0.06390581445917105,0.42973141819723704,0.3608978308555136,4.578180809175522,0.4055943638086319,0.8015096481765366,8492,0,0.16402840768652793,4.412859462670146,0.1876629197424457,0.7200213139809694,1.009145778110728,2.1168563823912043,4.665773402063548,4.779180526329142,0,3,0.0,0.16066239713419192,0
0.8564,0.8672,0.8361,1.0000113344334534,1.6801715733314802,0.7586408873681549,1.8827187465550848e-23,1.2214970320963034e-11,6.952509537055184e-14,4.430289188453128e-14,2.3286823183310778e-15,4.844953114601131e-16,2.9586198628093006e-18,2.8620410691136168e-18,6.84292120876369e-21,0.12309232145869675,8,0.16721769403221198,0.0711916089171465,0.48101204211965887,0.4278087047657886,4.578180809175522,0.4176730811595917,0.8034790569705108,8361,0,0.1527214743040899,4.412859462670146,0.21542486715695885,0.8254050426384106,1.2111746884879993,2.6311432093540206,4.979628158819676,5.28370333354162,0,4,0.0,0.17313360567492067,0
0.8564,0.8686,0.8591,1.0000485204419047,1.3158110789701998,0.7740727514805607,1.8827187465550848e-23,1.082175521139968e-12,3.5567764648238837e-14,1.7100692413820808e-14,2.0569587002406522e-17,2.85763366681572e-18,1.0291121480180331e-18,5.245414278597046e-19,6.84292120876369e-21,0.11183731571502797,8,0.12257682161322137,0.053690003297097305,0.30237138720473294,0.31278569024678765,4.578180809175522,0.41130968928337097,0.8028201738105777,8591,0,0.1401951828334409,4.412859462670146,0.14881677791780634,0.514785285278085,0.7623268152163301,1.7808495019077717,3.95108001768738,4.254799224979579,0,5,0.0,0.14597087940135717,0
0.8564,0.8466,0.8113,1.0000092696464131,1.2423659639575761,0.7786694665159962,3.4761624831743956e-24,1.2814181576365945e-10,8.523402802416429e-13,4.001167727641753e-13,7.500182971304323e-14,1.3509505541981361e-14,9.954095320441688e-17,1.268343653857306e-17,6.84292120876369e-21,0.08526231287134789,8,0.1971704392136706,0.08342556093126116,0.5212196196576788,0.5676358519532371,4.578180809175522,0.4493371844291687,0.8265819288250915,8113,0,0.12896098921430432,4.412859462670146,0.2602654605936513,0.9328511840534529,1.2977555551277,2.407618671869093,4.305501061207382,3.945067248646771,0,6,0.0,0.19693786253753948,0
0.8564,0.8742,0.8587,1.0000835347914052,1.2129749295166212,0.8072834591791856,1.8827187465550848e-23,1.4709336226813504e-10,3.0897463874034203e-13,1.4128659307310696e-13,3.318069998037352e-14,2.0516319636736572e-15,1.9245067380149708e-17,1.9541860255685703e-18,6.84292120876369e-21,0.08510554046350172,8,0.1293996481408378,0.056178468731893534,0.34526229492584,0.31610324794096534,4.578180809175522,0.41319844126701355,0.8642299798007342,8587,0,0.1126169294794116,4.412859462670146,0.160614141753438,0.5668316641807039,0.8358113618712326,1.9597722180072676,4.020513841558574,4.0714993216820545,0,7,0.0,0.1475602330785886,0
0.8564,0.8712,0.8404,1.0000145546912171,1.2208150504720883,0.8252195363560475,1.8827187465550848e-23,7.569382014498812e-10,4.496853992638798e-11,4.140466275422836e-12,7.557800494248779e-13,8.7855440859182e-14,1.1609328159643294e-14,6.719828334388116e-17,6.84292120876369e-21,0.08412448969634445,8,0.1524928832878759,0.06589773254021788,0.39614876081107325,0.3940255160801731,4.578180809175522,0.40833471715450287,0.869780657189561,8404,0,0.1042462064456432,4.412859462670146,0.18951884996815097,0.6566506536261981,1.052314059878983,2.641913938600506,4.847671143562347,3.7122273019492553,0,8,0.0,0.16753733811961802,0
0.8564,0.8412,0.8158,1.0000133327662464,1.4112139327207518,0.7554322890439008,1.8827187465550848e-23,4.5989588876426757e-10,4.1002309123987946e-11,4.140466275422836e-12,7.557800494248779e-13,8.7855440859182e-14,7.702003628156588e-16,1.4916767376271742e-18,6.84292120876369e-21,0.11016806730820239,8,0.1956774267215347,0.08236440057096028,0.5268926584595163,0.5895895761406745,4.578180809175522,0.4591482877731323,0.8534020052411175,8158,0,0.13417756775738177,4.412859462670146,0.2622542291519383,1.0393697020568948,1.6083012665114285,3.3272155006536153,5.4838908103905615,4.837372772194927,0,9,0.0,0.1942281912344202,0
0.8817,0.8649,0.8737,1.0000226185269019,1.2585601581798884,0.8035005174853626,6.543651053326034e-28,5.836025709894929e-14,8.905697864495472e-15,4.834967107189291e-15,1.1167600363868956e-15,2.1970688304069652e-16,8.05510865129498e-17,1.8502849556155112e-18,2.9863521591679784e-20,0.07569975847487864,8,0.1239176230094934,0.053447535081113814,0.3019007029786313,0.3474864126130494,4.8727384428553435,0.3936481922864914,0.8528509818619643,8737,0,0.12469402877968605,5.426738579304044,0.1537300675795661,0.6257208001298904,0.9634090529275794,2.0540353554321706,4.320092916094512,3.627647796614008,1,2,0.0,0.13970468940904185,0
0.8817,0.875,0.8881,1.0000389577345103,1.224884012816273,0.8210185136411049,1.0566379351322887e-22,5.836025709894929e-14,8.905697864495472e-15,4.834967107189291e-15,2.629468181584041e-15,5.32199261816044e-16,1.3927220890495766e-16,2.5291856831511434e-17,2.9863521591679784e-20,0.09408364522112356,8,0.10164560208514395,0.044506516241629684,0.2523725017062721,0.2590625670060845,4.8727384428553435,0.3721905052661896,0.8844749545827377,8881,0,0.10209400625818454,4.918982358212921,0.12233309587054203,0.4411842227231228,0.6889224327120614,1.8373146211698066,4.086887319426238,3.7275625801953294,1,3,0.0,0.12368734854240092,0
0.8817,0.8672,0.8722,1.0000336814909805,1.5329450494114276,0.7591613946342605,1.0566379351322887e-22,5.836025709894929e-14,8.905697864495472e-15,4.834967107189291e-15,2.3286823183310778e-15,4.844953114601131e-16,2.9586198628093006e-18,2.8620410691136168e-18,2.9863521591679784e-20,0.08307445894074483,8,0.12179864504550487,0.052529194147928615,0.31077044331252307,0.3301161102911815,4.8727384428553435,0.38426922261714935,0.8653367253836798,8722,0,0.12920779286492245,5.256872070567791,0.15300639033171057,0.5498879870451787,0.8103555096668613,2.0993797616925023,4.558629256287217,4.579976791293041,1,4,0.0,0.13790823320833606,0
0.8817,0.8686,0.8714,1.0001756570625673,1.3251089312082653,0.7786611663540263,1.0566379351322887e-22,5.836025709894929e-14,8.905697864495472e-15,4.834967107189291e-15,2.0569587002406522e-17,2.85763366681572e-18,1.0291121480180331e-18,5.245414278597046e-19,2.9863521591679784e-20,0.10047891811518761,8,0.12009269899289772,0.05200072827147585,0.28855247732367445,0.3355300315483156,4.8727384428553435,0.37790583074092865,0.883985711750072,8714,0,0.11359296968191224,5.48070337457451,0.1482902103069925,0.5994977626097774,0.964226326860709,2.3524391459274527,4.393332462839037,4.061613388972217,1,5,0.0,0.1385417413552526,0
0.8817,0.8466,0.8591,1.000022131922017,1.302557679001762,0.7965168239295436,3.4761624831743956e-24,5.836025709894929e-14,8.905697864495472e-15,4.834967107189291e-15,3.1716956639123086e-15,1.1006086439782188e-15,9.954095320441688e-17,1.268343653857306e-17,2.9863521591679784e-20,0.09162807425140962,8,0.13951984351884564,0.05994452224713723,0.33205046100082525,0.4067245624373011,4.8727384428553435,0.4159333258867264,0.8973698887072117,8591,0,0.11017212382197106,4.844522931884219,0.17535113770643185,0.7144803271603619,1.0920337650072498,2.4670470513954728,4.473923952271044,4.002910637411131,1,6,0.0,0.1535822858552719,0
0.8817,0.8742,0.8808,1.00006492516664,1.162058375750509,0.8194011651101486,1.0566379351322887e-22,5.836025709894929e-14,8.905697864495472e-15,4.834967107189291e-15,3.1716956639123086e-15,1.1006086439782188e-15,1.9245067380149708e-17,1.9541860255685703e-18,2.9863521591679784e-20,0.07607519277272656,8,0.11098935086965175,0.0483311860144889,0.27592435659787407,0.29255552054126854,4.8727384428553435,0.37979458272457123,0.9041249505409232,8808,0,0.09366519957056174,5.0054691878578055,0.1353760572067894,0.5028376249841043,0.7688059162992751,1.777848793683018,3.7338768946871164,3.135908038596683,1,7,0.0,0.13181437986907296,0
0.8817,0.8712,0.8774,1.0000299123304786,1.4763429855311523,0.7852922374211682,1.0566379351322887e-22,5.836025709894929e-14,8.905697864495472e-15,4.834967107189291e-15,3.1716956639123086e-15,1.1006086439782188e-15,2.357407521017365e-16,4.2223282985294175e-17,2.9863521591679784e-20,0.08519267190520374,8,0.11230651953013424,0.048803713714106106,0.2634398309192397,0.3165102838600459,4.8727384428553435,0.37493085861206055,0.8855946083451245,8774,0,0.11424360530619504,4.762331170055938,0.13611576576356632,0.6171991325398605,1.2352803149842269,3.0042929030009238,5.0919046741688625,3.772408322124963,1,8,0.0,0.13353257826028483,0
0.8817,0.8412,0.8485,1.0001755837139807,1.1910716738372074,0.8062611875318872,1.9142722225533056e-23,5.836025709894929e-14,8.905697864495472e-15,4.834967107189291e-15,3.1716956639123086e-15,1.1006086439782188e-15,2.357407521017365e-16,1.4916767376271742e-18,2.9863521591679784e-20,0.07827433567729136,8,0.14983660793592385,0.06369197366878906,0.37144542537309433,0.4701816563888635,4.8727384428553435,0.42574442923069,0.903428588604507,8485,0,0.09692509731993093,4.962839242436262,0.1970793001021278,0.8931353669808945,1.4563060592569368,3.0193265959415134,4.8980952802546325,3.8912233138402086,1,9,0.0,0.16054332781162534,0
0.8649,0.875,0.8721,1.0002617215689065,1.3677495374329407,0.7800193520650087,6.543651053326034e-28,5.0974501074935054e-11,3.116354667409205e-14,4.8861226535231894e-15,1.1167600363868956e-15,2.1970688304069652e-16,8.05510865129498e-17,1.8502849556155112e-18,1.0990163296735124e-19,0.10596314940590579,8,0.12046699501978961,0.052249438898806906,0.3311194437658216,0.29177547426201533,4.799486767324931,0.40154798328876495,0.8365993134064655,8721,0,0.1488797149019282,4.918982358212921,0.14770174035434075,0.617066800391056,0.9949288700303363,2.3930921478438503,5.035695377297793,4.933675029166652,2,3,0.0,0.1379337955505107,0
0.8649,0.8672,0.8553,1.0004713242800094,1.4470004145652957,0.7650517384643694,6.543651053326034e-28,1.2214970320963034e-11,3.116354667409205e-14,5.816597575805387e-15,1.1167600363868956e-15,2.1970688304069652e-16,2.9586198628093006e-18,1.8502849556155112e-18,1.0990163296735124e-19,0.09171360896433911,8,0.14565235001054638,0.062412239921656065,0.41060276775779564,0.3728491680033589,4.799486767324931,0.41362670063972473,0.8638171491224296,8553,0,0.14040314893634132,5.256872070567791,0.184159622897872,0.739993809277285,1.1454990710835593,2.384321015245929,4.695208227090165,5.20723136048972,2,4,0.0,0.15745023260083482,0
0.8649,0.8686,0.8647,1.0002715353929248,1.2151789809887854,0.7932490645258339,6.543651053326034e-28,1.082175521139968e-12,3.116354667409205e-14,5.816597575805387e-15,2.0569587002406522e-17,2.85763366681572e-18,1.0291121480180331e-18,5.245414278597046e-19,1.0990163296735124e-19,0.08283330200282968,8,0.12571414423908234,0.05460888978161083,0.31798302840244796,0.3256832924642872,4.799486767324931,0.40726330876350403,0.868706933207539,8647,0,0.11836670868860888,5.426738579304044,0.15501924135365816,0.5435864713014537,0.8203400633825398,2.054968819558425,4.4433619246615095,4.388208358923696,2,5,0.0,0.14487233202770394,0
0.8649,0.8466,0.8459,1.0001036124115195,1.3361197275476333,0.7976247030959075,6.543651053326034e-28,5.2527442754403455e-11,3.116354667409205e-14,5.816597575805387e-15,1.1167600363868956e-15,2.1970688304069652e-16,8.05510865129498e-17,1.8502849556155112e-18,8.160749250187705e-20,0.09740568998058363,8,0.15288584714817666,0.06564646965685315,0.3918837497737527,0.42385589938667245,4.799486767324931,0.44529080390930176,0.8478078817219582,8459,0,0.12533467562488187,4.844522931884219,0.1930072392223346,0.7300520434605534,1.1110321244206804,2.4717447157209973,4.708977161080763,4.006339814990468,2,6,0.0,0.1665103695490278,0
0.8649,0.8742,0.861,1.000328972163206,1.3090318044158373,0.8080132032988793,6.543651053326034e-28,5.2527442754403455e-11,3.116354667409205e-14,5.816597575805387e-15,1.1167600363868956e-15,2.1970688304069652e-16,1.9245067380149708e-17,1.8502849556155112e-18,1.0990163296735124e-19,0.0917286641515912,8,0.1395584602699903,0.06006157377104791,0.3810070911262883,0.3542662942425427,4.799486767324931,0.4091520607471466,0.8481442105125105,8610,0,0.12024767005955395,5.0054691878578055,0.1740354112414243,0.6462936341098448,0.9631363014396797,2.1071568886369807,4.515477229869366,4.133856298072714,2,7,0.0,0.15343614515603063,0
0.8649,0.8712,0.868,1.0003267891557968,1.5693116384576107,0.7919839870914874,6.543651053326034e-28,5.2527442754403455e-11,3.116354667409205e-14,5.816597575805387e-15,1.1167600363868956e-15,2.1970688304069652e-16,8.05510865129498e-17,1.8502849556155112e-18,1.0990163296735124e-19,0.09259678648051228,8,0.12011052281712421,0.05211549147296282,0.31199141914982903,0.3130421126398646,4.799486767324931,0.4042883366346359,0.841831583094646,8680,0,0.13045331411198413,4.762331170055938,0.14718481788033955,0.5707679816580321,1.0954775646549368,3.1086857332231035,5.5461151233532116,4.7621277564375255,2,8,0.0,0.14077541828551585,0
0.8649,0.8412,0.826,1.0001482519084914,1.3914074202012647,0.7773148899120162,6.543651053326034e-28,5.2527442754403455e-11,3.116354667409205e-14,5.816597575805387e-15,1.1167600363868956e-15,2.1970688304069652e-16,8.05510865129498e-17,1.4916767376271742e-18,1.0990163296735124e-19,0.09292438201288755,8,0.19027305500294586,0.07953350394445463,0.533842830592037,0.5945443898053858,4.799486767324931,0.4551019072532654,0.8422755495533782,8260,0,0.13445390070832164,4.962839242436262,0.25588999526666484,1.1165851078589148,1.8513377366863963,3.9006899275221834,5.986294881862402,4.369576643366924,2,9,0.0,0.1868459233744113,0
0.875,0.8672,0.8674,1.0013414118951258,1.702511592376119,0.7703513903173307,1.6477031193897535e-22,1.2214970320963034e-11,6.952509537055184e-14,4.8861226535231894e-15,2.3286823183310778e-15,4.844953114601131e-16,2.9586198628093006e-18,2.8620410691136168e-18,8.069924863728429e-19,0.11410335400564786,8,0.12778226620595984,0.05521769490333661,0.3281425866449008,0.3366601349698201,4.847711046757441,0.3921690136194229,0.8273780528324185,8674,0,0.1505358248633405,4.918982358212921,0.16017336822265196,0.5458598196025375,0.8257708471146372,2.2797602259731105,4.921700893743709,5.466190800649266,3,4,0.0,0.1437367423060417,0
0.875,0.8686,0.865,1.0004346686721828,1.4453116528966157,0.7841505518304659,1.6477031193897535e-22,1.082175521139968e-12,3.5567764648238837e-14,4.8861226535231894e-15,2.0569587002406522e-17,2.85763366681572e-18,1.0291121480180331e-18,5.245414278597046e-19,2.360031278037983e-19,0.13132144771076715,8,0.1286381921647209,0.05577897224791817,0.3088406839378091,0.353007654405924,4.847711046757441,0.3858056217432022,0.8589127735377571,8650,0,0.12947173081405605,4.918982358212921,0.15862458457475173,0.6122725496476346,0.9458002372074108,2.1483490002254024,4.1314689600061625,4.421401912548224,3,5,0.0,0.14657214623642753,0
0.875,0.8466,0.8572,1.000045127527822,1.1066597194828813,0.8200233233513488,3.4761624831743956e-24,5.0974501074935054e-11,5.53406848188624e-13,4.8861226535231894e-15,2.629468181584041e-15,5.32199261816044e-16,9.954095320441688e-17,1.268343653857306e-17,8.160749250187705e-20,0.09458848553101784,8,0.13744354807956602,0.05929309425618239,0.32079340570870907,0.398591490771621,4.847711046757441,0.42383311688899994,0.8954953858546022,8572,0,0.10605477920607953,4.844522931884219,0.1731806832363738,0.6796056286584424,0.9724952839192598,1.9624343479897732,3.995448547255248,4.134074242371762,3,6,0.0,0.15366472744640097,0
0.875,0.8742,0.8695,1.0003167841524192,1.1162315738301725,0.8251177192266569,1.6477031193897535e-22,5.0974501074935054e-11,3.0897463874034203e-13,4.8861226535231894e-15,2.629468181584041e-15,5.32199261816044e-16,1.9245067380149708e-17,1.9541860255685703e-18,7.686699693065457e-19,0.08807316676919719,8,0.12718089003909588,0.05509345743750196,0.3232569403380418,0.33104806644573637,4.847711046757441,0.3876943737268448,0.8810190145932602,8695,0,0.10469846255743143,4.918982358212921,0.1574373298880246,0.5410613700893254,0.7988600565723979,1.8384548076902996,3.8638676283476876,3.7339067244639605,3,7,0.0,0.1443591984325211,0
0.875,0.8712,0.8809,1.0007399706362448,1.5427890999692428,0.7781090569049433,1.6477031193897535e-22,5.0974501074935054e-11,5.53406848188624e-13,4.8861226535231894e-15,2.629468181584041e-15,5.32199261816044e-16,1.3927220890495766e-16,2.5291856831511434e-17,3.379662062424027e-18,0.11193719532312563,8,0.10636153743587963,0.046586058207029254,0.25118178044702044,0.2846629478745654,4.847711046757441,0.3828306496143341,0.8375651958200716,8809,0,0.1337806534970094,4.762331170055938,0.12749856287327627,0.5215848305885488,0.9085381262647072,2.492601412021892,4.66871147780912,4.080462750323371,3,8,0.0,0.12977560036158328,0
0.875,0.8412,0.8451,1.0008336982477768,1.17431780941959,0.8074917980738701,1.9142722225533056e-23,5.0974501074935054e-11,5.53406848188624e-13,4.8861226535231894e-15,2.629468181584041e-15,5.32199261816044e-16,1.3927220890495766e-16,1.4916767376271742e-18,2.696289238152481e-19,0.08672882458381792,8,0.16185974678612142,0.06860376857006192,0.40083644603579616,0.5019552448718009,4.847711046757441,0.43364422023296356,0.8807895307539338,8451,0,0.1087002955968348,4.918982358212921,0.2125541423271081,0.9045385359854369,1.3828139893196443,2.7610644576184034,4.515401281438955,3.7836726635328244,3,9,0.0,0.16930231516541236,0
0.8672,0.8686,0.8584,1.0000245874713263,1.4987122469890704,0.8141607159435315,6.799281614266902e-22,1.082175521139968e-12,3.5567764648238837e-14,1.7100692413820808e-14,2.0569587002406522e-17,2.85763366681572e-18,1.0291121480180331e-18,5.245414278597046e-19,2.360031278037983e-19,0.09127213663301226,8,0.13493691192116888,0.05815370813640952,0.3355084974543108,0.37575998175043934,5.198513227457006,0.397884339094162,0.9108001431577956,8584,0,0.09303521653816693,5.256872070567791,0.16902403998730717,0.6648128171179682,1.0317766649328186,2.358732857033451,4.633404240973666,4.990861836355375,4,5,0.0,0.150767369496127,0
0.8672,0.8466,0.8487,1.000066140624534,1.6948033397793967,0.7686732262345198,3.4761624831743956e-24,1.2214970320963034e-11,6.952509537055184e-14,4.430289188453128e-14,2.3286823183310778e-15,4.844953114601131e-16,2.9586198628093006e-18,2.8620410691136168e-18,8.160749250187705e-20,0.09713602899482887,8,0.14322781805203424,0.061932433260979386,0.3453909228875176,0.3987655261315943,5.198513227457006,0.4359118342399597,0.8483018303913126,8487,0,0.14758007873801393,4.844522931884219,0.1804230562506933,0.682387629956869,1.0400754633146643,2.493133650100244,4.883399840154499,4.9889989151755065,4,6,0.0,0.16061252822439478,0
0.8672,0.8742,0.8706,1.0000319252601673,1.7245969287789806,0.8031219614747125,1.0492478498131537e-21,1.2214970320963034e-11,6.952509537055184e-14,4.430289188453128e-14,2.3286823183310778e-15,4.844953114601131e-16,2.9586198628093006e-18,1.9541860255685703e-18,7.686699693065457e-19,0.1000874679544328,8,0.11972973150496778,0.05201085276559647,0.30824335108850626,0.30852043085541303,5.198513227457006,0.39977309107780457,0.8657571904810173,8706,0,0.12107125232829596,5.0054691878578055,0.14766492361789996,0.5219740866578957,0.8232405906385418,2.242762579393727,4.828960227711987,5.191068176346909,4,7,0.0,0.1395580627324231,0
0.8672,0.8712,0.8622,1.0008211831030722,1.7786293480387185,0.7628659626148369,1.0492478498131537e-21,1.2214970320963034e-11,6.952509537055184e-14,4.430289188453128e-14,2.3286823183310778e-15,4.844953114601131e-16,2.9586198628093006e-18,2.8620410691136168e-18,8.069924863728429e-19,0.08919195801103796,8,0.12678734228012223,0.05513778746744233,0.3126210450375073,0.33672889231268954,5.198513227457006,0.3949093669652939,0.8861354538092383,8622,0,0.12328743544136045,4.762331170055938,0.15534322162403852,0.604827028153423,1.1159931885318322,3.198743020341585,5.842005872474983,5.133271697710808,4,8,0.0,0.14749088769904356,0
0.8672,0.8412,0.8535,1.0000229527135847,1.4394107350536807,0.7908035539141451,1.9142722225533056e-23,1.2214970320963034e-11,6.952509537055184e-14,4.430289188453128e-14,2.3286823183310778e-15,4.844953114601131e-16,2.9586198628093006e-18,1.4916767376271742e-18,2.696289238152481e-19,0.08831063144381057,8,0.13559521497325736,0.058407583489949545,0.32773826248004045,0.40127530946996204,5.198513227457006,0.44572293758392334,0.850740060673274,8535,0,0.13107494956646193,4.962839242436262,0.17243868713194593,0.7804097414185955,1.3717948158260995,3.1360398245498398,5.27077778403759,4.8814826303963486,4,9,0.0,0.15408480868247315,0
0.8686,0.8466,0.8357,1.0000783649476694,1.4217034800981032,0.7682636875392371,3.4761624831743956e-24,1.082175521139968e-12,3.5567764648238837e-14,1.7100692413820808e-14,2.0569587002406522e-17,2.85763366681572e-18,1.0291121480180331e-18,5.245414278597046e-19,8.160749250187705e-20,0.12115045140480629,8,0.16672570653969015,0.07124204040291539,0.4312157668322856,0.4621665356838344,4.854794052629675,0.429548442363739,0.8709741623737777,8357,0,0.13524583673976265,4.844522931884219,0.21400646105879578,0.7863266897675385,1.1821714765197184,2.4258422094348853,4.47776509500834,4.226130423764769,5,6,0.0,0.17654741462853102,0
0.8686,0.8742,0.8702,1.0004669768531673,1.296727633670539,0.8207733198476548,6.799281614266902e-22,1.082175521139968e-12,3.5567764648238837e-14,1.7100692413820808e-14,2.0569587002406522e-17,2.85763366681572e-18,1.0291121480180331e-18,5.245414278597046e-19,2.360031278037983e-19,0.1150766577181257,8,0.11918767676445423,0.05195766204286208,0.3167859419334077,0.28629663640482306,4.854794052629675,0.39340969920158386,0.8800049131878029,8702,0,0.10569985233350998,5.0054691878578055,0.14575286620069516,0.5339847861526147,0.8033699028753098,1.860731498454883,3.878737538189441,3.9168589731839956,5,7,0.0,0.14002492680943945,0
0.8686,0.8712,0.8627,1.0009051350458693,1.3709393441606321,0.7782740919078825,6.799281614266902e-22,1.082175521139968e-12,3.5567764648238837e-14,1.7100692413820808e-14,2.0569587002406522e-17,2.85763366681572e-18,1.0291121480180331e-18,5.245414278597046e-19,2.360031278037983e-19,0.10047369311238841,8,0.12474231503151405,0.05419793995175039,0.32003019067016675,0.32491539458730834,4.854794052629675,0.3885459750890732,0.8858687373062345,8627,0,0.11541977181891272,4.762331170055938,0.15257157278752803,0.5743446111916357,0.9632259262468964,2.5521959404160306,4.647987527680397,3.867197662353792,5,8,0.0,0.14611420787021923,0
0.8686,0.8412,0.8339,1.0003858789563762,1.3699320856338366,0.7802889198187064,1.9142722225533056e-23,1.082175521139968e-12,3.5567764648238837e-14,1.7100692413820808e-14,2.0569587002406522e-17,2.85763366681572e-18,1.0291121480180331e-18,5.245414278597046e-19,2.360031278037983e-19,0.11513695588733597,8,0.17268875792843327,0.07272055461024264,0.4603601574513594,0.5361520441229266,4.854794052629675,0.43935954570770264,0.8694481419651714,8339,0,0.12334685814790802,4.962839242436262,0.22908838149099678,1.0308655848166728,1.65103826026317,3.2613958438299533,5.175135423037783,4.31540530804089,5,9,0.0,0.1767702922422824,0
0.8466,0.8742,0.8379,1.0002384150180976,1.094612668687698,0.8267536788202671,3.4761624831743956e-24,1.2814181576365945e-10,3.0897463874034203e-13,1.4128659307310696e-13,3.318069998037352e-14,2.0516319636736572e-15,1.9245067380149708e-17,1.9541860255685703e-18,8.160749250187705e-20,0.08216742212273598,8,0.16455041972002807,0.07050846163274817,0.4724404376630606,0.40087543068278064,4.926035461583371,0.4314371943473816,0.8952240194439383,8379,0,0.10497482887325393,4.844522931884219,0.21115521802610993,0.7947674286781515,1.146323639813082,2.2666742952690364,4.079718249291298,3.5376908864910512,6,7,0.0,0.17536084104124122,0
0.8466,0.8712,0.8532,1.0000414532097166,1.414439597971448,0.7847907715980723,3.4761624831743956e-24,1.2814181576365945e-10,8.523402802416429e-13,4.001167727641753e-13,7.500182971304323e-14,1.3509505541981361e-14,9.954095320441688e-17,1.268343653857306e-17,8.160749250187705e-20,0.0945842717912242,8,0.14414456128599726,0.06203721155505738,0.39837700506871226,0.3621015754105706,4.926035461583371,0.4265734702348709,0.8678828314585423,8532,0,0.11332565236084813,4.762331170055938,0.1807538286972003,0.6618997818744274,0.9462580178991359,2.494183613698774,4.894562262432277,4.305110281726197,6,8,0.0,0.16089460309319825,0
0.8466,0.8412,0.8277,1.0002836360023477,1.226987594961845,0.8098626293308387,3.4761624831743956e-24,1.2814181576365945e-10,8.523402802416429e-13,4.001167727641753e-13,7.500182971304323e-14,1.3509505541981361e-14,9.954095320441688e-17,1.4916767376271742e-18,8.160749250187705e-20,0.08575728937811,8,0.1703524587255784,0.07290980908053406,0.45013860871133554,0.4654477352758233,4.926035461583371,0.47738704085350037,0.8955573082679676,8277,0,0.10490116646234515,4.844522931884219,0.2191897726776685,0.7728801462985548,1.1401480501836947,2.4273524262403936,4.510074352349527,4.021994233522621,6,9,0.0,0.1824303136844456,0
0.8742,0.8712,0.8629,1.0008492843994634,1.211907152359949,0.810800514300903,4.722214574938362e-20,1.4709336226813504e-10,3.0897463874034203e-13,1.4128659307310696e-13,3.318069998037352e-14,2.0516319636736572e-15,1.9245067380149708e-17,1.9541860255685703e-18,7.686699693065457e-19,0.08668255334025299,8,0.13426895942920636,0.05807601736266988,0.32610980123391947,0.3770929705455055,4.634122375203966,0.39043472707271576,0.892572403065117,8629,0,0.10471175342335182,4.762331170055938,0.16646123111380992,0.6668977679392051,1.0782638501950177,2.5205629582570763,4.625652008077968,3.41051344048531,7,8,0.0,0.15248270332282737,0
0.8742,0.8412,0.8471,1.000267844320229,1.1188648414947158,0.8313061114749162,1.9142722225533056e-23,1.4709336226813504e-10,3.0897463874034203e-13,1.4128659307310696e-13,3.318069998037352e-14,2.0516319636736572e-15,1.9245067380149708e-17,1.4916767376271742e-18,2.696289238152481e-19,0.0793393015027739,8,0.15339135255515315,0.0652930993758011,0.38398768730813115,0.4644109357429547,4.634122375203966,0.4412482976913452,0.9022617267269755,8471,0,0.09234158329447317,4.962839242436262,0.2006942876776085,0.8272554714900312,1.266814155489241,2.65039471764307,4.535468000711314,3.5781925547139517,7,9,0.0,0.16442443905014226,0
0.8712,0.8412,0.8418,1.0006884426827243,1.33699371807912,0.775842476628541,1.9142722225533056e-23,4.5989588876426757e-10,4.1002309123987946e-11,9.48731598749491e-12,3.137021941312512e-12,5.809175067631916e-13,7.702003628156588e-16,1.4916767376271742e-18,2.696289238152481e-19,0.0933812076599898,8,0.1561656475764074,0.06685245265089075,0.39666284162374166,0.43634783619356565,4.707773826218341,0.43638457357883453,0.8823266828827374,8418,0,0.11791334789469365,4.762331170055938,0.20016247616216798,0.7181812444636675,1.044290818893208,2.639216571329853,5.098206589616463,3.725291807975856,8,9,0.0,0.16931344486203498,0
